"path","git_status","classification","size_bytes","sha256"
".editorconfig","  ","HISTORICAL_TRACKED_BASELINE","275","fe39e0ad06edea8e256e44f1fc4f319a8acfa785a7470af5cf6b9ed12dc34406"
".env.example","  ","HISTORICAL_TRACKED_BASELINE","1084","f2732dcc668cb99275208a2d5c1e47cdec451af356bf34c30af611b9188ff4ae"
".env.postgresql.example","A ","EXPECTED_TEST_CONFIGURATION","126","ba53803d71d6cf5746aeca89c60bfc1db28f8944cd2291a785ac7ed187b08ec1"
".gitattributes","  ","HISTORICAL_TRACKED_BASELINE","186","a40eb27ee0b545ca5b5542daaf99fec51f84f23b3766a6353864ef2a115bc51c"
".gitignore","  ","HISTORICAL_TRACKED_BASELINE","341","3ee1060a695b64e763d8a438ac1fe87494ff00d92680c3f63ca56bc103ed4142"
".npmrc","  ","HISTORICAL_TRACKED_BASELINE","31","e968d1d336604e9986ea31306a4d9e1442f4312fca262f444384baf928d6560e"
"app/Adapters/.gitkeep","  ","HISTORICAL_TRACKED_BASELINE","1","01ba4719c80b6fe911b091a7c05124b64eeece964e09c058ef8f9805daca546b"
"app/Application/AccountStatusEventConsumption/AccountStatusConsumedFact.php","A ","HISTORICAL_TRACKED_BASELINE","668","242277f4ce16899900633fdc05ce97cdd5e25ab499c9ed67aa9846b46a020139"
"app/Application/AccountStatusEventConsumption/AccountStatusConsumptionDiagnostic.php","A ","HISTORICAL_TRACKED_BASELINE","280","9fbff1ea7b5296efec50ac7a58d9978ea9aa2c74a5bdac9b9cf52f4d3a423f82"
"app/Application/AccountStatusEventConsumption/AccountStatusConsumptionResult.php","A ","HISTORICAL_TRACKED_BASELINE","689","d25a20a685a0575fe78ec059e4531d5e6103020e6f98397472934d49659f141f"
"app/Application/AccountStatusEventConsumption/AccountStatusConsumptionStatus.php","A ","HISTORICAL_TRACKED_BASELINE","177","d51e9739ae71661b616ae26ae177e5a4bbeb7f35b092b1baaad5e962164f25f9"
"app/Application/AccountStatusEventConsumption/AccountStatusDeliveryConsumer.php","A ","HISTORICAL_TRACKED_BASELINE","4683","d449937a1841c9ff083f6b068be2b2949959a78cdc9c8edc7982ca5b4a5e56a5"
"app/Application/AccountStatusEventIntegration/AccountStatusAtomicEventIntegrationFailure.php","A ","HISTORICAL_TRACKED_BASELINE","171","0a1461333da5c4db2ea9e0c109cbbb6cb90e7c2b85dde9efedc3b51064533485"
"app/Application/AccountStatusEventIntegration/AccountStatusAtomicEventOrchestrator.php","A ","HISTORICAL_TRACKED_BASELINE","6124","3aab5fd8a4f5c7fc7a5ee6a32c61105df05c90b53fd9372ee19c76a5a6da5a4c"
"app/Application/AccountStatusEventIntegration/AccountStatusAtomicEventRequest.php","A ","HISTORICAL_TRACKED_BASELINE","375","cccc89f43415f326fd8173a0ad40ac3698edccd93d004c165e4f0b725383114b"
"app/Application/AccountStatusEventIntegration/Contract/AccountStatusAtomicTransaction.php","A ","HISTORICAL_TRACKED_BASELINE","200","3b34fc8f4403dba66d5916ea0d6f68960ee3cf11d8631ea83a90e1332f907694"
"app/Application/AccountStatusEventRouting/AccountStatusEventRouter.php","A ","HISTORICAL_TRACKED_BASELINE","273","7bbd181003f96f2223d1a6d3d814792626f454cb420459728cc7ced042e1b022"
"app/Application/AccountStatusEventRouting/AccountStatusRoutingDestination.php","A ","HISTORICAL_TRACKED_BASELINE","186","44f8eb169cd0e2264391f6d7ad71dc7dc60e7a09eb3d6b2684cee3909552ac0d"
"app/Application/AccountStatusEventRouting/AccountStatusRoutingDiagnostic.php","A ","HISTORICAL_TRACKED_BASELINE","211","b533634b3b2edb82c21c688e7d2080f7dda3e638dcd1304f35fb220f771e4aef"
"app/Application/AccountStatusEventRouting/AccountStatusRoutingResult.php","A ","HISTORICAL_TRACKED_BASELINE","959","d85ff026d8ac6480873d9a2bbb94938c6ee373f6b01bf95c4bab2f438d06ca28"
"app/Application/AccountStatusEventRouting/AccountStatusRoutingStatus.php","A ","HISTORICAL_TRACKED_BASELINE","165","4e65df04b8efb300d40f05fa64a0a1861bf8252b0660031b134f9feca8b11334"
"app/Application/AccountStatusEventRouting/DeterministicAccountStatusEventRouter.php","A ","HISTORICAL_TRACKED_BASELINE","1875","ecd4de695fb0fe378c496461bffa06655bf7c385db4f98ceb101932bcf8e6df1"
"app/Application/AccountStatusEventTransport/AccountStatusDeliveryMessage.php","A ","HISTORICAL_TRACKED_BASELINE","1380","c23232ce5e622218df48ebf47b3ef8bed43bb4a857dd37b5dd016a6512e3b5bc"
"app/Application/AccountStatusEventTransport/AccountStatusDeliveryMetadata.php","A ","HISTORICAL_TRACKED_BASELINE","1056","e2a16b5d59e26d0fd56f20f5b91813691ed61180f1e01640ab33f2752638d95f"
"app/Application/AccountStatusEventTransport/AccountStatusDeliveryPayload.php","A ","HISTORICAL_TRACKED_BASELINE","5849","c1c9d42d614775d236d0335972405ab05ecf54aa7a80f39f84f29c677678258d"
"app/Application/AccountStatusEventTransport/AccountStatusEventTransportException.php","A ","HISTORICAL_TRACKED_BASELINE","179","576635a6f58f1a6d18ca6b040da3771f7d4b7e0496cd0b61420d3bed446c8660"
"app/Application/AccountStatusEventTransport/AccountStatusMessageId.php","A ","HISTORICAL_TRACKED_BASELINE","487","4fc86ee28a4658a15256866138ade0ac4cfdb80b6608f0f69d2601142de36c03"
"app/Application/AccountStatusEventTransport/AccountStatusTransportChecksum.php","A ","HISTORICAL_TRACKED_BASELINE","330","cb1c59905ec56a3baa97b96bf4fb9ab1f468636dd9896caf735dc6ce957cdfa0"
"app/Application/AccountStatusEventTransport/AccountStatusTransportSerializer.php","A ","HISTORICAL_TRACKED_BASELINE","2584","c7e242a209461e4a1af417582c989c8d9288777b6814774a5637231f3acb0f5f"
"app/Application/AccountStatusEventTransport/AccountStatusTransportVersion.php","A ","HISTORICAL_TRACKED_BASELINE","124","67e832149f283c1b253cae1e102cedd1fe32cee50c6338961939b37c9f69e7d2"
"app/Application/ActiveGenerationReader/ActiveGenerationReadResult.php","A ","HISTORICAL_TRACKED_BASELINE","748","e0179280eed7160c56dae05cec213835d770d138e9ff548757ca457b0f54cbd5"
"app/Application/ActiveGenerationReader/ActiveGenerationReadStatus.php","A ","HISTORICAL_TRACKED_BASELINE","192","5c66b2fb84c9361a6218456d14e60d40360bcb6d6a76de576a11776f0aa32e7c"
"app/Application/ActiveGenerationReader/Contract/ActiveGenerationReader.php","A ","HISTORICAL_TRACKED_BASELINE","232","fa64e672b9013017bac8096ff24aedaab02420f9902b989742fb2df45d41a7f1"
"app/Application/AdministrativeActionLifecycleEventConsumption/AdministrativeActionLifecycleDeliveryConsumer.php","A ","HISTORICAL_TRACKED_BASELINE","2411","f5b1374493458751841ad753b7936b702f63b50188e46cc4b1470b352141eec4"
"app/Application/AdministrativeActionLifecycleEventConsumption/AdministrativeActionLifecycleDeliveryConsumptionPolicy.php","A ","HISTORICAL_TRACKED_BASELINE","2006","c4785e8df9d0592bff16805dc20f676253b5207ce8c15e5e36ce97645628e9ae"
"app/Application/AdministrativeActionLifecycleEventIntegration/AdministrativeActionLifecycleAtomicEventOrchestrator.php","A ","HISTORICAL_TRACKED_BASELINE","7978","fcc5282ccaf0aa2b3046ccd539210db17c906c0cce14b0e247cac6e6ee31809d"
"app/Application/AdministrativeActionLifecycleEventIntegration/AdministrativeActionLifecycleAtomicEventRequest.php","A ","HISTORICAL_TRACKED_BASELINE","1331","68d4522773025151cf70221bdbd604f67dd6f4c14bd25b81ca255cd8d715290d"
"app/Application/AdministrativeActionLifecycleEventIntegration/AdministrativeActionLifecycleEventIntegrationFailure.php","A ","HISTORICAL_TRACKED_BASELINE","197","8079140edcac9aa6ebe1747c6d8d49e023f65a2fb4531fd762b8884421e0cedf"
"app/Application/AdministrativeActionLifecycleEventIntegration/Contract/AdministrativeActionLifecycleAtomicTransaction.php","A ","HISTORICAL_TRACKED_BASELINE","217","a7ca1c3de37a8285b243c28042017a05e04842057748c5b4e4fe0f9fc3ebc631"
"app/Application/AdministrativeActionLifecycleEventRouting/AdministrativeActionLifecycleInboxStore.php","A ","HISTORICAL_TRACKED_BASELINE","376","812d42313e6655a8e81c3c2a0a3c0fa4198b32dcbbd5a5e86068509fee7ffaed"
"app/Application/AdministrativeActionLifecycleEventRouting/AdministrativeActionLifecycleInboxStoreResult.php","A ","HISTORICAL_TRACKED_BASELINE","245","9a3dbbb266eca9bd7bc0666c1ddd0da8dde6c8c603ec767332d430003a83111d"
"app/Application/AdministrativeActionLifecycleEventRouting/AdministrativeActionLifecycleInboxStoreStatus.php","A ","HISTORICAL_TRACKED_BASELINE","330","d11019f093360609f418178198c14b2f8227221ffdea342a9934c51c44b2e05d"
"app/Application/AdministrativeActionLifecycleEventRouting/DurableAdministrativeActionLifecycleEventRouter.php","A ","HISTORICAL_TRACKED_BASELINE","3130","f31ac9c0e7ef9b9413fa11a4b6a0bb0ef6d0afd3bfb7870665f14e130980397b"
"app/Application/AdministrativeActionLifecycleEventTransport/AdministrativeActionLifecycleDeliveryMetadata.php","A ","HISTORICAL_TRACKED_BASELINE","892","ac3190e5945dd75243a0b0da4ab556583942fb083e7623bd98efdf07cfe994e9"
"app/Application/AdministrativeActionLifecycleEventTransport/AdministrativeActionLifecycleDeliveryPayload.php","A ","HISTORICAL_TRACKED_BASELINE","7663","c285db2b5d3d0f9df138f378dd401b94b21ecd47fb7f32bf325bb43d4d50051b"
"app/Application/AdministrativeActionLifecycleEventTransport/AdministrativeActionLifecycleEventRouter.php","A ","HISTORICAL_TRACKED_BASELINE","268","4ca6233e060aae7c2dc3bd97db330916604fcbf836b728a2267853d1e9658f5e"
"app/Application/AdministrativeActionLifecycleEventTransport/AdministrativeActionLifecycleEventRoutingDiagnostic.php","A ","HISTORICAL_TRACKED_BASELINE","336","42b39fdd8cafab167abf682a04158f384c710b6662000ca12bd95f0a8fa19bf2"
"app/Application/AdministrativeActionLifecycleEventTransport/AdministrativeActionLifecycleEventRoutingResult.php","A ","HISTORICAL_TRACKED_BASELINE","1733","3769ec84b3fe5e7667414874cd968283d6223efdb777695542162606ac36d3f9"
"app/Application/AdministrativeActionLifecycleEventTransport/AdministrativeActionLifecycleEventRoutingStatus.php","A ","HISTORICAL_TRACKED_BASELINE","285","a13e0eee59ebf0738bb36ebf7f063fc2685e9b8aae2a409f64b540f091d3d192"
"app/Application/AdministrativeActionLifecycleEventTransport/AdministrativeActionLifecycleEventTransportException.php","A ","HISTORICAL_TRACKED_BASELINE","195","5f1dd01d8cfc94b4ea0b681fe1a6021e0f74d20c19e180407feda997900db17f"
"app/Application/AdministrativeActionLifecycleEventTransport/AdministrativeActionLifecycleTransportEnvelope.php","A ","HISTORICAL_TRACKED_BASELINE","1467","b2065e67524a7957e694b4eb464076b677efaf1022d3bccf775a2a1dddb47a16"
"app/Application/AdministrativeActionLifecycleEventTransport/AdministrativeActionLifecycleTransportSerializer.php","A ","HISTORICAL_TRACKED_BASELINE","650","7b58b51b3db36fcf4e84f597484b613e29cd20763afa750cad88515757e09dc2"
"app/Application/Contract/PublicListingQuery.php","A ","HISTORICAL_TRACKED_BASELINE","441","dfa229bbc089709f88f1c15a6a5a1ab4fc5dedad526582b3eb208904ba9825eb"
"app/Application/DecisionTimeSource/Contract/DecisionTimeReader.php","A ","HISTORICAL_TRACKED_BASELINE","238","4405f1eaea09e1f295bd22418d5b947099a82ba5406de883bd950b1e66ed08c2"
"app/Application/DecisionTimeSource/DecisionTimeReadResult.php","A ","HISTORICAL_TRACKED_BASELINE","782","2a5290cac61db514cd77842feacf8b5d43cbd6311c34e5af07aa92f5c9e0aa58"
"app/Application/DecisionTimeSource/DecisionTimeReadStatus.php","A ","HISTORICAL_TRACKED_BASELINE","184","b52a3d7b75189f0567eb989c9bbdec45a99aac6cdda82018542fa938091f35f8"
"app/Application/IdentityAccessEventDelivery/IdentityAccessConsumedFact.php","A ","HISTORICAL_TRACKED_BASELINE","509","16a4bb4d1f1abb6ac9aa05088b59551c5d883a4506a21daabee8d275db9c21b2"
"app/Application/IdentityAccessEventDelivery/IdentityAccessDeliveryConsumer.php","A ","HISTORICAL_TRACKED_BASELINE","2537","6b3c2796d56a1dd944c5603a94276f5dae81b6a5013f1fbdb2f516aeffe345fc"
"app/Application/IdentityAccessEventDelivery/IdentityAccessDeliveryOutcome.php","A ","HISTORICAL_TRACKED_BASELINE","334","4e564cac7e6c1e7d946ee190ae76bc84eade6a196b83923a405a19965369c8d3"
"app/Application/IdentityAccessEventDelivery/IdentityAccessReplayRetryPolicy.php","A ","HISTORICAL_TRACKED_BASELINE","784","09ce82fffa4de2beb3ef9af043956f9a7884d845d95f8b38c26116128bb7c6db"
"app/Application/IdentityAccessEventDelivery/IdentityAccessRetryDecision.php","A ","HISTORICAL_TRACKED_BASELINE","202","4fd8a7cfa115c7881d4d12ca3e9bea6d5f09c1a81147a7a785048dcbb2191ce9"
"app/Application/IdentityAccessEventIntegration/IdentityAccessAtomicEventOrchestrator.php","A ","HISTORICAL_TRACKED_BASELINE","4655","2b0946e6e5dcb6e67bf6de4dce8351b725391240125d9a0bfe97207f5958674d"
"app/Application/IdentityAccessEventIntegration/IdentityAccessAtomicEventRequest.php","A ","HISTORICAL_TRACKED_BASELINE","1066","619899e940e2d76995eca128802731bdbc04717e726ff68857e4ce0cd284533d"
"app/Application/IdentityAccessEventOutbox/Contract/IdentityAccessOutboxReader.php","A ","HISTORICAL_TRACKED_BASELINE","648","d8f63f1245afd486fe81552126cb2541d0cfc5085c082ba427b126d73384a7b3"
"app/Application/IdentityAccessEventOutbox/Contract/IdentityAccessOutboxWriter.php","A ","HISTORICAL_TRACKED_BASELINE","549","cf670312ec17e4b38ae53784b8280b765bed4f9754b781b7aa9ad95c744d15e6"
"app/Application/IdentityAccessEventOutbox/IdentityAccessOutboxDelivery.php","A ","HISTORICAL_TRACKED_BASELINE","504","34a470448e523aa9ad1ef4b138c94cbdf9084ed9867e59ad573e2d445f981df9"
"app/Application/IdentityAccessEventOutbox/IdentityAccessOutboxWriteResult.php","A ","HISTORICAL_TRACKED_BASELINE","234","dc72a180b6e3e30a1cb975b41a4d5c909f1cdccac918d2815004bb42041b363e"
"app/Application/IdentityAccessEventRouting/DeterministicIdentityAccessEventRouter.php","A ","HISTORICAL_TRACKED_BASELINE","2113","70327b7aed96508c90750fbb7c05346f703bae0b8836d69581118f30151231da"
"app/Application/IdentityAccessEventRouting/IdentityAccessRoutingDestination.php","A ","HISTORICAL_TRACKED_BASELINE","439","bf6bc11e80f598d3c4efe466e1e88126d1230ed9641ef3dcd4fdb4ef3834cb10"
"app/Application/IdentityAccessEventRouting/IdentityAccessRoutingResult.php","A ","HISTORICAL_TRACKED_BASELINE","895","ebb31357024b3aa8b6688b163586c90103c6024bba3602f58442dafe74d4324c"
"app/Application/IdentityAccessEventTransport/IdentityAccessDeliveryMessageV1.php","A ","HISTORICAL_TRACKED_BASELINE","1307","2e9f708bd1d94d9f7dfb347666227d19e806e15928c8b5dae693e8a49c3a6552"
"app/Application/IdentityAccessEventTransport/IdentityAccessEventTransportException.php","A ","HISTORICAL_TRACKED_BASELINE","181","a1d45a2195d8fa81e6c4e71ffa7145955347f856870923d015e1a0f2dda1d983"
"app/Application/IdentityAccessEventTransport/IdentityAccessEventTransportSerializer.php","A ","HISTORICAL_TRACKED_BASELINE","3011","59656a8414258ef81b926296f4dbb479df3353cdf18d9eac259543781296ddcd"
"app/Application/IdentityAccessHttp/Contract/IdentityAccessHttpRuntime.php","A ","HISTORICAL_TRACKED_BASELINE","530","cc1e85c35cfc6bd302bfbc3106ef1f9ce799bd5aadd6073fe16110e5e4e21c07"
"app/Application/IdentityAccessHttp/FailClosedIdentityAccessHttpRuntime.php","A ","HISTORICAL_TRACKED_BASELINE","607","c59929c9b02db30ecce4d9e1580e6b9f207616da17aaf8a57a648a2a28e8c25c"
"app/Application/IdentityAccessHttp/IdentityAccessHttpCommand.php","A ","HISTORICAL_TRACKED_BASELINE","509","cb74ffd1b7be57ccd404eb1bc844a1aeb4ba6ea187f4e13b1a1cf4429ac16faa"
"app/Application/IdentityAccessHttp/IdentityAccessHttpOperation.php","A ","HISTORICAL_TRACKED_BASELINE","645","f3b5d295ad4f42190e8007dd94d2161999fc5f71f18d20f5ff0bb121cdc0fe9f"
"app/Application/IdentityAccessHttp/IdentityAccessHttpResult.php","A ","HISTORICAL_TRACKED_BASELINE","399","20a295bec2bcf480d3b45e4ebf194b537a070e11931720acaaad88595f8c6342"
"app/Application/IdentityAccessHttp/IdentityAccessHttpStatus.php","A ","HISTORICAL_TRACKED_BASELINE","311","7f3e799dc84865c1a4866c6ecd45a6b09e0a317d330aefb627b895b0f4d47157"
"app/Application/IdentityAccessHttp/IdentityAccessSessionInspection.php","A ","HISTORICAL_TRACKED_BASELINE","496","f966096489c8b8b9985303e4d0dca0ce8e9579d466c124feb20b33e4cfc6aa4b"
"app/Application/LeadLifecycleEventConsumption/LeadLifecycleDeliveryConsumer.php","A ","HISTORICAL_TRACKED_BASELINE","2180","2b66d47b5465cf7f6d554f83c3be8f0d7b229c8a14239c8674cbd40894f2466e"
"app/Application/LeadLifecycleEventConsumption/LeadLifecycleDeliveryConsumptionPolicy.php","A ","HISTORICAL_TRACKED_BASELINE","1718","9fe9591639907aef44c6d400109ce18608c7ffea6ded2a7e735ef6f1f2ef9c4a"
"app/Application/LeadLifecycleEventIntegration/Contract/LeadLifecycleAtomicTransaction.php","A ","HISTORICAL_TRACKED_BASELINE","185","06ef5c4b5243c0ae458766dde11c5853fea06b40bfed082401409c3e384944a1"
"app/Application/LeadLifecycleEventIntegration/LeadLifecycleAtomicEventOrchestrator.php","A ","HISTORICAL_TRACKED_BASELINE","6448","b68ae4a5b6f69aa55e62280e0cc7530246128ae9ae24e95868aff7055859fc4a"
"app/Application/LeadLifecycleEventIntegration/LeadLifecycleAtomicEventRequest.php","A ","HISTORICAL_TRACKED_BASELINE","1602","90d7fab84d24b3550402adb2d270c198cb7774e0e29701431f9bbbb279e8b08c"
"app/Application/LeadLifecycleEventIntegration/LeadLifecycleEventIntegrationFailure.php","A ","HISTORICAL_TRACKED_BASELINE","165","5f93c99b6f3b4ab280096cdb001f50aeaaff4da78da94ca00dd8b230ceaa5ec2"
"app/Application/LeadLifecycleEventRouting/DurableLeadLifecycleEventRouter.php","A ","HISTORICAL_TRACKED_BASELINE","2613","e4532266e2e84686a6b3207d602e8a74d4b7ff635c6f138a40ee95b93003bd10"
"app/Application/LeadLifecycleEventRouting/LeadLifecycleInboxStore.php","A ","HISTORICAL_TRACKED_BASELINE","280","45d2352a19846e2dc97de50840376563bdb5802cf00828194966ec14a329ca1c"
"app/Application/LeadLifecycleEventRouting/LeadLifecycleInboxStoreResult.php","A ","HISTORICAL_TRACKED_BASELINE","197","77a9d5eadbaa31419c3afba1363995ec09f5847ab63299e36d0039f13fef354d"
"app/Application/LeadLifecycleEventRouting/LeadLifecycleInboxStoreStatus.php","A ","HISTORICAL_TRACKED_BASELINE","298","0fbdf4db47cdc116d2c26f2877c5e0bb9285c95d3daa5e50de934b08196f6377"
"app/Application/LeadLifecycleEventTransport/LeadLifecycleDeliveryMetadata.php","A ","HISTORICAL_TRACKED_BASELINE","1142","1807c23e40287f29caf66655892ce3986e3a202fed3a1ae505520331b1217f57"
"app/Application/LeadLifecycleEventTransport/LeadLifecycleDeliveryPayload.php","A ","HISTORICAL_TRACKED_BASELINE","6567","4c4c3d0876b8a98dd8dc144c99d101b5dc99ab537d75d91bfa59ad01498e5baa"
"app/Application/LeadLifecycleEventTransport/LeadLifecycleEventRouter.php","A ","HISTORICAL_TRACKED_BASELINE","204","3477e2a6b18c209ea158e5bdba82d57235ce688c09210d64cf6145a795cfcd5c"
"app/Application/LeadLifecycleEventTransport/LeadLifecycleEventRoutingDiagnostic.php","A ","HISTORICAL_TRACKED_BASELINE","304","9de69daa45d9491ed81728a6a8a518ce8469e0d2b34f13ee81bbba74eae0a86a"
"app/Application/LeadLifecycleEventTransport/LeadLifecycleEventRoutingResult.php","A ","HISTORICAL_TRACKED_BASELINE","1374","9aa380f4abbd8d32861a48e6001869f31b9cc1f42f25d373eab7bce3be3e2868"
"app/Application/LeadLifecycleEventTransport/LeadLifecycleEventRoutingStatus.php","A ","HISTORICAL_TRACKED_BASELINE","253","92b35e1c4b028582a5c133914955388d7acd5e7a6351f6432874d30071fdc060"
"app/Application/LeadLifecycleEventTransport/LeadLifecycleEventTransportException.php","A ","HISTORICAL_TRACKED_BASELINE","179","234493d9ac33c2ec0239366e310b776e4fb0526c3399e3c6827e9025732db49a"
"app/Application/LeadLifecycleEventTransport/LeadLifecycleTransportEnvelope.php","A ","HISTORICAL_TRACKED_BASELINE","1304","513ab5125626f0dba4be1d52223faf3b94303c11b0be1a405c9a8b77cfa69703"
"app/Application/LeadLifecycleEventTransport/LeadLifecycleTransportSerializer.php","A ","HISTORICAL_TRACKED_BASELINE","602","4b88ec7fe3877c10dbe87352e384db251c6311ee6e1acb98ae360345f2f4b27a"
"app/Application/ListingPublicationEventConsumer/ListingPublicationEventDeliveryConsumer.php","A ","HISTORICAL_TRACKED_BASELINE","3017","864eb69f10c8310ce1311dde4239d4431d12dacc36c5fd8944851fff8e1db4ee"
"app/Application/ListingPublicationEventIntegration/AtomicListingPublicationEventOrchestrator.php","A ","HISTORICAL_TRACKED_BASELINE","5028","eb2101d12cd48494014f127b7013d82411178409416406040e547a233da1d9ca"
"app/Application/ListingPublicationEventIntegration/Contract/ListingPublicationAtomicTransaction.php","A ","HISTORICAL_TRACKED_BASELINE","195","a072c9993be0bb85337b20a00853205d33ae4b204fe0269582c807ca5212b4ae"
"app/Application/ListingPublicationEventIntegration/Contract/ListingPublicationEventOrchestrator.php","A ","HISTORICAL_TRACKED_BASELINE","462","45561a71f409c580491fa6f72fe751ed758a9ebd23a1a878cb8d4dbe319783cd"
"app/Application/ListingPublicationEventIntegration/ListingPublicationEventIntegrationFailure.php","A ","HISTORICAL_TRACKED_BASELINE","175","b15a82f297d59eb198ceb190f4b63a2d2ea4aab3a3cc374f44bc498b786bacb7"
"app/Application/ListingPublicationEventIntegration/ListingPublicationEventOrchestrationRequest.php","A ","HISTORICAL_TRACKED_BASELINE","522","b6c0e842484dce64d48db6d323149ec1268c1de95c7266a921c62e1eff547d0a"
"app/Application/ListingPublicationEventRouting/Contract/ListingPublicationEventDestination.php","A ","HISTORICAL_TRACKED_BASELINE","421","96b4fd2d357e6e730caec4ff70e2d817c66904418b193ae8372dce0c91e092de"
"app/Application/ListingPublicationEventRouting/DurableListingPublicationEventRouter.php","A ","HISTORICAL_TRACKED_BASELINE","1660","a576597361531958c478e1902e2ef87bc24e9da03cc6af04ede24461870597cd"
"app/Application/ListingPublicationEventRouting/ListingPublicationEventDestinationResult.php","A ","HISTORICAL_TRACKED_BASELINE","224","91c1d13e558b5fd070366926e3f6b37763ac98153a61edca6d362a44f611be02"
"app/Application/ListingPublicationEventRouting/ListingPublicationEventDestinationStatus.php","A ","HISTORICAL_TRACKED_BASELINE","314","f4eaeb2aa30f916171e3fc3ae8d54b2ab461fef875d0916f64c77541b374d92b"
"app/Application/ListingPublicationEventTransport/Contract/ListingPublicationEventRouter.php","A ","HISTORICAL_TRACKED_BASELINE","409","57493322b999a6be550ee556af430a5c075273f096036fd41ed94fb6f4abc14d"
"app/Application/ListingPublicationEventTransport/ListingPublicationDeliveryPayload.php","A ","HISTORICAL_TRACKED_BASELINE","5536","180f8e2f8016129b492a1fdde84d391aa84dd0eb7c728c9f7215818ac6f5ab9e"
"app/Application/ListingPublicationEventTransport/ListingPublicationEventRoutingDiagnosticCode.php","A ","HISTORICAL_TRACKED_BASELINE","318","1ff13202f9946bb25c94165142f2f677f83216e5292215c8a6219d5c205030ad"
"app/Application/ListingPublicationEventTransport/ListingPublicationEventRoutingResult.php","A ","HISTORICAL_TRACKED_BASELINE","1194","166ee8c79e23cd049cb9388a6eba5c72b2b55608f3fbb3bd62e71db9b9115cb3"
"app/Application/ListingPublicationEventTransport/ListingPublicationEventRoutingStatus.php","A ","HISTORICAL_TRACKED_BASELINE","263","f1e7ef6067fe3e464035e0ef2bb4cfbce7a1b7af30e247d1ef3b6cfadd2790ca"
"app/Application/ListingPublicationEventTransport/ListingPublicationEventTransportException.php","A ","HISTORICAL_TRACKED_BASELINE","189","430ab2f4246bf84d4132521c0edb1fe16ff218bac80c5146a54acd985c52cb84"
"app/Application/MediaIngestionEventDelivery/MediaIngestionConsumedFact.php","A ","HISTORICAL_TRACKED_BASELINE","500","6530db2dfb7c1a67d9b36a73b58fab0aa2c6d0956b538b1ec9c92c522b730935"
"app/Application/MediaIngestionEventDelivery/MediaIngestionDeliveryConsumer.php","A ","HISTORICAL_TRACKED_BASELINE","1920","52362cbf734335ac8af50179ed567ad4d143c7e9ded687e418b3e0ea0e7ca797"
"app/Application/MediaIngestionEventDelivery/MediaIngestionDeliveryObservation.php","A ","HISTORICAL_TRACKED_BASELINE","547","e79098ece71275bd6bd0b88186b8a2fdcc7411b8fc0aa972aa443ad8696cba4e"
"app/Application/MediaIngestionEventDelivery/MediaIngestionDeliveryOutcome.php","A ","HISTORICAL_TRACKED_BASELINE","330","f7415be3a0b12f39f0f496d782fe013e8cc3729fc9aaf6c78088622eb3174400"
"app/Application/MediaIngestionEventDelivery/MediaIngestionReplayRetryPolicy.php","A ","HISTORICAL_TRACKED_BASELINE","784","47ef434758748198dcfb85b646e8e8a3ebc519ea100273f685fdabe289e62f28"
"app/Application/MediaIngestionEventDelivery/MediaIngestionRetryDecision.php","A ","HISTORICAL_TRACKED_BASELINE","202","e1622047c03dcfc803381b79af5171dded9f30e7d168ae2a7f2a95c6a7282aad"
"app/Application/MediaIngestionEventIntegration/MediaIngestionAtomicDelivery.php","A ","HISTORICAL_TRACKED_BASELINE","2347","40aacdf67668888c596428a4a4e7325489afa74e085f7d4db78e63c6fe118f23"
"app/Application/MediaIngestionEventIntegration/MediaIngestionAtomicDeliveryRejected.php","A ","HISTORICAL_TRACKED_BASELINE","166","00043f9692fde4d29f5136d6ff1205275364743379b4b90e758d24d5febb8ae6"
"app/Application/MediaIngestionEventIntegration/MediaIngestionAtomicDeliveryResult.php","A ","HISTORICAL_TRACKED_BASELINE","225","1b208a5b0c7bfa46581ede6af49aaed53e710a0c3fc2c609244fd74eaf75815d"
"app/Application/MediaIngestionEventOutbox/Contract/MediaIngestionOutboxReader.php","A ","HISTORICAL_TRACKED_BASELINE","679","e1e0885b61bbaccc845d210b8de4a6f692a0720fd63ae1ac7dbb68c5d6e1ba33"
"app/Application/MediaIngestionEventOutbox/Contract/MediaIngestionOutboxWriter.php","A ","HISTORICAL_TRACKED_BASELINE","572","daa83471cd1a10539cbbb6d9ea68a58188a1d40550c0cface887e00698881fd3"
"app/Application/MediaIngestionEventOutbox/MediaIngestionOutboxDelivery.php","A ","HISTORICAL_TRACKED_BASELINE","504","50c400e7277992899492b0831ffcb8fecd1e8422438857de751bb0853ec16310"
"app/Application/MediaIngestionEventOutbox/MediaIngestionOutboxWriteResult.php","A ","HISTORICAL_TRACKED_BASELINE","234","c4ab023c37f95aaf685b3d02b19b2ad11fc5aecf0cd25770f15ab0ac02130833"
"app/Application/MediaIngestionEventRouting/DeterministicMediaIngestionEventRouter.php","A ","HISTORICAL_TRACKED_BASELINE","1735","fe5d2f8260172583a787fed5262bfb25529737fce150f2489bb4a2ce34d5a816"
"app/Application/MediaIngestionEventRouting/MediaIngestionRoutingDestination.php","A ","HISTORICAL_TRACKED_BASELINE","291","7ec690405f6ef8658b319812c010273f095c0d5dd0316a2408ee9d091237da0a"
"app/Application/MediaIngestionEventRouting/MediaIngestionRoutingResult.php","A ","HISTORICAL_TRACKED_BASELINE","841","b10fdf718b6df1adde28ada7edc5f4df75d2028318041a577126b3cd9425028b"
"app/Application/MediaIngestionEventTransport/MediaIngestionDeliveryMessageV1.php","A ","HISTORICAL_TRACKED_BASELINE","1310","e289ee281fa810ef2e94c1a5486d92fa37aebfa5c4883f98135b4be6e6bde6f1"
"app/Application/MediaIngestionEventTransport/MediaIngestionEventTransportException.php","A ","HISTORICAL_TRACKED_BASELINE","165","a958533368c5184b9c7305707ac4f61da9069523c83a724aa27558eede0a1f21"
"app/Application/MediaIngestionEventTransport/MediaIngestionEventTransportSerializer.php","A ","HISTORICAL_TRACKED_BASELINE","2957","5afa8bb9f9d2eb6fba6d680f329312f460d55ea470e78f78f8d659d6be1511b8"
"app/Application/MediaIngestionRuntime/Contract/MediaIngestionRuntimeAvailabilityPolicy.php","A ","HISTORICAL_TRACKED_BASELINE","180","92903604cefa674b3545a4773015a09e50d5d08e6ba943f90dfa3da0c93da704"
"app/Application/MediaIngestionRuntime/Contract/MediaIngestionRuntimeReport.php","A ","HISTORICAL_TRACKED_BASELINE","322","980a6f164974fb86791fc11ca67bba43978b686669fe464816d40ddd8c662421"
"app/Application/MediaIngestionRuntime/Contract/MediaIngestionRuntimeV1.php","A ","HISTORICAL_TRACKED_BASELINE","707","645974557def8027551b4421b36c1110331c4052176d422603de19a6bac60916"
"app/Application/MediaIngestionRuntime/DeterministicMediaIngestionRuntimeAvailabilityPolicy.php","A ","HISTORICAL_TRACKED_BASELINE","921","cd11318aa9b819eb67eb80d9605ba8cf89808330f63e7489324d930cfe97a284"
"app/Application/MediaIngestionRuntime/DeterministicMediaIngestionRuntimeV1.php","A ","HISTORICAL_TRACKED_BASELINE","1515","0e5c8799024e9a4eb7796d18adbddc5841137f037ed941a1c5a8ea82adf09d33"
"app/Application/MediaIngestionRuntime/MediaIngestionRuntimeStatus.php","A ","HISTORICAL_TRACKED_BASELINE","284","32c71ed03b4b732bd7fa20ca2c37aca43dedb48c5fd1f96dec498476dd07f01e"
"app/Application/MediaItemLifecycleEventConsumption/MediaItemLifecycleDeliveryConsumer.php","A ","HISTORICAL_TRACKED_BASELINE","2219","f5c01ad5ba1d72588c98a81d74ce1f412c81bdc067dd2b240dd0fe7fce3358ca"
"app/Application/MediaItemLifecycleEventConsumption/MediaItemLifecycleDeliveryConsumptionPolicy.php","A ","HISTORICAL_TRACKED_BASELINE","1819","39db8c33204b2b4cf5dec74ab01714b215b481214353948f62f1456e7911e0fa"
"app/Application/MediaItemLifecycleEventIntegration/Contract/MediaItemLifecycleAtomicTransaction.php","A ","HISTORICAL_TRACKED_BASELINE","195","403686c1af6668de4179f270b86140c4ce7a97500210d0ca859dc1983524c17c"
"app/Application/MediaItemLifecycleEventIntegration/MediaItemLifecycleAtomicEventOrchestrator.php","A ","HISTORICAL_TRACKED_BASELINE","6420","eeab1977ec9847ff7fa0a8546d9d63bb75f7f325fc3791385815c25f463fbbfe"
"app/Application/MediaItemLifecycleEventIntegration/MediaItemLifecycleAtomicEventRequest.php","A ","HISTORICAL_TRACKED_BASELINE","1051","41d81a8bcad0e3ac338c5c1195bf11728fc24a3fa7ec9d3d1ff48b782438f71e"
"app/Application/MediaItemLifecycleEventIntegration/MediaItemLifecycleEventIntegrationFailure.php","A ","HISTORICAL_TRACKED_BASELINE","175","b94b67a09b5fcbb694cffccd72d4e85cc80028a3eed08c99fec84a6b7361e6f4"
"app/Application/MediaItemLifecycleEventRouting/DurableMediaItemLifecycleEventRouter.php","A ","HISTORICAL_TRACKED_BASELINE","2798","6ecd369d695eaa23a479ff8aefe214e6e30ad65a61fc4ae3dc0d12b07af92ea8"
"app/Application/MediaItemLifecycleEventRouting/MediaItemLifecycleInboxStore.php","A ","HISTORICAL_TRACKED_BASELINE","310","0520f07195c555104f5ac6fba9416f9a5ccdd6d11a9d90b30e33701ad1bdd0a2"
"app/Application/MediaItemLifecycleEventRouting/MediaItemLifecycleInboxStoreResult.php","A ","HISTORICAL_TRACKED_BASELINE","212","26a17b2b12858ad050b27321df1244ebc6b7b8a0983348e7bb01553c3dba629a"
"app/Application/MediaItemLifecycleEventRouting/MediaItemLifecycleInboxStoreStatus.php","A ","HISTORICAL_TRACKED_BASELINE","308","72036d9d01fb335a7acac41ea4efb8deabb8d78a3a1b0d0290d6eac461370d52"
"app/Application/MediaItemLifecycleEventTransport/MediaItemLifecycleDeliveryMetadata.php","A ","HISTORICAL_TRACKED_BASELINE","1075","5615f2eb2401186478b5458421a871fb0064c0d33377e5709a4bf40a8107e902"
"app/Application/MediaItemLifecycleEventTransport/MediaItemLifecycleDeliveryPayload.php","A ","HISTORICAL_TRACKED_BASELINE","6775","082a646fa6c819c970b5351d323e073ba2eb6956d6e9a3a0e072e7692a610daf"
"app/Application/MediaItemLifecycleEventTransport/MediaItemLifecycleEventRouter.php","A ","HISTORICAL_TRACKED_BASELINE","224","9e06e2b95e475bc9c061a9ad2f17f29bdf254b7ebea4a5cf50a226eaa71b808d"
"app/Application/MediaItemLifecycleEventTransport/MediaItemLifecycleEventRoutingDiagnostic.php","A ","HISTORICAL_TRACKED_BASELINE","314","c417d3064a432cc03ef561b4af6711868bd670380782291c08e985a4e4491592"
"app/Application/MediaItemLifecycleEventTransport/MediaItemLifecycleEventRoutingResult.php","A ","HISTORICAL_TRACKED_BASELINE","1451","0ee5aa25477149f3ec00b5320ed75082b35d94ead06e9a1463c5bc011c5f9ec1"
"app/Application/MediaItemLifecycleEventTransport/MediaItemLifecycleEventRoutingStatus.php","A ","HISTORICAL_TRACKED_BASELINE","263","8dea920991a203f4727e0478f7d8046f8b57f47c49beaa15ff07dd0e393c777d"
"app/Application/MediaItemLifecycleEventTransport/MediaItemLifecycleEventTransportException.php","A ","HISTORICAL_TRACKED_BASELINE","173","eb4fa1fe9882f60a346853ff476966db290c676fc113637155220c150e750aa3"
"app/Application/MediaItemLifecycleEventTransport/MediaItemLifecycleTransportEnvelope.php","A ","HISTORICAL_TRACKED_BASELINE","1357","8af6ef14b36fca7d89fb9884ac91b5a80f9079ab94e04fbfb652598f80661878"
"app/Application/MediaItemLifecycleEventTransport/MediaItemLifecycleTransportSerializer.php","A ","HISTORICAL_TRACKED_BASELINE","617","836ffff6b17db27e9951a3b363802e30cac3d78a344e082b7522d4aa4460240f"
"app/Application/ModerationAtomicOperation/Contract/ModerationAtomicOperationV1.php","A ","EXPECTED_PHASE_5_3_ARTIFACT","323","02640beae1666d3b781f77d0bd948d8ece1eebe0d576b9c8af98b91b221b17bf"
"app/Application/ModerationAtomicOperation/Contract/ModerationOutboxAppenderV1.php","A ","EXPECTED_PHASE_5_3_ARTIFACT","358","b6d3ec2714144037580a8e44802d7a3e4c86af8a73ca2d440109651eb6dff9f3"
"app/Application/ModerationAtomicOperation/ModerationAtomicDecision.php","A ","EXPECTED_PHASE_5_3_ARTIFACT","163","1425ac04862ae24c4dda70ec361221bd8a37a6652be2d9a80808f5d53ba8ab3c"
"app/Application/ModerationAtomicOperation/ModerationAtomicMutation.php","A ","EXPECTED_PHASE_5_3_ARTIFACT","1538","f63700ab4c8dd85b946f2e7db7fdcdb3b31da1b3d38e27f51545615a76b0054c"
"app/Application/ModerationAtomicOperation/ModerationAtomicWorkResult.php","A ","EXPECTED_PHASE_5_3_ARTIFACT","505","fed6e42f6dc5e98c6a143f6d91b7f2e88e68dabe922d2111bd8747b2ab6765b6"
"app/Application/ModerationAtomicOperation/ModerationOutboxAppendResult.php","A ","EXPECTED_PHASE_5_3_ARTIFACT","259","90c92786fddc58fbbcccfddb3aff600202a30f183d9bbd286627979bcb404f9f"
"app/Application/ModerationEventDelivery/Contract/ModerationDeliveryStore.php","A ","EXPECTED_PHASE_5_3_ARTIFACT","677","63bdc5cbc715f9bf709145ac1a9e689e2b002dc02b553c3367f533f7fa95f755"
"app/Application/ModerationEventDelivery/ModerationDeliveryResult.php","A ","EXPECTED_PHASE_5_3_ARTIFACT","331","8cd93d1f536d629567b2849bad3a29832f8696bcaa88fdb30e8dbf0882c6cb84"
"app/Application/ModerationEventDelivery/ModerationDeliveryService.php","A ","EXPECTED_PHASE_5_3_ARTIFACT","1231","3e069ab5551ca4be7d8fed4f0ca9489ffe1209a707092366b70fedafaf756c11"
"app/Application/ModerationEventOutbox/Contract/ModerationOutboxReaderV1.php","A ","EXPECTED_PHASE_5_3_ARTIFACT","1196","d0c9742a97057fbebf630eb830bd75f4aa6a7d56015e97c60daa746d7af746b2"
"app/Application/ModerationEventOutbox/ModerationOutboxDelivery.php","A ","EXPECTED_PHASE_5_3_ARTIFACT","472","d92a6e9d46dd7e24dd9f7596cfaf4266d77ea20a6b8f124a63d2895d2ed3ff20"
"app/Application/ModerationEventRouting/DeterministicModerationEventRouter.php","A ","EXPECTED_PHASE_5_3_ARTIFACT","1334","76aeda72d269e5402680a3b03f6410bf9ae2eb5c13454a19277d4499fb195f8a"
"app/Application/ModerationEventRouting/ModerationOperationalAuditDestinationMatrix.php","A ","EXPECTED_PHASE_5_3_ARTIFACT","1577","74bc9aebcd71e7f04ae6ec0830e714a85ec2e92d82ec399f8b551377fab195d9"
"app/Application/ModerationEventRouting/ModerationRoutingDestination.php","A ","EXPECTED_PHASE_5_3_ARTIFACT","320","5969009adb3ca12987ce52ec412d74af9503de5170707697533bd44c3b3cd02f"
"app/Application/ModerationEventTransport/ModerationDeliveryMessageV1.php","A ","EXPECTED_PHASE_5_3_ARTIFACT","778","b89e4c7a4c81f13e7805bb7beb604126065ce6a6c4e0b8014eab28b81246ad97"
"app/Application/ModerationEventTransport/ModerationEventTransportSerializer.php","A ","EXPECTED_PHASE_5_3_ARTIFACT","865","5f4bec60172c2a8b04cbf927969404ea005f78bb5c8e76826aa21f04871c74af"
"app/Application/ModerationHttp/Contract/ModerationHttpRuntimeV1.php","A ","EXPECTED_PHASE_5_3_ARTIFACT","468","ed464479a31408811b1e9ddef5c67557051ebf8002d7b8f5e91cd685088b4ef2"
"app/Application/ModerationHttp/DeterministicModerationHttpRuntimeV1.php","A ","EXPECTED_PHASE_5_3_ARTIFACT","12169","e00c0e5cb93592f989d07100b5053050682b8cdb3acb481538fc9bf204dd9ac6"
"app/Application/ModerationHttp/ModerationHttpOperation.php","A ","EXPECTED_PHASE_5_3_ARTIFACT","724","c525f9a12c2ec17d4d6d43b421eda40b99f9c55abe0b83898b10b20b4b2a958f"
"app/Application/ModerationHttp/ModerationHttpResult.php","A ","EXPECTED_PHASE_5_3_ARTIFACT","261","33af72922d19ca0500f598d87c571aa13a837f48cf5a833b9cd9deab13863a86"
"app/Application/ModerationHttp/ModerationHttpStatus.php","A ","EXPECTED_PHASE_5_3_ARTIFACT","319","4717999a34fa8c5fffa445ae7e3cff120911126b2e1f6198cb111b16306fb6cc"
"app/Application/ModerationHttpReadBoundaries/OwnerReadModerationCaseV1.php","A ","EXPECTED_PHASE_5_3_ARTIFACT","3253","a0d7aae42fdb4f920fd9cb2df2fec993f09344a849c1023cb9ba71d9100b5a28"
"app/Application/ModerationHttpReadBoundaries/OwnerReadModerationDecisionV1.php","A ","EXPECTED_PHASE_5_3_ARTIFACT","3473","bbd720d297b32b688d972461be8924f9ab12656d2a5c62aa8a95f3ddd09452a7"
"app/Application/ModerationHttpReadBoundaries/OwnerReadModerationQueueV1.php","A ","EXPECTED_PHASE_5_3_ARTIFACT","3057","121b445edef963450399b40a736314fb31ad121e099f900d62f6a328c10027cc"
"app/Application/ModerationHttpReadBoundaries/OwnerReadOwnModerationReportV1.php","A ","EXPECTED_PHASE_5_3_ARTIFACT","2393","793c977b25b4ac479e4cd855cd3a020da97735fc6b444aee2c5e59bcf40bcd7b"
"app/Application/ModerationListingHandoff/Contract/ModerationListingHandoffResultStore.php","A ","EXPECTED_PHASE_5_3_ARTIFACT","352","036157ec081a2d556d44f28a29c6f40f2fad91e584b7a45bea389e408d5c0815"
"app/Application/ModerationListingHandoff/ModerationListingHandoffConsumer.php","A ","EXPECTED_PHASE_5_3_ARTIFACT","12519","2db7ac48c454ae42de1be65c0769f5ff5e5f173e0547d11d00af15b7075141e6"
"app/Application/ModerationListingHandoff/ModerationListingHandoffRecord.php","A ","EXPECTED_PHASE_5_3_ARTIFACT","450","f713ba47a354ffc41b4ebe946ab75437d8d4a254f9a355714367325e59f1f1e7"
"app/Application/ModerationListingHandoff/ModerationListingHandoffStatus.php","A ","EXPECTED_PHASE_5_3_ARTIFACT","497","8a10130a2fc751a180f951d2d0f5bbf6e47105fac369df535b4673a4def6a274"
"app/Application/ModerationListingHandoff/ModerationListingHandoffTerminalIntegrator.php","A ","EXPECTED_PHASE_5_3_ARTIFACT","3888","3d32b0a58b1acc8672a2a488e0da69cb1a5b7ca78521dd8f7603d205a6a24111"
"app/Application/ModerationOperationalAudit/Contract/ModerationOperationalAuditDeliveryReaderV1.php","A ","EXPECTED_PHASE_5_3_ARTIFACT","765","c3cefa4424966a9d69144327f51763db8fc7d6e58fcae8a38abc4c720e6ec9dd"
"app/Application/ModerationOperationalAudit/CorruptedOperationalAuditDelivery.php","A ","EXPECTED_PHASE_5_3_ARTIFACT","159","2b386b8805a49632aa0219dc11f8f4e9404498ae04a208dae2a03b8fb39002c3"
"app/Application/ModerationOperationalAudit/ModerationOperationalAuditConsumer.php","A ","EXPECTED_PHASE_5_3_ARTIFACT","4819","abe29a41b7d5889be431c0d10fd6ad7bb7d47f230c05fd8499bedf7b80b27e4a"
"app/Application/ModerationOperationalAudit/ModerationOperationalAuditDelivery.php","A ","EXPECTED_PHASE_5_3_ARTIFACT","401","018b563fd3443f56a6784b8a3ec45c7c0a61413f9aba1fe9ba1f7cbfd5add81e"
"app/Application/ModerationOperationalAudit/ModerationOperationalAuditRecordFactory.php","A ","EXPECTED_PHASE_5_3_ARTIFACT","3483","a369e6adb9dbfcf443c8f3d608d71f46b5955ecce375972787431a229802590f"
"app/Application/ModerationOperationalAudit/ModerationOperationalAuditStatus.php","A ","EXPECTED_PHASE_5_3_ARTIFACT","329","420fe1253426fdc86a73bd4dad5333a8838166426074bfbbb709ee77c8b34d60"
"app/Application/ModerationOperationalAuditEventProduction/Contract/ModerationOperationalAuditOutboxAppenderV1.php","A ","EXPECTED_PHASE_5_3_ARTIFACT","450","03f80a0ee242581abaddf7061c73efa66634c02c7c642cfcad8212d8a1da3eb2"
"app/Application/ModerationOperationalAuditEventProduction/ModerationOperationalAuditOutboxMessageV1.php","A ","EXPECTED_PHASE_5_3_ARTIFACT","3709","146c9bb7926ded36134305f0c56913b4ffd2c516f6e314120bf6c8d4d713ad2d"
"app/Application/ModerationOperationalAuditEventProduction/OperationalAuditModerationCaseOrchestratorV1.php","A ","EXPECTED_PHASE_5_3_ARTIFACT","10808","d0975b8f1f86b0fdf7b810db550f290428fd9ae165ddcf71b6000188b57894eb"
"app/Application/ModerationOrchestration/CanonicalModerationCommand.php","A ","EXPECTED_PHASE_5_3_ARTIFACT","1339","ba6ac08f42105cd665b6ced2931e855c1c0b5c640e51b0da447b007848a948a1"
"app/Application/ModerationOrchestration/Contract/ClaimModerationQueueItemV1.php","A ","EXPECTED_PHASE_5_3_ARTIFACT","428","50622cf6e8ff3e710fb95484d49eb4abf898ebaf88a6e41e3a50a678cd868596"
"app/Application/ModerationOrchestration/Contract/CloseModerationCaseV1.php","A ","EXPECTED_PHASE_5_3_ARTIFACT","409","3628037a27fa266738b45067e9b8f807f693f30553edca29e95e21b7eedcabda"
"app/Application/ModerationOrchestration/Contract/IssueModerationDecisionV1.php","A ","EXPECTED_PHASE_5_3_ARTIFACT","592","087259dbcc548ded722788bd003774146015cc2321df7c8b8d936d08276c2a25"
"app/Application/ModerationOrchestration/Contract/ModerationCaseOrchestratorV1.php","A ","EXPECTED_PHASE_5_3_ARTIFACT","661","fe1f2be63628af0cafb2a9fbc62ecfbf4efd96a806ebe7f8f7e96dbcb3732bbd"
"app/Application/ModerationOrchestration/Contract/ModerationCommandResult.php","A ","EXPECTED_PHASE_5_3_ARTIFACT","283","1efae4d8525f0773e847c69d7590d2e498f839c635c57e523c3146e65636aff6"
"app/Application/ModerationOrchestration/Contract/ModerationCommandStatus.php","A ","EXPECTED_PHASE_5_3_ARTIFACT","906","7e849ae8a2e66af0b7f163bc474cfdbcd6316ad9199bd6260edee4d5cfb135e7"
"app/Application/ModerationOrchestration/Contract/RecordModerationFindingV1.php","A ","EXPECTED_PHASE_5_3_ARTIFACT","611","3e6b995515cac331c009074e260edcfa4a98ff08eca0d8da027929e848a69a00"
"app/Application/ModerationOrchestration/Contract/SubmitModerationReportV1.php","A ","EXPECTED_PHASE_5_3_ARTIFACT","477","a813c5e64769d5d94667e019ed175d5915007efefd264e3800847bec47ff5134"
"app/Application/ModerationOrchestration/Contract/ValidateModerationReportV1.php","A ","EXPECTED_PHASE_5_3_ARTIFACT","474","26b48845c591b4b8f89dec287eaaad0356e04d7c0a95ded19f0679e8c0103c40"
"app/Application/ModerationOrchestration/DeterministicModerationCaseOrchestratorV1.php","A ","EXPECTED_PHASE_5_3_ARTIFACT","14892","489ddb7a113a303799d5e53b0ea00f25c35fc2cda0d755fe0599b330c4db525b"
"app/Application/ModerationReportOwnerReadSource/CanonicalModerationReportCaseIdentityV1.php","A ","EXPECTED_PHASE_5_3_ARTIFACT","510","3b9f8f5a849aaa8546a6d3a2cd2f0e5e3fa67624e62430215699dfae32142f5f"
"app/Application/ModerationResidualOperationalAuditContract/ResidualListingCompletionV1.php","A ","EXPECTED_PHASE_5_3_ARTIFACT","153","571c4d056dabbceba1d56c31bfbab43af4c711803f8fc191e97c7ffcc49f1cb2"
"app/Application/ModerationResidualOperationalAuditContract/ResidualOperationalAuditConversionMatrixV1.php","A ","EXPECTED_PHASE_5_3_ARTIFACT","2254","652b4d65195e1df620598f71745c3cf3d95507ddb666e48576006c853a32d635"
"app/Application/ModerationResidualOperationalAuditContract/ResidualOperationalAuditConversionV1.php","A ","EXPECTED_PHASE_5_3_ARTIFACT","377","af8706a31a1eeaafd6f8355163ca7f891c391564203b4c894af464727d9de97d"
"app/Application/ModerationResidualOperationalAuditContract/ResidualOperationalAuditPathV1.php","A ","EXPECTED_PHASE_5_3_ARTIFACT","312","ea734d7fb3d879cea1825ede8c995c5ea1b406fb4857a1b29448cdb348828afb"
"app/Application/ModerationResidualOperationalAuditContract/ResidualOperationalAuditProductionPolicyV1.php","A ","EXPECTED_PHASE_5_3_ARTIFACT","1501","a035cdcc61633f3f32a7b361d0aecec89936d77cd1412a1aa852a6f793fc18ca"
"app/Application/ModerationResidualOperationalAuditContract/ResidualOperationalAuditRuntimeCatalogV1.php","A ","EXPECTED_PHASE_5_3_ARTIFACT","1020","99f21fcfd6a68533f2a6c5955ffd04890c9f026cce7dd55efe7a16791e0e29e9"
"app/Application/ModerationRuntime/Contract/ModerationQueueRuntimeV1.php","A ","EXPECTED_PHASE_5_3_ARTIFACT","1067","d41ec9c0ee937a734837d0e04bc46fb651648b8f037bce5bf215ad222465c283"
"app/Application/ModerationRuntime/Contract/ModerationRuntimeAvailabilityPolicy.php","A ","EXPECTED_PHASE_5_3_ARTIFACT","168","730f7cb2f1ef4f3496ec26d0d054a8829fe4eca51d4270f50a17542a45292e94"
"app/Application/ModerationRuntime/Contract/ModerationRuntimeReport.php","A ","EXPECTED_PHASE_5_3_ARTIFACT","404","ffbaaede08f2ee1b84293fe30a1eb283bd2730b1d3b9d5d763dc2c0633e12d8d"
"app/Application/ModerationRuntime/Contract/ModerationRuntimeV1.php","A ","EXPECTED_PHASE_5_3_ARTIFACT","525","d3e67bca5797e70516ee9acfc66c3db5a7be7cff19e88341d8068aeaaf78591c"
"app/Application/ModerationRuntime/DeterministicModerationQueueRuntimeV1.php","A ","EXPECTED_PHASE_5_3_ARTIFACT","1806","35b7a1f5c8e11886fc00ffd5fd758d4bdd71f0add09b54b255d74a455cdd9c03"
"app/Application/ModerationRuntime/DeterministicModerationRuntimeAvailabilityPolicy.php","A ","EXPECTED_PHASE_5_3_ARTIFACT","1137","403b0d52a5956935f41921d81dbad95ae7827b5b38424996968386ae8ef92140"
"app/Application/ModerationRuntime/DeterministicModerationRuntimeV1.php","A ","EXPECTED_PHASE_5_3_ARTIFACT","1305","df3c508937257a55ff1fc2e0a8c6bf5593b3527bf86bc92f7b3668869baf4da9"
"app/Application/ModerationRuntime/ModerationRuntimeDiagnosticCode.php","A ","EXPECTED_PHASE_5_3_ARTIFACT","262","9cb74e0ce3f46ff558111daeccfdde06f5f4ad56b6a4dee4207bf6c1a8f1ed74"
"app/Application/ModerationRuntime/ModerationRuntimeHealthInspector.php","A ","EXPECTED_PHASE_5_3_ARTIFACT","2418","a0d12c9f042cfa7cff4e607cafd180745d514a1b1d3ef4a19f472017ac4a4973"
"app/Application/ModerationRuntime/ModerationRuntimeStatus.php","A ","EXPECTED_PHASE_5_3_ARTIFACT","162","ff5db3a4c742c3d4730368d9f6c77b5a2e330e35e7ce531f118b86f9c2a91a12"
"app/Application/MultiTargetDelivery/Contract/MultiTargetPropagationStrategy.php","A ","HISTORICAL_TRACKED_BASELINE","376","1531c7d33b32000002d49a4aef3adfd7ad6c411db98908af3189063999612a69"
"app/Application/MultiTargetDelivery/MultiTargetPropagationPlan.php","A ","HISTORICAL_TRACKED_BASELINE","536","99f121f14812eb80b7602be93c4a7a9b741782ebc00d4f242f79dbf0ed6c0c5e"
"app/Application/MultiTargetDelivery/MultiTargetPropagationRequest.php","A ","HISTORICAL_TRACKED_BASELINE","719","4688505d1e15f4e8d99259808b6e58b015d105d2df4185dd2f6c65a9ecb06b2c"
"app/Application/MultiTargetDelivery/MultiTargetPropagationSource.php","A ","HISTORICAL_TRACKED_BASELINE","159","38ae55094e97d1852cbe21a94ba374a034fb805a36cf75b2796b9b69c348e7cc"
"app/Application/MultiTargetDelivery/MultiTargetPropagationStatus.php","A ","HISTORICAL_TRACKED_BASELINE","300","91a1f1d8b7beb035a8d3c276d78abe4605f6ba68720389f814873f04c405a3ca"
"app/Application/MultiTargetDelivery/PagedMultiTargetPropagationStrategy.php","A ","HISTORICAL_TRACKED_BASELINE","1379","99e47ac3ed295ff2461787adfcb8149cd3d5f48d6e57bd34f32327f17b45dace"
"app/Application/PlaceLifecycleEventConsumption/PlaceLifecycleDeliveryConsumer.php","A ","HISTORICAL_TRACKED_BASELINE","2888","5fa95d383a308b30ff26f9dabbc67c88bb2d066330391687ec9d91d2020468e2"
"app/Application/PlaceLifecycleEventConsumption/PlaceLifecycleDeliveryConsumptionPolicy.php","A ","HISTORICAL_TRACKED_BASELINE","793","7ea9bb007bf0182829974c8fcb2a4f83c3b8dea2149205bd34069c0a941865f8"
"app/Application/PlaceLifecycleEventConsumption/PlaceLifecycleDeliveryConsumptionResult.php","A ","HISTORICAL_TRACKED_BASELINE","227","546cd74fec11fc25753afb080e00095602ef928a4ab56e5d4130c6be7507a28d"
"app/Application/PlaceLifecycleEventIntegration/Contract/PlaceLifecycleAtomicTransaction.php","A ","HISTORICAL_TRACKED_BASELINE","187","4f3e66d4b3031005f2a5b799bdd9e69651b6daab22804a8bcb373bea17f33373"
"app/Application/PlaceLifecycleEventIntegration/PlaceLifecycleAtomicEventIntegrationFailure.php","A ","HISTORICAL_TRACKED_BASELINE","173","f47501221fa528f91f7b3ad181967a54b52084ee33fb59b3e0987e236cb4fe81"
"app/Application/PlaceLifecycleEventIntegration/PlaceLifecycleAtomicEventOrchestrator.php","A ","HISTORICAL_TRACKED_BASELINE","4569","941b99f9113f9f9e265090d2ce65aad34c3fd8fff0d74ad942ecf97ec1e0d969"
"app/Application/PlaceLifecycleEventIntegration/PlaceLifecycleAtomicEventRequest.php","A ","HISTORICAL_TRACKED_BASELINE","404","9ad0db75b59cf3514e0a8a385a61f54451e03cb0bdd19fc4802203e2829c8b7c"
"app/Application/PlaceLifecycleEventRouting/DurablePlaceLifecycleEventRouter.php","A ","HISTORICAL_TRACKED_BASELINE","2562","25840a9c39c79c80c9cce3c094fa39e9cb5732e5a329b7127237774e34859363"
"app/Application/PlaceLifecycleEventRouting/PlaceLifecycleInboxStore.php","A ","HISTORICAL_TRACKED_BASELINE","286","44ebb134599515664669589bca5b4449de438a05e534b03c58353aeb2892b249"
"app/Application/PlaceLifecycleEventRouting/PlaceLifecycleInboxStoreResult.php","A ","HISTORICAL_TRACKED_BASELINE","200","df618caea4a6ce476ac15d883320d36b0e4e5f70e575b542def2fd75cc4a2fbb"
"app/Application/PlaceLifecycleEventRouting/PlaceLifecycleInboxStoreStatus.php","A ","HISTORICAL_TRACKED_BASELINE","300","16851a2afa15495705cbfdfa41640cd2bf20e6d1a1d62c01f69497f55c761161"
"app/Application/PlaceLifecycleEventTransport/PlaceLifecycleDeliveryMetadata.php","A ","HISTORICAL_TRACKED_BASELINE","1058","4a98d2e28aaf5c87edc6acb068e708e5f045f3d46521a232843ee1cefc1522c1"
"app/Application/PlaceLifecycleEventTransport/PlaceLifecycleDeliveryPayload.php","A ","HISTORICAL_TRACKED_BASELINE","6461","f9d1d999de92953edd299d951bd9699719986b8b4c8c76ef3f3a70b9702a5337"
"app/Application/PlaceLifecycleEventTransport/PlaceLifecycleEventRouter.php","A ","HISTORICAL_TRACKED_BASELINE","208","ac9e674c5e54dddc53042b08b82c51c35c108190ad8e7b6068a02bc8f6c2a73c"
"app/Application/PlaceLifecycleEventTransport/PlaceLifecycleEventRoutingDiagnostic.php","A ","HISTORICAL_TRACKED_BASELINE","306","44b356864113840c900dca379f71d0575319c29b4fedde208be890e29c290472"
"app/Application/PlaceLifecycleEventTransport/PlaceLifecycleEventRoutingResult.php","A ","HISTORICAL_TRACKED_BASELINE","1523","76c1e95c35cdad9903c85e48c78c4637c78affe268e6f8cabcc5f494d6a8782c"
"app/Application/PlaceLifecycleEventTransport/PlaceLifecycleEventRoutingStatus.php","A ","HISTORICAL_TRACKED_BASELINE","255","af22bbe4be3cced516bc5ac7a3004efad0bd2d0b3bbb961f93a4d5b424845f18"
"app/Application/PlaceLifecycleEventTransport/PlaceLifecycleEventTransportException.php","A ","HISTORICAL_TRACKED_BASELINE","181","590589bebff7ace71a859c4d6783538a95fd62aa1a1c5ac0fa15eb86d5e5095d"
"app/Application/PlaceLifecycleEventTransport/PlaceLifecycleMessageId.php","A ","HISTORICAL_TRACKED_BASELINE","492","38cc58c3959a5362d4f028092373d774c18078b117b69c24b7fd2c28b48b4f67"
"app/Application/PlaceLifecycleEventTransport/PlaceLifecycleTransportChecksum.php","A ","HISTORICAL_TRACKED_BASELINE","332","e5e3e5d8bebf7adfe0bbd8a1921cd5c125e49554b3236c673ccb6f8ae5bea671"
"app/Application/PlaceLifecycleEventTransport/PlaceLifecycleTransportEnvelope.php","A ","HISTORICAL_TRACKED_BASELINE","1398","8943d58967e0f56ca4520d35ba322cd7a26b910868c0356a353762100071ed88"
"app/Application/PlaceLifecycleEventTransport/PlaceLifecycleTransportSerializer.php","A ","HISTORICAL_TRACKED_BASELINE","2650","b5a6797bc26c851eaf7473bd809087723c4f8668f323d192c8cb53d912a07eaa"
"app/Application/PlaceLifecycleEventTransport/PlaceLifecycleTransportVersion.php","A ","HISTORICAL_TRACKED_BASELINE","126","95919ba027b331258c6d7522ab2c55d84a5d1b4d627e1726fa4a2913c7c9ec0c"
"app/Application/ProfessionalEndpoint/Contract/ProfessionalEndpointRuntimeV1.php","A ","HISTORICAL_TRACKED_BASELINE","563","acdbf50fc419285a8e5c459617f33961107ee074c9519d94072c04e82fa5923b"
"app/Application/ProfessionalEndpoint/DeterministicProfessionalEndpointRuntimeV1.php","A ","HISTORICAL_TRACKED_BASELINE","1920","acc9a3f91328a51bb4f6349ecac76470ccae609ddd4499bfb9d810ee400eee9f"
"app/Application/ProfessionalEndpoint/ProfessionalEndpointRuntimeHealthInspector.php","A ","HISTORICAL_TRACKED_BASELINE","2092","6949bf900c2e7740fa71b3b97aaeecd9f581baf355e88da3e40f7ce11fe38045"
"app/Application/ProfessionalProfileRuntime/Contract/ProfessionalProfileRuntimeAvailabilityPolicy.php","A ","HISTORICAL_TRACKED_BASELINE","195","f3480244e371f7d15a28e74df5e0368c7e590e81afe98ae4b077c9046da14b9e"
"app/Application/ProfessionalProfileRuntime/Contract/ProfessionalProfileRuntimeReport.php","A ","HISTORICAL_TRACKED_BASELINE","430","03740e4a3706c7c5236df62fbc5ca28abd889a8889bcbea46922154af545fdc3"
"app/Application/ProfessionalProfileRuntime/Contract/ProfessionalProfileRuntimeV1.php","A ","HISTORICAL_TRACKED_BASELINE","744","2eec03a1c974af04468d9a5d01f2dfd3c936494ad8460770d81f41f71d046828"
"app/Application/ProfessionalProfileRuntime/DeterministicProfessionalProfileRuntimeAvailabilityPolicy.php","A ","HISTORICAL_TRACKED_BASELINE","999","1f25be5b3ff6129820f5ead5de4403859a487a195365a58071770976246fbcca"
"app/Application/ProfessionalProfileRuntime/DeterministicProfessionalProfileRuntimeV1.php","A ","HISTORICAL_TRACKED_BASELINE","1590","0e0e474ec9d85301c45e33868b0067449b5f145a1c587c55675af69256d61897"
"app/Application/ProfessionalProfileRuntime/ProfessionalProfileRuntimeStatus.php","A ","HISTORICAL_TRACKED_BASELINE","294","09ca636fe875db5bcc50cf59e2f77865ac3364505d8441ee76ffd3bbbe867cb2"
"app/Application/ProfessionalStatusEventConsumption/ProfessionalStatusDeliveryConsumer.php","A ","HISTORICAL_TRACKED_BASELINE","2234","d8396b0a6555fb9196c918e73c34bbe30228fba83b200c2cd805e482bd76b896"
"app/Application/ProfessionalStatusEventConsumption/ProfessionalStatusDeliveryConsumptionPolicy.php","A ","HISTORICAL_TRACKED_BASELINE","1818","b816b9fd3ffece5c1e109833b965f97dc6d1c700f60310e76ed62f589c26f486"
"app/Application/ProfessionalStatusEventIntegration/Contract/ProfessionalStatusAtomicTransaction.php","A ","HISTORICAL_TRACKED_BASELINE","195","60167382548563d25e294e3d49ac04ffdbc126fc7010270d84e404aac389abd8"
"app/Application/ProfessionalStatusEventIntegration/ProfessionalStatusAtomicEventOrchestrator.php","A ","HISTORICAL_TRACKED_BASELINE","6560","55485b0ca93b865ac10534d1d1a4fbfd269f4e4b15015f36bd6576ebde0f1590"
"app/Application/ProfessionalStatusEventIntegration/ProfessionalStatusAtomicEventRequest.php","A ","HISTORICAL_TRACKED_BASELINE","1105","ee348e3f19cf1bb5aa1bb3a768a439ca85e3ba49496e6dd0e52fe6bc51ea749a"
"app/Application/ProfessionalStatusEventIntegration/ProfessionalStatusEventIntegrationFailure.php","A ","HISTORICAL_TRACKED_BASELINE","175","3d9d55e253ec9ea408fb19a8d22c3abd00efba76ff9b2cf913c21727691f7591"
"app/Application/ProfessionalStatusEventRouting/DurableProfessionalStatusEventRouter.php","A ","HISTORICAL_TRACKED_BASELINE","2798","adb415d6eb2224d989e359b5c3abc9360fef76beff9e4eb376dd609438a40691"
"app/Application/ProfessionalStatusEventRouting/ProfessionalStatusInboxStore.php","A ","HISTORICAL_TRACKED_BASELINE","310","ba6b3edce591c373233d0e3e548d50300c16e93d6fe069af7d435d2d98777d90"
"app/Application/ProfessionalStatusEventRouting/ProfessionalStatusInboxStoreResult.php","A ","HISTORICAL_TRACKED_BASELINE","212","6cd9a52e013f6fc5431a2e2eff2f8e8d752e48766d2660727773912b52143220"
"app/Application/ProfessionalStatusEventRouting/ProfessionalStatusInboxStoreStatus.php","A ","HISTORICAL_TRACKED_BASELINE","308","96b9b248ece4439e38e77bd34301e0223104668a4ea77295e4a0fc152d516508"
"app/Application/ProfessionalStatusEventTransport/ProfessionalStatusDeliveryMetadata.php","A ","HISTORICAL_TRACKED_BASELINE","1074","0606964c03bb1397a6ece7d1c7163c20c384588252473b6d7d4b2f170665212f"
"app/Application/ProfessionalStatusEventTransport/ProfessionalStatusDeliveryPayload.php","A ","HISTORICAL_TRACKED_BASELINE","6896","1b7f86753ed3a6155efbfd3544e375d0f44564f62a3c13890b78f4efd7fad26b"
"app/Application/ProfessionalStatusEventTransport/ProfessionalStatusEventRouter.php","A ","HISTORICAL_TRACKED_BASELINE","224","5647fe05a22e45030b807455db043af0671466ebf21490b9abee43eb8639c5cb"
"app/Application/ProfessionalStatusEventTransport/ProfessionalStatusEventRoutingDiagnostic.php","A ","HISTORICAL_TRACKED_BASELINE","314","4036280110865c7a3dd78c5ec6db441e9de9d3bc1be1aec544f271d4c4c41133"
"app/Application/ProfessionalStatusEventTransport/ProfessionalStatusEventRoutingResult.php","A ","HISTORICAL_TRACKED_BASELINE","1451","e7dd432c7f85303c478ac5d887c9bccd6929d9a9f2b6396b1b1432f122ef6cf9"
"app/Application/ProfessionalStatusEventTransport/ProfessionalStatusEventRoutingStatus.php","A ","HISTORICAL_TRACKED_BASELINE","263","df8afa70af736d92f5a00908703cb03cb79977dc3620ba2e8c110ea29205fc9c"
"app/Application/ProfessionalStatusEventTransport/ProfessionalStatusEventTransportException.php","A ","HISTORICAL_TRACKED_BASELINE","173","5b3e9c5cffc7712315776f99bb01f7b01540c45dc9250774a3638cb7e53eec04"
"app/Application/ProfessionalStatusEventTransport/ProfessionalStatusTransportEnvelope.php","A ","HISTORICAL_TRACKED_BASELINE","1354","9f57bca282a965e206ca2c8f4a5e7a8f944cd0ac1544f749049a7caeaa6d85bd"
"app/Application/ProfessionalStatusEventTransport/ProfessionalStatusTransportSerializer.php","A ","HISTORICAL_TRACKED_BASELINE","617","d4acd29ee4849e6706215d5e4012b8d8fce413e173199015e6cfc914eb612772"
"app/Application/ProjectionRebuildRuntimeSource/CandidateBuildResult.php","A ","HISTORICAL_TRACKED_BASELINE","1235","cf28109119eeaed52597a62f4abc273ad997a1db7418b93ca1c23f245c2a44a9"
"app/Application/ProjectionRebuildRuntimeSource/CandidateBuildStatus.php","A ","HISTORICAL_TRACKED_BASELINE","364","f65787c1d2bd38351e5e43802c2dcfffe0d6fbe63cb267b82579f85ba042b746"
"app/Application/ProjectionRebuildRuntimeSource/Contract/InspectablePublicProjectionCandidateFactory.php","A ","HISTORICAL_TRACKED_BASELINE","521","b84b29ff0ec1448a1b7c5acefbd756d662647d087e1b93988e4806fe99776b6a"
"app/Application/ProjectionRuntimeSource/Contract/InspectablePublicListingProjectionSource.php","A ","HISTORICAL_TRACKED_BASELINE","402","70e0f9be5b0359a9e2cb0f6b05ca84f43ad24a28cbb183ddc2fffb4d77e9ee56"
"app/Application/ProjectionRuntimeSource/ProjectionSourceAssemblyResult.php","A ","HISTORICAL_TRACKED_BASELINE","1412","89e9b8b95718cdbb55d9599acad5a4869a35ee9b07a1bfb36ef73444f66e997f"
"app/Application/ProjectionRuntimeSource/ProjectionSourceAssemblyStatus.php","A ","HISTORICAL_TRACKED_BASELINE","1167","9ee6db7447d9887c38bb925c4ab169fc26cd1828e1fbe9fd4d5f5641218dd586"
"app/Application/PropertyLifecycleEventConsumer/PropertyLifecycleEventDeliveryConsumer.php","A ","HISTORICAL_TRACKED_BASELINE","3000","100474cfe4a2ab373565b293cbab2201b9ad1e5a3e590b050f686c8696b278db"
"app/Application/PropertyLifecycleEventIntegration/AtomicPropertyLifecycleEventOrchestrator.php","A ","HISTORICAL_TRACKED_BASELINE","4985","63f9fba0b17b2f115b58961c4e722d40bae1d220653eaae6fb7e9c8d40c9c442"
"app/Application/PropertyLifecycleEventIntegration/Contract/PropertyLifecycleAtomicTransaction.php","A ","HISTORICAL_TRACKED_BASELINE","193","6290914162c529bb4d2f9b30e1d1c170e4af45c768c159a00446cb1906ff2ccc"
"app/Application/PropertyLifecycleEventIntegration/Contract/PropertyLifecycleEventOrchestrator.php","A ","HISTORICAL_TRACKED_BASELINE","454","07e3394e28d0f34cdbb5ef3fcc58ec6ddd67df284a9b7598f3f9168dc8c4d42f"
"app/Application/PropertyLifecycleEventIntegration/PropertyLifecycleEventIntegrationFailure.php","A ","HISTORICAL_TRACKED_BASELINE","173","1277b57be9cceab5253aa8c95cd1ed2a1310eadfd0f0167c83ba55d0ab090788"
"app/Application/PropertyLifecycleEventIntegration/PropertyLifecycleEventOrchestrationRequest.php","A ","HISTORICAL_TRACKED_BASELINE","1458","9157fcdc0313886a92acc1ef65a5b437c529e459f7882278c9b02a95091fb28d"
"app/Application/PropertyLifecycleEventRouting/Contract/PropertyLifecycleEventDestination.php","A ","HISTORICAL_TRACKED_BASELINE","413","451e1335954efe822164931e09a38012b7d1bcbf58045b1e3e4ef7ae1eb40dc7"
"app/Application/PropertyLifecycleEventRouting/DurablePropertyLifecycleEventRouter.php","A ","HISTORICAL_TRACKED_BASELINE","1632","eda511ec3ee61a348220a373a673a4434292ee99cc00e2ab6ed7fc642963dcd3"
"app/Application/PropertyLifecycleEventRouting/PropertyLifecycleEventDestinationResult.php","A ","HISTORICAL_TRACKED_BASELINE","221","787e2447925022c42eff10f63b2843eaf56910e5be3216ac0c52b8c462d0182f"
"app/Application/PropertyLifecycleEventRouting/PropertyLifecycleEventDestinationStatus.php","A ","HISTORICAL_TRACKED_BASELINE","312","1280e75f2ce8307dc034a8841b7045986b785635f833d322b8e3b80b863825b3"
"app/Application/PropertyLifecycleEventTransport/Contract/PropertyLifecycleEventRouter.php","A ","HISTORICAL_TRACKED_BASELINE","401","474626e4b286849706d492392be4400badb4dbd1111851772e0c319a7b5c73e5"
"app/Application/PropertyLifecycleEventTransport/PropertyLifecycleDeliveryPayload.php","A ","HISTORICAL_TRACKED_BASELINE","5487","da93a542ec98ad63b3025a558254b62dfe18691eb3febabdcce1b5ef4cb84b15"
"app/Application/PropertyLifecycleEventTransport/PropertyLifecycleEventRoutingDiagnosticCode.php","A ","HISTORICAL_TRACKED_BASELINE","316","74dbe794b705090c75f183ab1eb48e992ca42d774644b28cc81245d5d8f59226"
"app/Application/PropertyLifecycleEventTransport/PropertyLifecycleEventRoutingResult.php","A ","HISTORICAL_TRACKED_BASELINE","1182","193e67f8f78cc9209871cd52b047a56715cbb5a1016acf656564748f7e068ebb"
"app/Application/PropertyLifecycleEventTransport/PropertyLifecycleEventRoutingStatus.php","A ","HISTORICAL_TRACKED_BASELINE","261","1c796d48f9959c379ccf6b017b624b1814daf566f40e25208e921f0436b6d876"
"app/Application/PropertyLifecycleEventTransport/PropertyLifecycleEventTransportException.php","A ","HISTORICAL_TRACKED_BASELINE","187","50840806de70677301048740a431177e3c3cb6c0ac59f2ac23528a0cf6639ca8"
"app/Application/PropertyListingAuthoringHttp/Contract/PropertyListingAuthoringHttpRuntime.php","A ","HISTORICAL_TRACKED_BASELINE","578","79379ffdfd89532dc1e040573a9b91ad7e3f50012e59caa5bf6678b6e2ef5bc5"
"app/Application/PropertyListingAuthoringHttp/DeterministicPropertyListingAuthoringHttpRuntime.php","A ","HISTORICAL_TRACKED_BASELINE","12211","0bd33910214d9182cb450a96816fa98d916ab4b6a101c54e803b40ad91fd1e57"
"app/Application/PropertyListingAuthoringHttp/PropertyListingAuthoringHttpOperation.php","A ","HISTORICAL_TRACKED_BASELINE","828","53488d4a2d673a1666d52498dda2106f91bfc9beb72820caa48b6798d28fe81d"
"app/Application/PropertyListingAuthoringHttp/PropertyListingAuthoringHttpResult.php","A ","HISTORICAL_TRACKED_BASELINE","303","131d4db3eb5a0c97e4e9f314e49812f6a2bbc77a4a6caad2256599d3e49763ee"
"app/Application/PropertyListingAuthoringHttp/PropertyListingAuthoringHttpStatus.php","A ","HISTORICAL_TRACKED_BASELINE","324","f0d183ea4fec3217c697077bdea6721619fd21c12de8740b09db956d496ea03a"
"app/Application/PropertyListingAuthoringOperations/AuthoringOperation.php","A ","HISTORICAL_TRACKED_BASELINE","414","f89f6745c1ebc2df97ed28a24c252dc8b778ba3462d34a67448828799eefe320"
"app/Application/PropertyListingAuthoringOperations/AuthoringOperationCommand.php","A ","HISTORICAL_TRACKED_BASELINE","1761","c9df02cda0e1b2dd03fa720567411c39739cbc4943f139a745494fc8c7213744"
"app/Application/PropertyListingAuthoringOperations/AuthoringOperationResult.php","A ","HISTORICAL_TRACKED_BASELINE","289","d857bffd24de1e537b5ed1686bce0e12e2742f3191438c91cb441e37789c07c9"
"app/Application/PropertyListingAuthoringOperations/AuthoringOperationStatus.php","A ","HISTORICAL_TRACKED_BASELINE","520","08a6eecbd0ffa87911b8f6580f83fdd9f8974f35331117f3a39c938d4aa8b50c"
"app/Application/PropertyListingAuthoringOperations/Contract/PropertyListingAuthoringOperations.php","A ","HISTORICAL_TRACKED_BASELINE","383","dca610101376649f57fa6f444ddf0512e2f102014733079f77f5dd6565c20423"
"app/Application/PropertyListingAuthoringOperations/DeterministicPropertyListingAuthoringOperations.php","A ","HISTORICAL_TRACKED_BASELINE","16489","8ee385b4300d28ecdc6df48f8324cf7779245346d328742cf0a3a70062cd8b2d"
"app/Application/PropertyListingAuthoringRuntime/Contract/PropertyListingAuthoringRuntimeAvailabilityPolicy.php","A ","HISTORICAL_TRACKED_BASELINE","210","607cc48fc661809a463a3485cc74fbb8649b86d871bffe879805051d246620ec"
"app/Application/PropertyListingAuthoringRuntime/Contract/PropertyListingAuthoringRuntimeReport.php","A ","HISTORICAL_TRACKED_BASELINE","372","e477bf32977d2d70664588c138a8982d48979377435c443a73f2def39573da98"
"app/Application/PropertyListingAuthoringRuntime/Contract/PropertyListingAuthoringRuntimeV1.php","A ","HISTORICAL_TRACKED_BASELINE","853","0c0beca81d7923dd1851e54702cd42fbffbb2e242c702e64ec521d9d8be5ffed"
"app/Application/PropertyListingAuthoringRuntime/DeterministicPropertyListingAuthoringRuntimeAvailabilityPolicy.php","A ","HISTORICAL_TRACKED_BASELINE","1041","d04f9dba538e9e61c8c8bbe5322f269796bb8129236993e469780ce817f165ca"
"app/Application/PropertyListingAuthoringRuntime/DeterministicPropertyListingAuthoringRuntimeV1.php","A ","HISTORICAL_TRACKED_BASELINE","1832","e455257887bdb7682fa52b06c053b77d6b55a7680376e6cf3514c5220cf1180a"
"app/Application/PropertyListingAuthoringRuntime/PropertyListingAuthoringRuntimeStatus.php","A ","HISTORICAL_TRACKED_BASELINE","304","046276477c2117e62859a07f4423ba67c8a400d2796b3c4f001d06ea79cb7363"
"app/Application/PropertyListingResolution/Contract/PropertyListingsResolver.php","A ","HISTORICAL_TRACKED_BASELINE","283","ea86ea8871587d990fa27f10146f279e360d607048465db91fb035b55cfdd93e"
"app/Application/PropertyListingResolution/PropertyListingsDiagnostic.php","A ","HISTORICAL_TRACKED_BASELINE","435","82e677317b214ad4125fe10f267042e29bb2a5f7d59a997529c6002a600aa4b0"
"app/Application/PropertyListingResolution/PropertyListingsPage.php","A ","HISTORICAL_TRACKED_BASELINE","1477","f3cad69bd355588ade4af20aa5f758f1c9c03bac015afb1e2756b3d087a18f4d"
"app/Application/PropertyListingResolution/PropertyListingsPageStatus.php","A ","HISTORICAL_TRACKED_BASELINE","272","468e1b8d871930b6cde9bd5bc317f04508d63410d863616247f75fd1a5cfd9f7"
"app/Application/PublicAuthoringIntegration/Contract/PublicAuthoringJourney.php","A ","HISTORICAL_TRACKED_BASELINE","367","62488218f15edfa65ccc79b1c44d32411d0e9347046bbf3c8d556374bb333d32"
"app/Application/PublicAuthoringIntegration/DeterministicPublicAuthoringJourney.php","A ","HISTORICAL_TRACKED_BASELINE","1982","ce0726fca997c5ede61352f1a909429b60f183037c6a7c95facbbfbc715017c5"
"app/Application/PublicAuthoringIntegration/PublicAuthoringJourneyOperation.php","A ","HISTORICAL_TRACKED_BASELINE","1197","7b6af7409d81c9ee2498a0783981e67c6a1dd3f5cf94df43a979cc6f61651456"
"app/Application/PublicAuthoringIntegration/PublicAuthoringJourneyRequest.php","A ","HISTORICAL_TRACKED_BASELINE","536","db0f9bfd7077408698c5622173f2e368944cd89812659e79ffbe2db204483f20"
"app/Application/PublicAuthoringIntegration/PublicAuthoringJourneyResponse.php","A ","HISTORICAL_TRACKED_BASELINE","291","2b871c30a9e2d0520fb4cf391ba3847d0c80d2d7aa7f2a8f9027eb76375d95f5"
"app/Application/PublicAuthoringIntegration/PublicAuthoringJourneyStatus.php","A ","HISTORICAL_TRACKED_BASELINE","356","190007de9077a9c75df8be40f45e1afd8bc69402963560a4cd2ecd5baf8e4aff"
"app/Application/PublicGeographyRevision/Contract/PublicGeographyRevisionReader.php","A ","HISTORICAL_TRACKED_BASELINE","269","11bbd0103f5e7995fc8ec5f8a1f94e50121fdc99d76c4b2a38c7ffdb95eca780"
"app/Application/PublicGeographyRevision/PublicGeographyRevision.php","A ","HISTORICAL_TRACKED_BASELINE","844","a32866adfe1c9fd91bf070605effdb09d4940b219a1f5d614698c3b4bfa55e18"
"app/Application/PublicGeographyRevision/PublicGeographyRevisionChecksum.php","A ","HISTORICAL_TRACKED_BASELINE","800","c56b0be9fc4fc8aad68f1707ca814406f13d8b00d7099036808cbab06f5a9760"
"app/Application/PublicGeographyRevision/PublicGeographyRevisionDecision.php","A ","HISTORICAL_TRACKED_BASELINE","654","290040ebd0c40b03dccb69ea68d8b60df41a622c246b0ce17db28c7fc9d402a4"
"app/Application/PublicGeographyRevision/PublicGeographyRevisionPolicy.php","A ","HISTORICAL_TRACKED_BASELINE","988","d3de18b3eed7222510b3d1d55bd68a169cb919ae78f12898722bc2c86aad9728"
"app/Application/PublicGeographyRevision/PublicGeographyRevisionPromotion.php","A ","HISTORICAL_TRACKED_BASELINE","278","2e237922ea26b2cf40334732e57e206d7ef2040b64e53585a5e6944b472a8aca"
"app/Application/PublicGeographyRevision/PublicGeographyRevisionRelation.php","A ","HISTORICAL_TRACKED_BASELINE","186","d4e35eea3688af01091bcee87352deb389e05a5bc61396b6548b38899154ebd8"
"app/Application/PublicGeographyRevision/PublicGeographyRevisionStrategy.php","A ","HISTORICAL_TRACKED_BASELINE","703","c753790552b2f273a5902b2ba57e7de0d620e3418752150eefbf1a8b8e959f58"
"app/Application/PublicGeographyRevision/PublicGeographyRevisionVersion.php","A ","HISTORICAL_TRACKED_BASELINE","813","5f0782f048af51eca1c5dace3484ad9b66cb338ab85d2e142c84ac4a6eb1c415"
"app/Application/PublicGeographySource/Contract/PublicGeographyDecisionReader.php","A ","HISTORICAL_TRACKED_BASELINE","250","167ed6a6f062f2d2bd50fe2b2f64e45f047a7699780d29fb5b932e680d60fd52"
"app/Application/PublicGeographySource/Contract/PublicGeographyDecisionWriter.php","A ","HISTORICAL_TRACKED_BASELINE","338","4a128caaa124a3bccbb6cabf36740979b7e48b4956826b38743f2642b1816f62"
"app/Application/PublicGeographySource/PublicGeographyBreadcrumbItem.php","A ","HISTORICAL_TRACKED_BASELINE","418","114c024e36de88e6dc863cbdc2ec5ec6361775dbbf57f1c0a991723a9261b040"
"app/Application/PublicGeographySource/PublicGeographyDecision.php","A ","HISTORICAL_TRACKED_BASELINE","1343","bc7613207e02a515e8e7299f373f6f84236941daf87aff4176da487f6415d80a"
"app/Application/PublicGeographySource/PublicGeographyReadResult.php","A ","HISTORICAL_TRACKED_BASELINE","707","ad088631da43072b9d4c21f97add936918d6d76d76c6d510fc8d7129a1063962"
"app/Application/PublicGeographySource/PublicGeographyReadStatus.php","A ","HISTORICAL_TRACKED_BASELINE","190","9764313ccdbb11006c9f4bda968123e569950d6c9420364ad107625129e2ecc9"
"app/Application/PublicGeographySource/PublicGeographyWriteResult.php","A ","HISTORICAL_TRACKED_BASELINE","259","3875fddd65235fd946e122d5a55af7a5c6a11d4cf25ee5d4268f5e8fdd728c5b"
"app/Application/PublicMediaRevision/Contract/PublicMediaRevisionReader.php","A ","HISTORICAL_TRACKED_BASELINE","269","3fceced4ae23300e60b1cd945e909826243ede4ace3bf12fce75749d5aac1fca"
"app/Application/PublicMediaRevision/PublicMediaRevision.php","A ","HISTORICAL_TRACKED_BASELINE","824","cdbe9e653b117d297e4ada1892bf3b44368674a12bf57143b4c5342ec2b33613"
"app/Application/PublicMediaRevision/PublicMediaRevisionChecksum.php","A ","HISTORICAL_TRACKED_BASELINE","788","13d42894fe85963f7306170ad1e8f5cf1efc5f1953f3b86165a9e765f48cafa8"
"app/Application/PublicMediaRevision/PublicMediaRevisionDecision.php","A ","HISTORICAL_TRACKED_BASELINE","618","67b4df937285e2bbf46b2feb0c316e0305567c3e5cf99c24d61fece7f395a017"
"app/Application/PublicMediaRevision/PublicMediaRevisionPolicy.php","A ","HISTORICAL_TRACKED_BASELINE","928","341dc5d8dfa04431b9cdc63e5246a96e0a9ccf69d8f3c442acaff6389a772850"
"app/Application/PublicMediaRevision/PublicMediaRevisionPromotion.php","A ","HISTORICAL_TRACKED_BASELINE","270","4e6bdd64cc9e9ee9b3cdd49a6d1d6316f2dbe05fb978cff69b935cf4b743b6dd"
"app/Application/PublicMediaRevision/PublicMediaRevisionRelation.php","A ","HISTORICAL_TRACKED_BASELINE","178","5dd20c9fa94728b11ac2a8000038e2683e5b8441fd59c9d49f10ad1c726c5192"
"app/Application/PublicMediaRevision/PublicMediaRevisionStrategy.php","A ","HISTORICAL_TRACKED_BASELINE","675","64288e296c2192fd0557dc0b8f1cbb9c7db2a515d50091e7c8ac0214512ffd86"
"app/Application/PublicMediaRevision/PublicMediaRevisionVersion.php","A ","HISTORICAL_TRACKED_BASELINE","785","2a438c844121a3a77d60de31ea2f379b0f1109df3b82841d8a878f19251d879e"
"app/Application/PublicMediaSource/Contract/PublicMediaDecisionReader.php","A ","HISTORICAL_TRACKED_BASELINE","240","5498bb44a5e446c4ec4965ef993acb3e9808d1d977025e508c285cfc506adcef"
"app/Application/PublicMediaSource/Contract/PublicMediaDecisionWriter.php","A ","HISTORICAL_TRACKED_BASELINE","306","5b4e221972e06367fd53b3c65cafc7bec833c3cf853571014299f646a2e6696e"
"app/Application/PublicMediaSource/PublicMediaDecision.php","A ","HISTORICAL_TRACKED_BASELINE","1314","e8888662d8faa4e26dd8cbcbe28017b237208a36b4b2fb7b9e652563b8ba164d"
"app/Application/PublicMediaSource/PublicMediaItem.php","A ","HISTORICAL_TRACKED_BASELINE","924","abcb1d196fda23d7771e74c21d3e4cc9c8651a3342f53d6252b6b2a80e060d21"
"app/Application/PublicMediaSource/PublicMediaReadResult.php","A ","HISTORICAL_TRACKED_BASELINE","716","ac9f36f90f16f914b67b2e220f1aea9f2d5367161954c2101847b3bd511e4d07"
"app/Application/PublicMediaSource/PublicMediaReadStatus.php","A ","HISTORICAL_TRACKED_BASELINE","182","6dfb5d510ec47dfda17ec9f8f094bdebff85107fddad5a343b85832f7e1e8f1c"
"app/Application/PublicMediaSource/PublicMediaVariant.php","A ","HISTORICAL_TRACKED_BASELINE","389","8e00ad7baac0320cb0262e62e33ab92fa03464364e5fe057f8f56a8b3e4e02f5"
"app/Application/PublicMediaSource/PublicMediaWriteResult.php","A ","HISTORICAL_TRACKED_BASELINE","251","d0f95a3806c26d7c826a8e26d13cb30c3b46016cdfac9c67c2b0dc50a17fb89d"
"app/Application/PublicProjectionDelivery/Contract/PublicProjectionDeliveryConsumer.php","A ","HISTORICAL_TRACKED_BASELINE","397","8f1a6bdf44b9ad8a624ef9c326a112d5c4162492c6bfb9a3c3c3f0f122f33d1f"
"app/Application/PublicProjectionDelivery/Contract/PublicProjectionDeliveryMessageFactory.php","A ","HISTORICAL_TRACKED_BASELINE","449","32165d930f61c25155db1a3873b64291b2f98b23a29b0f24ca2e5b102aebd954"
"app/Application/PublicProjectionDelivery/Contract/PublicProjectionDeliveryPayload.php","A ","HISTORICAL_TRACKED_BASELINE","254","9e25310bdc906a690703954639bac811a7534c055a05870c7db2ef04d712a1fe"
"app/Application/PublicProjectionDelivery/Contract/PublicProjectionRoutedDeliveryConsumerV1.php","A ","HISTORICAL_TRACKED_BASELINE","443","b830eb072bafff6815eda21f68afc6eda340459832842e24c7d50f7795b0b721"
"app/Application/PublicProjectionDelivery/Payload/PublicProjectionDeliveryContentSeoPayload.php","A ","HISTORICAL_TRACKED_BASELINE","853","a012835f486e03afe7ba63ff9b8cb89e6313685a35fd9accb153f434b52f4b55"
"app/Application/PublicProjectionDelivery/Payload/PublicProjectionDeliveryListingPayload.php","A ","HISTORICAL_TRACKED_BASELINE","847","6820345894369cb1416860ca06f91340da4840d44e406d50f3464cfada5d2a24"
"app/Application/PublicProjectionDelivery/Payload/PublicProjectionDeliveryMediaPayload.php","A ","HISTORICAL_TRACKED_BASELINE","891","eb6390a976a3e1c7bd9c638b6e633b4ad8612526042324af40b733c529ed5498"
"app/Application/PublicProjectionDelivery/Payload/PublicProjectionDeliveryPropertyPayload.php","A ","HISTORICAL_TRACKED_BASELINE","855","4ca6ab0581c2bd2815d63f37adb99734cbf1024a0571a86a575f369f441fa707"
"app/Application/PublicProjectionDelivery/Payload/PublicProjectionDeliverySearchPayload.php","A ","HISTORICAL_TRACKED_BASELINE","845","2dd26718b40dad3c131988fbb047a140578f55e94b62897314e6772846863ec7"
"app/Application/PublicProjectionDelivery/PublicProjectionDeliveryAggregateId.php","A ","HISTORICAL_TRACKED_BASELINE","561","f349f67777358c1bbf89c0d702a35bbf7e04b81ae88b1dba0705b15508d006c0"
"app/Application/PublicProjectionDelivery/PublicProjectionDeliveryAggregateType.php","A ","HISTORICAL_TRACKED_BASELINE","500","d5f67bb30cd0869ff574b2fa3cdc4fb17d23420e14e0ff2cbfba461d616055ea"
"app/Application/PublicProjectionDelivery/PublicProjectionDeliveryCatalogEntry.php","A ","HISTORICAL_TRACKED_BASELINE","676","28b442d1562160b9a839e549cc7cd19476dc7911ff6b8fbdaa9b07c70d638d8b"
"app/Application/PublicProjectionDelivery/PublicProjectionDeliveryCatalogMessageFactory.php","A ","HISTORICAL_TRACKED_BASELINE","1396","c1be06c59332e566ee17dda8808905c44424a91113211379d51a8615f3a25a5a"
"app/Application/PublicProjectionDelivery/PublicProjectionDeliveryCompatibility.php","A ","HISTORICAL_TRACKED_BASELINE","311","478a085cf1845e2bfcf5af4404cdee94e8bc76126811b1d05bc8756e108d6bac"
"app/Application/PublicProjectionDelivery/PublicProjectionDeliveryConsumptionResult.php","A ","HISTORICAL_TRACKED_BASELINE","646","b24c46e009ae53b9379948334981d9c2e92580340b750291dbe7e22b21a63003"
"app/Application/PublicProjectionDelivery/PublicProjectionDeliveryDestination.php","A ","HISTORICAL_TRACKED_BASELINE","526","d4f7e48ab9c80a7cb97d32c83bfda97011e09d982f82fc85464bd0e22a9aefab"
"app/Application/PublicProjectionDelivery/PublicProjectionDeliveryEventCatalog.php","A ","HISTORICAL_TRACKED_BASELINE","9485","083022a9d584240d539f7cb99e439bf8743ab2b3eb25eb04d611b3caa7313ecb"
"app/Application/PublicProjectionDelivery/PublicProjectionDeliveryEventIndex.php","A ","HISTORICAL_TRACKED_BASELINE","441","f196c57a2f26781c5478432f779de96a5f280350379865eb1338061f456ac187"
"app/Application/PublicProjectionDelivery/PublicProjectionDeliveryEventType.php","A ","HISTORICAL_TRACKED_BASELINE","493","ec69b067536ccbc05b0cda31aadc772146e9f879b89f410adc4f0f2bd88d1e7d"
"app/Application/PublicProjectionDelivery/PublicProjectionDeliveryIdempotencyKey.php","A ","HISTORICAL_TRACKED_BASELINE","953","d5d5ee70ec9fc7dd56bc27fc993320813b3eaeca9f2e0aeea31cfde44c88f3a2"
"app/Application/PublicProjectionDelivery/PublicProjectionDeliveryMessage.php","A ","HISTORICAL_TRACKED_BASELINE","1750","ee7f6df7ef3cbae32fe88ebc17c2c20d623daf8f7a36725c13bdf9242a8bd1c0"
"app/Application/PublicProjectionDelivery/PublicProjectionDeliveryMessageId.php","A ","HISTORICAL_TRACKED_BASELINE","692","87ce9e82f72cffa9071c1cc483ad777d17302c69fdb762a8454cb5412f789bd3"
"app/Application/PublicProjectionDelivery/PublicProjectionDeliveryOrder.php","A ","HISTORICAL_TRACKED_BASELINE","1531","4b9e7d44386659b0a3f13140c9350e9dd56b5d11a49e5f671dcb54a9cfc63cd1"
"app/Application/PublicProjectionDelivery/PublicProjectionDeliveryOrderRelation.php","A ","HISTORICAL_TRACKED_BASELINE","247","c8c75ea4b1f06e2f7fc89559f07ea9093c7ebf231882897d7e8cac2778b9eaa4"
"app/Application/PublicProjectionDelivery/PublicProjectionDeliveryPayloadChecksum.php","A ","HISTORICAL_TRACKED_BASELINE","675","b3200b027f0dd3949732392c5a9f37424fea849312e154edd2ad1226dd57681d"
"app/Application/PublicProjectionDelivery/PublicProjectionDeliveryPayloadVersion.php","A ","HISTORICAL_TRACKED_BASELINE","449","191b23fbacd9dfabaeade28005f0a22b838b27f3bb16c78c54681173ea216b6c"
"app/Application/PublicProjectionDelivery/PublicProjectionDeliveryPublishableFact.php","A ","HISTORICAL_TRACKED_BASELINE","907","4b91a3402eac234cc76cdd7f30a01196dd225c5e7c39bb61501a4136d0340796"
"app/Application/PublicProjectionDelivery/PublicProjectionDeliveryRoutingProofV1.php","A ","HISTORICAL_TRACKED_BASELINE","3066","64be5e89cab717a755ff2ce5e6261637ff73d413aee28b2e31d3eeb92194b269"
"app/Application/PublicProjectionDelivery/PublicProjectionDeliverySourceModule.php","A ","HISTORICAL_TRACKED_BASELINE","498","7be51956713194b92eaab2a4b27fe98108cdc9d3abd81a81dc9ef1b64d1fa9d1"
"app/Application/PublicProjectionDelivery/PublicProjectionDeliveryStatus.php","A ","HISTORICAL_TRACKED_BASELINE","1000","fbe87957e8b75feda6b42994100b84e951750de443d1ec625edd72322488a4f6"
"app/Application/PublicProjectionDelivery/PublicProjectionDeliveryTraceId.php","A ","HISTORICAL_TRACKED_BASELINE","553","9f52c91ac513975de80e03c6d9678520eabfa5d42439ac9092fa45a738357d57"
"app/Application/PublicProjectionDelivery/PublicProjectionDeliveryUnsupportedFact.php","A ","HISTORICAL_TRACKED_BASELINE","161","8f5b5f4274b35b61f803136deb3d07633d8f9461e5289ce81c3685ce03a303f9"
"app/Application/PublicProjectionDelivery/PublicProjectionRoutedDeliveryMessageV1.php","A ","HISTORICAL_TRACKED_BASELINE","857","5ef209d0fb091e692cdfcda51f0f671bbc405187030ca65a63b4abb900990b60"
"app/Application/PublicProjectionOutbox/Contract/PublicProjectionOutboxClaimManager.php","A ","HISTORICAL_TRACKED_BASELINE","995","13912f2092e90338f760affe7ccab1bfdc02419bc778fc39773bb259c696a224"
"app/Application/PublicProjectionOutbox/Contract/PublicProjectionOutboxCursorStore.php","A ","HISTORICAL_TRACKED_BASELINE","615","9e6b06352c861817b8e1fa2d5705f2bc0e0ca09efc56b366c21fce96f1a8fe80"
"app/Application/PublicProjectionOutbox/Contract/PublicProjectionOutboxReader.php","A ","HISTORICAL_TRACKED_BASELINE","1121","fc0183d4cafb353d23a70a86aa0a4d40389063f4731e44442a02271d63562b9a"
"app/Application/PublicProjectionOutbox/Contract/PublicProjectionOutboxRetryPolicy.php","A ","HISTORICAL_TRACKED_BASELINE","531","c576b8090299096904d3c473c2df83e5d77946c07837a52dc4e4d97e8b6cf5d7"
"app/Application/PublicProjectionOutbox/Contract/PublicProjectionOutboxRoutedWriterV1.php","A ","HISTORICAL_TRACKED_BASELINE","549","0d5a541c049f64326dc9acc5f24d4a8e45b6f9229d54cb7f037d2e6744e59bfa"
"app/Application/PublicProjectionOutbox/Contract/PublicProjectionOutboxWriter.php","A ","HISTORICAL_TRACKED_BASELINE","1651","a5514f83b92aeaf5ce16fb901c71de337aa2c6a188ab1e89b8a3a664d17a765d"
"app/Application/PublicProjectionOutbox/PublicProjectionOutboxAttemptCount.php","A ","HISTORICAL_TRACKED_BASELINE","535","07897b2a5b42b797087fab6e498215a341e301d75c87bd8d717037c0d563856e"
"app/Application/PublicProjectionOutbox/PublicProjectionOutboxClaimBatch.php","A ","HISTORICAL_TRACKED_BASELINE","286","a0d0a9b6d2a91b4909a4d88310c488dcdca65116ff430f87af6fca1701707e41"
"app/Application/PublicProjectionOutbox/PublicProjectionOutboxClaimOwnerId.php","A ","HISTORICAL_TRACKED_BASELINE","500","283c420216f960d72e7d6612f4698fb835444c9f3b527548704e88321fe26e88"
"app/Application/PublicProjectionOutbox/PublicProjectionOutboxClaimResult.php","A ","HISTORICAL_TRACKED_BASELINE","591","207351056a4962d811c9c3b0cc4e5e4063519221691fb0b48377c050d0d374ca"
"app/Application/PublicProjectionOutbox/PublicProjectionOutboxClaimState.php","A ","HISTORICAL_TRACKED_BASELINE","268","a6408f8bfd349729514c0eb3f0d9250424d5f418ed81a523e6a074d82ae691e9"
"app/Application/PublicProjectionOutbox/PublicProjectionOutboxConsumerId.php","A ","HISTORICAL_TRACKED_BASELINE","495","b8f94936b117051a9e8762b35a18c6db30dd21d34cc8b1ce5a124d347caffb55"
"app/Application/PublicProjectionOutbox/PublicProjectionOutboxCursor.php","A ","HISTORICAL_TRACKED_BASELINE","559","aefb953673fcd885a81cf35a31aace795e4fdfb63ba824a2beb774cc0282c2d6"
"app/Application/PublicProjectionOutbox/PublicProjectionOutboxCursorIdentity.php","A ","HISTORICAL_TRACKED_BASELINE","891","dbc3810d8d67b7f549ffe7a74e8d9bbdeecddbc2007c7379700c27827879e2fe"
"app/Application/PublicProjectionOutbox/PublicProjectionOutboxLease.php","A ","HISTORICAL_TRACKED_BASELINE","612","1fac56f638fd32aeece297ab05ded231cdfd1addc23214e041387f781311673e"
"app/Application/PublicProjectionOutbox/PublicProjectionOutboxQuarantineDecision.php","A ","HISTORICAL_TRACKED_BASELINE","435","9a4ad98fbbed857632e052c41c2f73332d1cc3d0b7fb9af3398519d8e4d904d9"
"app/Application/PublicProjectionOutbox/PublicProjectionOutboxQuarantineReason.php","A ","HISTORICAL_TRACKED_BASELINE","436","a7588f1873760504ccea0ef14cb02f871607a9b78570eb927dc04cc3dacfc05e"
"app/Application/PublicProjectionOutbox/PublicProjectionOutboxQuarantineRecord.php","A ","HISTORICAL_TRACKED_BASELINE","495","48c9d62b992754484ad14a741496657520f763df212058def6e1c1a1d2ca6452"
"app/Application/PublicProjectionOutbox/PublicProjectionOutboxRecord.php","A ","HISTORICAL_TRACKED_BASELINE","2518","9a9bacf7439870aa1f4840e0f6f38a61b2123fe67858c439215a3c5e18c646e2"
"app/Application/PublicProjectionOutbox/PublicProjectionOutboxReplayRequest.php","A ","HISTORICAL_TRACKED_BASELINE","428","53c15255a988eb2a08195b201e2881700bd13909620e1a41bf23355eff76b626"
"app/Application/PublicProjectionOutbox/PublicProjectionOutboxRetryBackoff.php","A ","HISTORICAL_TRACKED_BASELINE","361","8aaa1bb0de31e6dd44eef87b02ca6f9f3e71c94311cec9b16fe4f0b9cfe7b555"
"app/Application/PublicProjectionOutbox/PublicProjectionOutboxRetryClassification.php","A ","HISTORICAL_TRACKED_BASELINE","270","ed33c8b91a0ca684f34b459e808b264e90cc252570bc71b825e7f373ed607a7b"
"app/Application/PublicProjectionOutbox/PublicProjectionOutboxRetryDecision.php","A ","HISTORICAL_TRACKED_BASELINE","330","7778b51507b632384b56fa0f01d8e2a8ee879826948a2fba42449ec2e442d0ca"
"app/Application/PublicProjectionOutbox/PublicProjectionOutboxWriteResult.php","A ","HISTORICAL_TRACKED_BASELINE","360","704ed876359d1002fc36151601bbce1447a36c8740a5176591362a55edc19273"
"app/Application/PublicProjectionRebuild/Contract/PublicProjectionCandidateFactory.php","A ","HISTORICAL_TRACKED_BASELINE","385","2b45572e9e2ff8dff1209617f4204089d1730d0922f70085c27ef1712dc0700c"
"app/Application/PublicProjectionRebuild/Contract/PublicProjectionGenerationManager.php","A ","HISTORICAL_TRACKED_BASELINE","742","1d2437226ec4768b673c3b6b89e8c4b6be1b444ba5335e1d7c7c1afc526cbd98"
"app/Application/PublicProjectionRebuild/Contract/PublicProjectionGenerationValidator.php","A ","HISTORICAL_TRACKED_BASELINE","511","9870fecfeb0039f3b3915c0792c7677c5fb852dcaed1dc869c4d4d4203a05769"
"app/Application/PublicProjectionRebuild/Contract/PublicProjectionRebuildEnumerator.php","A ","HISTORICAL_TRACKED_BASELINE","389","36de284183b9023176f6008d94e99137494e370994a3d20d6834750cdb0c896e"
"app/Application/PublicProjectionRebuild/PublicProjectionGenerationManifest.php","A ","HISTORICAL_TRACKED_BASELINE","934","feecc2ad313ec080987dd6ab75cb7244f4c03536e36c28217c003ceb037ed7f5"
"app/Application/PublicProjectionRebuild/PublicProjectionGenerationManifestEntry.php","A ","HISTORICAL_TRACKED_BASELINE","496","a3c1b860908c3d90674158ef288a179209fe040dcddc6f504549118d32028969"
"app/Application/PublicProjectionRebuild/PublicProjectionGenerationTransition.php","A ","HISTORICAL_TRACKED_BASELINE","332","7483bf5ba562b6fc3a0d02569d20d2502ca340d725690630090c5453ecf5a1b5"
"app/Application/PublicProjectionRebuild/PublicProjectionGenerationValidation.php","A ","HISTORICAL_TRACKED_BASELINE","1233","19844380b0b8af435a1e4d93e29e768594a17dc7fe1f451b98400a1b5a14e642"
"app/Application/PublicProjectionRebuild/PublicProjectionRebuilder.php","A ","HISTORICAL_TRACKED_BASELINE","2545","6b172f1b9543c8b2e216289b1d156ada5999d364ce3ed4d35775e4810d1ff36e"
"app/Application/PublicProjectionRebuild/PublicProjectionRebuildPage.php","A ","HISTORICAL_TRACKED_BASELINE","464","0ecb57c362593c5ecb530af13c3689e0bbaf07efcb8549fe7c5b1c128edc6c7f"
"app/Application/PublicProjectionRebuild/PublicProjectionRebuildReport.php","A ","HISTORICAL_TRACKED_BASELINE","513","d218b2b40c7214eda3d334d8fa6a6ae7846615e6749c90be4965c9c20923e791"
"app/Application/PublicProjectionRebuild/PublicProjectionRebuildScope.php","A ","HISTORICAL_TRACKED_BASELINE","1342","75417299a2e02bf1dc4b624de94b28c80d549a2b87ba04354bcc24c512820170"
"app/Application/PublicProjectionRebuild/PublicProjectionRebuildScopeType.php","A ","HISTORICAL_TRACKED_BASELINE","191","d6b659f8df8ee0ab69aa782305674743abcde0f78f1253cb2b5ed91d447ae954"
"app/Application/PublicProjectionReconciliation/Contract/PublicProjectionReconciliationSource.php","A ","HISTORICAL_TRACKED_BASELINE","309","2d43c1070a049fa7419ec1b2bdae90f3d8cbe9d93690abf3e7263b2087c11876"
"app/Application/PublicProjectionReconciliation/Contract/PublicProjectionReplayPlanner.php","A ","HISTORICAL_TRACKED_BASELINE","269","0575d092ca4c38c796f1bb18955a3187ae9b0e141b4b24dff040d58334bfc352"
"app/Application/PublicProjectionReconciliation/PublicProjectionDivergence.php","A ","HISTORICAL_TRACKED_BASELINE","261","03980cd3ac4002edf3a8b909a94dbf19c15e6debc30b0b8c93375570aeb03c5f"
"app/Application/PublicProjectionReconciliation/PublicProjectionDivergenceType.php","A ","HISTORICAL_TRACKED_BASELINE","388","11c7bc61b93a513e51f0291f94a2ce21bde941a820b9f8e88bd10a565077e085"
"app/Application/PublicProjectionReconciliation/PublicProjectionReconciliationAnalysis.php","A ","HISTORICAL_TRACKED_BASELINE","297","4051030d37230eccd1f25b1f8ce2c9a5adf68599047f36c610ab62824895b7aa"
"app/Application/PublicProjectionReconciliation/PublicProjectionReconciliationDecision.php","A ","HISTORICAL_TRACKED_BASELINE","370","8f15fecf218fd80121f03e399cc94af23320eeb45d7ae036b2dbc29f03af68b3"
"app/Application/PublicProjectionReconciliation/PublicProjectionReconciliationDetector.php","A ","HISTORICAL_TRACKED_BASELINE","1286","8a60ddb6dc5547aaab7a26f35333af8f3f69c24da4066c6bf5d27627bcb6265b"
"app/Application/PublicProjectionReconciliation/PublicProjectionReconciliationEngine.php","A ","HISTORICAL_TRACKED_BASELINE","3401","23877d5c2a54932903fad9caf2386730506ad23026b1213ab4cd6c25a29925a3"
"app/Application/PublicProjectionReconciliation/PublicProjectionReconciliationObservation.php","A ","HISTORICAL_TRACKED_BASELINE","1234","b4ff8cc7b779c3a374eca677a293d424d60e35d6800a6f1c99389a8811956712"
"app/Application/PublicProjectionReconciliation/PublicProjectionReconciliationPage.php","A ","HISTORICAL_TRACKED_BASELINE","301","ff711d05ef0aba7efb37244eb107b7323891c860a97aeec8349b55c56184ec0a"
"app/Application/PublicProjectionReconciliation/PublicProjectionReconciliationPolicy.php","A ","HISTORICAL_TRACKED_BASELINE","1555","20c48063cefb302f1aa979b61e3040996909b62857ed6e280cbe33ae566b9277"
"app/Application/PublicProjectionReconciliation/PublicProjectionReconciliationResult.php","A ","HISTORICAL_TRACKED_BASELINE","337","17d6fb5592293ac2f9b40cd56b920f29cf6880c0c21240520a1869e6ebe7512f"
"app/Application/PublicProjectionRetry/Contract/PublicProjectionRetryBackoffStrategy.php","A ","HISTORICAL_TRACKED_BASELINE","389","f8641e0eae3323f8e1312d8b030fc6956b80ae66db1153fb9699763fd22c4ea7"
"app/Application/PublicProjectionRetry/PublicProjectionDeliveryTechnicalMetrics.php","A ","HISTORICAL_TRACKED_BASELINE","732","b1e394f3b91b3d006f15cbacf66142e7b0f617527622d44590478c8e8afb6daa"
"app/Application/PublicProjectionRetry/PublicProjectionDeterministicRetryPolicy.php","A ","HISTORICAL_TRACKED_BASELINE","2580","d6d2595975109c45a9a3c30d9e6ba770abc32b11b22e0ca8e920f29a37b10a42"
"app/Application/PublicProjectionRetry/PublicProjectionExponentialBackoff.php","A ","HISTORICAL_TRACKED_BASELINE","1036","288d266702d487f89e2908f3cd31f4cef7a03666fd412bc16f0af15b1fd2c289"
"app/Application/PublicProjectionRetry/PublicProjectionFixedBackoff.php","A ","HISTORICAL_TRACKED_BASELINE","670","99cafec4a6cd4ebb28596b627f1ceafa28ec311abe399fbe3c3f78c2bea44068"
"app/Application/PublicProjectionRetry/PublicProjectionQuarantineReleasePolicy.php","A ","HISTORICAL_TRACKED_BASELINE","1095","7bff01335351ec0613bf66c75d9144a39d70e64e657255d337de673890ebe399"
"app/Application/PublicProjectionRetry/PublicProjectionReplayAuthorization.php","A ","HISTORICAL_TRACKED_BASELINE","501","730f5a094b622a54762f03ad943f139056bfea92bbb88597ac2b4f2bd9ed870a"
"app/Application/PublicProjectionRetry/PublicProjectionReplayDecision.php","A ","HISTORICAL_TRACKED_BASELINE","287","af8a808354dd00dd112453543a1255647e6ab22b6b42fcf8970b770c9ab74114"
"app/Application/PublicProjectionRetry/PublicProjectionReplayRequest.php","A ","HISTORICAL_TRACKED_BASELINE","1809","6f0fac849952d68abf0fe4815a94e5e3b7b1dc0373c8a81077eac4f6f5c1fff5"
"app/Application/PublicProjectionRetry/PublicProjectionReplayScope.php","A ","HISTORICAL_TRACKED_BASELINE","263","a6cc84087297d354a67da15be7b2833773c1286e88ece13d8263303b9c0f6935"
"app/Application/PublicProjectionRetry/PublicProjectionRetryDisposition.php","A ","HISTORICAL_TRACKED_BASELINE","311","2a26d79dd7fec5cf7cb7e611542f15b0a43d9dcd888dc2ff5f61c921988650aa"
"app/Application/PublicProjectionRetry/PublicProjectionRetrySchedule.php","A ","HISTORICAL_TRACKED_BASELINE","711","03edf61645bae06a0e002b31d90f78f63036bf01b893d81b51175d1376127a81"
"app/Application/PublicProjectionSourceLookup/Contract/MediaCollectionPropertyResolver.php","A ","HISTORICAL_TRACKED_BASELINE","295","4337f2b8dcd631df9e6891c7804ee2c703691ada310bbbd4b3a20da98e9a3919"
"app/Application/PublicProjectionSourceLookup/MediaCollectionPropertyResolution.php","A ","HISTORICAL_TRACKED_BASELINE","239","904f1527c86f32a4586c58250c853e16bb012ff8f89256e1fb9245c00e6d0fe4"
"app/Application/PublicProjectionSourceLookup/MediaCollectionPropertyStatus.php","A ","HISTORICAL_TRACKED_BASELINE","235","4df96c3b7da1105b7b28a18a58786389c6bf686ce4e56f2158c2138e43b73aa0"
"app/Application/PublicProjectionStore/Contract/PublicListingProjectionWriter.php","A ","HISTORICAL_TRACKED_BASELINE","1084","3350ac63c24dfb6fe78209aeace61d17e446a2e32cb66c3f3aaa15db27883712"
"app/Application/PublicProjectionStore/PublicListingProjectionRecord.php","A ","HISTORICAL_TRACKED_BASELINE","3489","9b7b0d99e72d870d805c005519c4b3c17934cf19610403c0576eb69e0520ff1e"
"app/Application/PublicProjectionStore/PublicListingProjectionState.php","A ","HISTORICAL_TRACKED_BASELINE","203","f467fdad358e87e3a1bfb9f8bcfa5c97aba977f0f0088b276e5a8279bfac2132"
"app/Application/PublicProjectionStore/PublicProjectionGeneration.php","A ","HISTORICAL_TRACKED_BASELINE","232","ca927c95a8d31442adb9feeba8ef3307a7d8dd3266386167f7b74df576b0fbd5"
"app/Application/PublicProjectionStore/PublicProjectionGenerationId.php","A ","HISTORICAL_TRACKED_BASELINE","682","73fa91875df9c45bbc6dc885248b5d50116209537b5972e3a31c6635c0b2740f"
"app/Application/PublicProjectionStore/PublicProjectionGenerationState.php","A ","HISTORICAL_TRACKED_BASELINE","198","139de3e19869882526fc51a72446715dabc42694f3375e473c61b8a45bf3fddf"
"app/Application/PublicProjectionStore/PublicProjectionPromotionReadiness.php","A ","HISTORICAL_TRACKED_BASELINE","378","0bd79c9088b7643ca2307a78a0f4e00e932ca1928a4ca0e4b0927ab81b9168e7"
"app/Application/PublicProjectionStore/PublicProjectionWatermark.php","A ","HISTORICAL_TRACKED_BASELINE","2853","c0625192d3b39cb3a72315ab8edf137fd645330dff0bd611272bb36f67f9e17d"
"app/Application/PublicProjectionStore/PublicProjectionWatermarkRelation.php","A ","HISTORICAL_TRACKED_BASELINE","262","38f38213219eb283fc8b638085829056bb315db8f520b59b2dcc9e6dcf8220cc"
"app/Application/PublicProjectionStore/PublicProjectionWriteResult.php","A ","HISTORICAL_TRACKED_BASELINE","590","2b96e91c43bcbcbd1e8e8a8563a4e849087a8c7910ea71ce8e338b0749b0a31f"
"app/Application/PublicProjectionUpdater/Contract/PublicListingProjectionSource.php","A ","HISTORICAL_TRACKED_BASELINE","278","d0e42051300c290ae6611cd4946b369fb514d4d0e6f60837c62813b7cb51368d"
"app/Application/PublicProjectionUpdater/PublicListingProjectionSources.php","A ","HISTORICAL_TRACKED_BASELINE","2150","8c5478a8c19478d6aa6b4306cdf6b53b60fc08093940e234c2f8d70588f5b1a7"
"app/Application/PublicProjectionUpdater/PublicListingProjectionUpdateOutcome.php","A ","HISTORICAL_TRACKED_BASELINE","763","63a38d6c53f3f263a9181fd552350580c1dd4e19656c577824e71108d66fe3ca"
"app/Application/PublicProjectionUpdater/PublicListingProjectionUpdater.php","A ","HISTORICAL_TRACKED_BASELINE","4770","cd6286a2fe6fb746a7e2b8289582115cd13939610f08c106a896ca1311f25256"
"app/Application/PublicProjectionUpdater/PublicListingProjectionUpdateResult.php","A ","HISTORICAL_TRACKED_BASELINE","509","af2030e0a675b5c99786b0e6890db35ca2d9f86af7fc9eeadb7b13e8e78e56de"
"app/Application/PublicProjectionUpdaterIntegration/Contract/PublicProjectionSourceLookup.php","A ","HISTORICAL_TRACKED_BASELINE","395","cdaa04eb0930cc50234bb5e242edf39656badacf136cbae2b27833ad1803afd6"
"app/Application/PublicProjectionUpdaterIntegration/Contract/PublicProjectionUpdateExecutor.php","A ","HISTORICAL_TRACKED_BASELINE","290","fbe0ff979224c20a1cca9380881fdf91a726e30bb810650b965148ad665d96a3"
"app/Application/PublicProjectionUpdaterIntegration/PublicListingProjectionUpdaterExecutor.php","A ","HISTORICAL_TRACKED_BASELINE","661","82ca08531efb14fccb00361227581702b9e276828ec48b580730bd6ac137a65a"
"app/Application/PublicProjectionUpdaterIntegration/PublicProjectionSourceDiagnostic.php","A ","HISTORICAL_TRACKED_BASELINE","349","1609b1447c6c6b1e1586f47a2a29608ebbb9b927cf5d8a296eb4fa4c688f4127"
"app/Application/PublicProjectionUpdaterIntegration/PublicProjectionSourceResolution.php","A ","HISTORICAL_TRACKED_BASELINE","1541","32e3bb2cf49a356180cff3c9b9bd21e8e0f573a5917104a1131c1752853037cc"
"app/Application/PublicProjectionUpdaterIntegration/PublicProjectionSourceResolutionStatus.php","A ","HISTORICAL_TRACKED_BASELINE","826","d7837ef0a01c700874fe2c4137dae59609ef42c09c75603c212863b2214383f5"
"app/Application/PublicProjectionUpdaterIntegration/PublicProjectionSourceResolver.php","A ","HISTORICAL_TRACKED_BASELINE","1443","8d792bcac340b9bdbf598ce1dccd642937d991179c9b808d18897370a65c0a26"
"app/Application/PublicProjectionUpdaterIntegration/PublicProjectionUpdaterConsumer.php","A ","HISTORICAL_TRACKED_BASELINE","5778","4cef5f1c845736abbf31cf0fb2f8998e3006733c2a27ca5afb01758a6d163f4a"
"app/Application/PublicProjectionWorker/Contract/PublicProjectionDeliveryClock.php","A ","HISTORICAL_TRACKED_BASELINE","181","a9ad18908e35edf0c55606f83621e333ffe7d55380da02d43d9fa55619fff1eb"
"app/Application/PublicProjectionWorker/PublicProjectionDeliveryBatchResult.php","A ","HISTORICAL_TRACKED_BASELINE","605","f054bc3de4a4522b1e3a7f522b021adefdf24ac17ea3d8f766c0abf09c0c0aae"
"app/Application/PublicProjectionWorker/PublicProjectionDeliveryConsumerRegistration.php","A ","HISTORICAL_TRACKED_BASELINE","1469","678d244b5c1973f8fbf4b0f44318d2fadb027ddb41c85544629844d9c13e93ef"
"app/Application/PublicProjectionWorker/PublicProjectionDeliveryConsumerRegistry.php","A ","HISTORICAL_TRACKED_BASELINE","2108","ebcced18d11da3e3d05b719713ed42e2fe032a2b20b8cb8d9292ea7afabf12cd"
"app/Application/PublicProjectionWorker/PublicProjectionDeliveryConsumerResolution.php","A ","HISTORICAL_TRACKED_BASELINE","1248","a75d75e355735d49b6781aecea40fa9d86734754400423f37a87dec51f24aec9"
"app/Application/PublicProjectionWorker/PublicProjectionDeliveryMessageOutcome.php","A ","HISTORICAL_TRACKED_BASELINE","409","9cf91c2272c6266736fbebf3e3bcae95c54006b4289c8f69100aa5c554b72258"
"app/Application/PublicProjectionWorker/PublicProjectionDeliveryMode.php","A ","HISTORICAL_TRACKED_BASELINE","165","25a0601b4598a117c10821f7d0089381774c832cb1a5f61ab4fafbb69efdf537"
"app/Application/PublicProjectionWorker/PublicProjectionDeliveryOutcome.php","A ","HISTORICAL_TRACKED_BASELINE","656","9d0754e0c17e4b4f2f0b3e62d6e7a8d0a911d4fb7e97528b8669b84d15f8422f"
"app/Application/PublicProjectionWorker/PublicProjectionDeliveryWorker.php","A ","HISTORICAL_TRACKED_BASELINE","10904","8bb84ab481fae46c379c2dc2e48e8aae516d4e61d9748c3a1e7120d400221162"
"app/Application/PublicProjectionWorker/PublicProjectionDeliveryWorkerId.php","A ","HISTORICAL_TRACKED_BASELINE","480","fe637236cc289e44836f0a8622d853df9a3aa8fa45d46920677d2ffce18f252c"
"app/Application/ReservationLifecycleEventConsumer/ReservationLifecycleDeliveryConsumer.php","A ","HISTORICAL_TRACKED_BASELINE","2297","f5a244cc3598da046f6cc2725694822976031b97b6579ab3a4e9c1992d7a0011"
"app/Application/ReservationLifecycleEventConsumer/ReservationLifecycleDeliveryConsumptionPolicy.php","A ","HISTORICAL_TRACKED_BASELINE","1091","c336cb000d6b33e606c9ba3dd9a0cae8bfee7c6672a7d80f8a64815b252d2e0a"
"app/Application/ReservationLifecycleEventIntegration/Contract/ReservationLifecycleAtomicTransaction.php","A ","HISTORICAL_TRACKED_BASELINE","199","5fa6808189f9ba852deda6b5b14734956335f2abb9ff8dab6ec9dcc8e968adca"
"app/Application/ReservationLifecycleEventIntegration/ReservationLifecycleAtomicEventOrchestrator.php","A ","HISTORICAL_TRACKED_BASELINE","4717","cc9e749222bc300d185103d0d8d7c3962fb9d8f1d3957641101e1c163907f858"
"app/Application/ReservationLifecycleEventIntegration/ReservationLifecycleAtomicEventRequest.php","A ","HISTORICAL_TRACKED_BASELINE","1165","1abe8f3543a3381afbe1c1ae23c999eb34a3a3ef0ddb571160fa6e2a7cb96681"
"app/Application/ReservationLifecycleEventIntegration/ReservationLifecycleEventIntegrationFailure.php","A ","HISTORICAL_TRACKED_BASELINE","179","84bac728d101fcee19d0e62b18fca481582aa56ef476d4729acb26214eb7b1dc"
"app/Application/ReservationLifecycleEventRouting/DeterministicReservationLifecycleEventRouter.php","A ","HISTORICAL_TRACKED_BASELINE","2357","09bcdc2c2a9ebd34b4408c1239fe08b01ef04a3967781c243dd494f5d0b6ddf7"
"app/Application/ReservationLifecycleEventRouting/ReservationLifecycleInboxStore.php","A ","HISTORICAL_TRACKED_BASELINE","409","b9acd2104be65528938076f3fa24479ee0c336e228097e558d28f4ecd1998fd5"
"app/Application/ReservationLifecycleEventTransport/ReservationLifecycleDeliveryMetadata.php","A ","HISTORICAL_TRACKED_BASELINE","1218","b2ebe430128e5d0963cc5a98c2097d8ac92c64af0af4264a8569776f89d69c03"
"app/Application/ReservationLifecycleEventTransport/ReservationLifecycleDeliveryPayload.php","A ","HISTORICAL_TRACKED_BASELINE","5990","461211a3f8eed39922975c87b9401ed26a8114d69a1db34b6d9b966bd148b47e"
"app/Application/ReservationLifecycleEventTransport/ReservationLifecycleEventRouterPort.php","A ","HISTORICAL_TRACKED_BASELINE","231","5c50a9a1601188eafd24fe1a467782b27f1b39cd12c8a9409a788942f236561a"
"app/Application/ReservationLifecycleEventTransport/ReservationLifecycleRoutingResult.php","A ","HISTORICAL_TRACKED_BASELINE","214","7f4f121f12fbc9d0a527db04fd67cc7ed0e471301c9569a3caebecbcd802458e"
"app/Application/ReservationLifecycleEventTransport/ReservationLifecycleRoutingStatus.php","A ","HISTORICAL_TRACKED_BASELINE","300","ca72d2d95ecd5756a85f54680c41fc46a9d0a74d713547443ab2aee0d2e67fd3"
"app/Application/ReservationLifecycleEventTransport/ReservationLifecycleTransportEnvelope.php","A ","HISTORICAL_TRACKED_BASELINE","1430","ddf57e5b5c82574eb23ee054b6e7a8f551c1a1d61cb26a22d77d7a819de389ea"
"app/Application/ReservationLifecycleEventTransport/ReservationLifecycleTransportSerializer.php","A ","HISTORICAL_TRACKED_BASELINE","623","f7e8147e80e52f522bd88d7553e00ad09c86cc6b9b3e5321dde7f3fefc71bca9"
"app/Application/RuntimeHealth/Contract/RuntimeHealthInspector.php","A ","HISTORICAL_TRACKED_BASELINE","203","ca4455de504c23c566356bb189726ac503f9ba532abe7980f9977dfd8352599a"
"app/Application/RuntimeHealth/DeterministicRuntimeHealthInspector.php","A ","HISTORICAL_TRACKED_BASELINE","2987","1f029898eb2653a45f04346eee131524ba7f2e486f96582bb44600bef2455f9f"
"app/Application/RuntimeHealth/PublicProjectionRuntimeRequirements.php","A ","HISTORICAL_TRACKED_BASELINE","14026","193a874fd19caf3a440431a47348db702a3fdc77e495ca2ab0782b426f839dd8"
"app/Application/RuntimeHealth/RuntimeHealthComponent.php","A ","HISTORICAL_TRACKED_BASELINE","4629","57e56bbc35b633ac4544de033c2891d708375d3f6fdd1059dd4a75f8a6e24845"
"app/Application/RuntimeHealth/RuntimeHealthDiagnostic.php","A ","HISTORICAL_TRACKED_BASELINE","330","5e47904785d245d1f9068300ff83f240e6d61e47661d6b96dba9c9b8a5f75129"
"app/Application/RuntimeHealth/RuntimeHealthDiagnosticCode.php","A ","HISTORICAL_TRACKED_BASELINE","378","e418c3674b6d314febcaa93adc276a1dbadd3068a07cda1c9de87a5fac3897e7"
"app/Application/RuntimeHealth/RuntimeHealthRegistration.php","A ","HISTORICAL_TRACKED_BASELINE","421","0c6dc72da55564df43ee2e1cd79435d8eeb27aa167c5bbd74fa732e58bb313ce"
"app/Application/RuntimeHealth/RuntimeHealthRequirement.php","A ","HISTORICAL_TRACKED_BASELINE","477","7667a51775c0c4d00921ca093cbb6f3503cc7d66c6be25db5c20656639ca8dbc"
"app/Application/RuntimeHealth/RuntimeHealthResult.php","A ","HISTORICAL_TRACKED_BASELINE","253","a57c427abc3ad2f4d7c8d28d8e9fec840533cb1d923b923dc3addcc4f6e4c976"
"app/Application/RuntimeHealth/RuntimeHealthStatus.php","A ","HISTORICAL_TRACKED_BASELINE","186","cc6219f83f22a82984d82bca56f9b1a30058a555e6e1f45d42b6dea04f265eb8"
"app/Http/AccountStatusHttpResultPresenter.php","A ","HISTORICAL_TRACKED_BASELINE","2579","c5e84f38afddc1368ddca5a467505e73706f2bc4442976fd1376595bb9b141e4"
"app/Http/AdministrativeActionLifecycleHttpResultMapper.php","A ","HISTORICAL_TRACKED_BASELINE","1857","08db394056a34a1468818e11ebe18c55e0ddaf6bfe4d0bc6820f708925391d3f"
"app/Http/Controllers/AccountStatusHttpController.php","A ","HISTORICAL_TRACKED_BASELINE","1387","efc3d2c886f66f82b75c799f9ab1b2bed4b2801f13c18165aef179ca9b67b929"
"app/Http/Controllers/AdministrativeActionLifecycleHttpController.php","A ","HISTORICAL_TRACKED_BASELINE","1416","52b3030a1aa5df5366ec02dfd4c125b626cf9a306ce120f60fbd5d974ab899de"
"app/Http/Controllers/AuthoringWorkspaceController.php","A ","HISTORICAL_TRACKED_BASELINE","224","4fcd97269287b1f4b4907c72dd9f0f10324e0c40632697a6946e05d436eb7063"
"app/Http/Controllers/Controller.php","  ","HISTORICAL_TRACKED_BASELINE","77","25d1c1ef8e6cc8a376553faacfba2b07d9dfaee9bdbb84f14f77517580e9deb1"
"app/Http/Controllers/IdentityAccessHttpController.php","A ","HISTORICAL_TRACKED_BASELINE","4918","5cc09379a7d9abdee354a12281dde215cca38ec2d62ab5f207b38731e3921bb9"
"app/Http/Controllers/LeadLifecycleHttpController.php","A ","HISTORICAL_TRACKED_BASELINE","1138","d86bfaf79eb0a4637ce743e517b8db14a0f370c2b32b5578618e9cf35df3343d"
"app/Http/Controllers/ListingPublicationTransitionController.php","A ","HISTORICAL_TRACKED_BASELINE","1794","1e0e58dc8021d3702ccfa84170262f6001b5f427984a39bf6aff1124f2275ad7"
"app/Http/Controllers/MediaItemLifecycleHttpController.php","A ","HISTORICAL_TRACKED_BASELINE","1192","391a6e60021e35cac0232931db894d13058de3d67b107c99f93cba8e686e1a84"
"app/Http/Controllers/ModerationHttpController.php","A ","EXPECTED_PHASE_5_3_ARTIFACT","1765","31e95c86930a7aebe4e04a78cc4cbb04e445bddced315a4367604d64dcd0ab8c"
"app/Http/Controllers/PlaceLifecycleHttpController.php","A ","HISTORICAL_TRACKED_BASELINE","872","75c09831e2920acf752e44d06761a20e963e07d19e94ee89e9f65399f3f4e1b5"
"app/Http/Controllers/ProfessionalProfileHttpController.php","A ","HISTORICAL_TRACKED_BASELINE","1363","22726e7670a3e736363764324e57224dea55610203263c9fa43e591e7d7c73cd"
"app/Http/Controllers/ProfessionalStatusHttpController.php","A ","HISTORICAL_TRACKED_BASELINE","1208","52caa6a9c8f48d61a73caa843db58edad05d2bf7ee1fe320564c7c4e1270fd0b"
"app/Http/Controllers/PropertyLifecycleTransitionController.php","A ","HISTORICAL_TRACKED_BASELINE","1777","9d5506c085896104079687dc3ace54b8ee371030fbc09d34c4fe32b3600cc2ec"
"app/Http/Controllers/PropertyListingAuthoringHttpController.php","A ","HISTORICAL_TRACKED_BASELINE","2505","53eee6db073f7baee35266186a09b00b058f3f2266905c1da7239fde64e31b2d"
"app/Http/Controllers/PublicAuthoringJourneyController.php","A ","HISTORICAL_TRACKED_BASELINE","2701","758c9ba0c93a9aedcca6feb1a8dc180b5972fa07c760517a92d2483dbc8929eb"
"app/Http/Controllers/PublicListingController.php","A ","HISTORICAL_TRACKED_BASELINE","5521","9a2521de3047dbcdf7ec97ce6f3af0222d25409ad906fb949be615c0bfaf17b6"
"app/Http/Controllers/ReservationLifecycleHttpController.php","A ","HISTORICAL_TRACKED_BASELINE","1080","11996b98bad89c224f9108b8b52c3215b24d5fd33cc3d7ff39e57da888dd8e7c"
"app/Http/HistoricalRedirectHttpDiagnosticCode.php","A ","HISTORICAL_TRACKED_BASELINE","727","9e4399d551eeee694f05edcee5118dc1a19f24ca08463d95e72fde82f570972e"
"app/Http/LeadLifecycleHttpResultMapper.php","A ","HISTORICAL_TRACKED_BASELINE","1462","933a237b53ca7f46b2dcd5dc59de2492b20f932af9f19f87879e772eed1e048e"
"app/Http/MediaItemLifecycleHttpResultMapper.php","A ","HISTORICAL_TRACKED_BASELINE","1521","dc4ac39aa3bff661e9eadd2d655324f884d7bf744608bab3dcaa41837a8a615c"
"app/Http/Middleware/RequireAccountStatusLifecycleAuthority.php","A ","HISTORICAL_TRACKED_BASELINE","1162","2ab52f25bbedb3ab5f1504dd243e6609921efa5851f96db98af58ed652afdf67"
"app/Http/Middleware/RequireIdentityAccessSession.php","A ","HISTORICAL_TRACKED_BASELINE","1373","77a4735f415751edd8cba2569665f2c6febf44d0dbccad8005a9b5f380db82e2"
"app/Http/ModerationHttpResponseMapper.php","A ","EXPECTED_PHASE_5_3_ARTIFACT","1791","673589ff40b84ce20c6961e1613ea41b4401dac72e18541572a9986520f843d1"
"app/Http/PlaceLifecycleHttpResultMapper.php","A ","HISTORICAL_TRACKED_BASELINE","2199","a68441ee8f116e6a2c348e2181656c55664fc58afa2c67ab8c2e7c402ad4689f"
"app/Http/ProfessionalHttpResponse.php","A ","HISTORICAL_TRACKED_BASELINE","222","7dd4e26a77042f48cd8bda73a2172ee62e442bf3b2cae544fb25e59d336655d5"
"app/Http/ProfessionalMandateHttpPresenter.php","A ","HISTORICAL_TRACKED_BASELINE","1289","afe8a6840dd624b999fa046e178f881968618cf4a93e5ef346624c5d9cc19202"
"app/Http/ProfessionalStatusHttpPresenter.php","A ","HISTORICAL_TRACKED_BASELINE","804","611fc1b59a831e270e1ae32416aa3dc8bd9767de7f2f6045dc0f7c4609876266"
"app/Http/ProfessionalStatusHttpResultMapper.php","A ","HISTORICAL_TRACKED_BASELINE","1537","139e827826fca6af46427a7728ea56ff13d9b5ea025b47130ed57a07521cf1ae"
"app/Http/Requests/AccountStatusTransitionHttpRequest.php","A ","HISTORICAL_TRACKED_BASELINE","4019","25d1ded12f7f463b46ff7f2104c9a940685b9f7cdf8f702c888010e79a5e3003"
"app/Http/Requests/AdministrativeActionLifecycleTransitionRequest.php","A ","HISTORICAL_TRACKED_BASELINE","8257","818ba51ade0b4633645c5096332b8c28d0adc15d021f32bde7b3523f762ab955"
"app/Http/Requests/IdentityAccessHttpRequest.php","A ","HISTORICAL_TRACKED_BASELINE","4511","957a8a6aab24007c4aebe1b996e6708e6fbe62780f1199956c921f793752a050"
"app/Http/Requests/LeadLifecycleTransitionRequest.php","A ","HISTORICAL_TRACKED_BASELINE","2239","2d1b0f266a388f45319e6f99012853bd59b7180d7e2d0f0b2494d3ef34edbbb4"
"app/Http/Requests/ListingPublicationTransitionHttpRequest.php","A ","HISTORICAL_TRACKED_BASELINE","2448","4d974331c4348d7058b4ddcae33956ba53e41d3e830fe2a464444b1f96cd5ffa"
"app/Http/Requests/MediaItemLifecycleTransitionRequest.php","A ","HISTORICAL_TRACKED_BASELINE","4314","664bf7de1d0e2d37587a10700e8e66fcb183b22f1b08b28af064563d2c06145e"
"app/Http/Requests/ModerationHttpRequest.php","A ","EXPECTED_PHASE_5_3_ARTIFACT","5228","9f61f8ff8b8d8c0a6be6453ed71288969f419d8c32dff26bff5797bee0620ac4"
"app/Http/Requests/PlaceLifecycleTransitionRequest.php","A ","HISTORICAL_TRACKED_BASELINE","6768","d51cf3d7cb1bd7148e01e5df4ea9470e0a37e1699f29019d6225a244d6e85bca"
"app/Http/Requests/ProfessionalProfileHttpRequest.php","A ","HISTORICAL_TRACKED_BASELINE","640","84e8b4dc0fa74e0ed541dad227dc66a00ecb2d718955fac47072e49daaa0e75b"
"app/Http/Requests/ProfessionalStatusTransitionRequest.php","A ","HISTORICAL_TRACKED_BASELINE","2583","53fed36691dfea92c3ef2d8ea33dc1137197b7816bdcafe6d23c47a36e639c7a"
"app/Http/Requests/PropertyLifecycleTransitionHttpRequest.php","A ","HISTORICAL_TRACKED_BASELINE","2077","f321fafe2a76dec55fc39e498c20cc28634c9956d22129f7a7e72548bc3652ac"
"app/Http/Requests/PropertyListingAuthoringHttpRequest.php","A ","HISTORICAL_TRACKED_BASELINE","3607","bd7bec911634aad52cd6835ef6e87dc4a596e633ea9277a55788e244e97acb20"
"app/Http/Requests/PublicAuthoringJourneyHttpRequest.php","A ","HISTORICAL_TRACKED_BASELINE","4352","b660a6c969f327376ca5d21c1168809b6d654be31fc12d04a807f199dba63e9f"
"app/Http/Requests/ReservationLifecycleTransitionRequest.php","A ","HISTORICAL_TRACKED_BASELINE","1995","a72bb3c9e7421b8d34ba1608f9129d41959bcf8029a59114e5b8f399de1810c6"
"app/Http/ReservationLifecycleHttpResultMapper.php","A ","HISTORICAL_TRACKED_BASELINE","1486","a9453df6bc900eb2d133b9f2b8c3088e3ae93210ac1534a3645c5aeddbdcd5ad"
"app/Infrastructure/ActiveGenerationReader/PostgreSql/PostgreSqlActiveGenerationMapper.php","A ","HISTORICAL_TRACKED_BASELINE","1106","5bb4e2ead7d34f4b25ce6acfb07ed48703a8bb7bd2cdb605e2113ed5205c94ab"
"app/Infrastructure/ActiveGenerationReader/PostgreSql/PostgreSqlActiveGenerationReader.php","A ","HISTORICAL_TRACKED_BASELINE","1143","cf0a8aced4b197e0d083145655bd56372bcc4516111bbce1cca07a62e550d75a"
"app/Infrastructure/AdministrativeActionLifecycleEventRouting/PostgreSql/Migrations/036_administrative_action_lifecycle_event_inbox.down.sql","A ","HISTORICAL_TRACKED_BASELINE","87","aaf87a6dbf07d9fba1de2280fee719cd81c639cb0eebfb19414bff1f162c7455"
"app/Infrastructure/AdministrativeActionLifecycleEventRouting/PostgreSql/Migrations/036_administrative_action_lifecycle_event_inbox.sql","A ","HISTORICAL_TRACKED_BASELINE","1270","1bfc55b7dd42806a568f9f36972f9d81b3e71a6d7f61e591849a6f62de47a591"
"app/Infrastructure/AdministrativeActionLifecycleEventRouting/PostgreSql/PostgreSqlAdministrativeActionLifecycleInboxRepository.php","A ","HISTORICAL_TRACKED_BASELINE","6012","b4f3cc34c7430260590ce4b94aab349df3313fc68752817d44fa303e1de839c4"
"app/Infrastructure/Authoring/PropertyAuthoringCatalogAdapter.php","A ","HISTORICAL_TRACKED_BASELINE","773","ff1978e18e07b914182e18707694b4277101531debbcea20c09659b112345c35"
"app/Infrastructure/DecisionTimeSource/ContentSeoSnapshotDecisionTimeMapper.php","A ","HISTORICAL_TRACKED_BASELINE","989","0a765180df4f13fb6c0a0437808efc0e5e60845e610e88bc9ed95c9336b1d966"
"app/Infrastructure/DecisionTimeSource/ContentSeoSnapshotDecisionTimeReader.php","A ","HISTORICAL_TRACKED_BASELINE","929","2a0ecd20757a9fe17fc38f9c1bd8412c22f4eacc7db705e5c0275b0987ab863e"
"app/Infrastructure/IdentityAccessEventOutbox/PostgreSql/PostgreSqlIdentityAccessOutbox.php","A ","HISTORICAL_TRACKED_BASELINE","9232","05b2b0ed40b44b1bfa3217968db880e1672b6da1e56a70dc0d15843ed5bdee9c"
"app/Infrastructure/LeadLifecycleEventRouting/PostgreSql/Migrations/025_lead_lifecycle_event_inbox.down.sql","A ","HISTORICAL_TRACKED_BASELINE","64","fa916832a989bd430718c8eac2567f7e9f9e7358033ba9ff2dc79df009805c1c"
"app/Infrastructure/LeadLifecycleEventRouting/PostgreSql/Migrations/025_lead_lifecycle_event_inbox.sql","A ","HISTORICAL_TRACKED_BASELINE","1039","6cf98c847b8da5847fc03912487ac7af399a83e90d3d9e0795fbd224f8bfc74b"
"app/Infrastructure/LeadLifecycleEventRouting/PostgreSql/PostgreSqlLeadLifecycleInboxRepository.php","A ","HISTORICAL_TRACKED_BASELINE","5417","108c70357a268918737cd903d8535653b237491131106dcdf0a7c6ded3d33e22"
"app/Infrastructure/ListingPublicationEventRouting/PostgreSql/Migrations/016_listing_publication_event_inbox.down.sql","A ","HISTORICAL_TRACKED_BASELINE","64","ca993198e1964a6f5a5afad364a53e9a3fe425e4355c59ce78c129890b5b45eb"
"app/Infrastructure/ListingPublicationEventRouting/PostgreSql/Migrations/016_listing_publication_event_inbox.sql","A ","HISTORICAL_TRACKED_BASELINE","826","b283c6505e83a0ea71a7a45a224244a6551bfce9633492dbc23a8da092215683"
"app/Infrastructure/ListingPublicationEventRouting/PostgreSql/PostgreSqlListingPublicationEventInbox.php","A ","HISTORICAL_TRACKED_BASELINE","3567","c5b22930db1f7583f2962526909703788529ee2ace396b6d608395f647382121"
"app/Infrastructure/MediaIngestionEventOutbox/PostgreSql/PostgreSqlMediaIngestionAtomicDeliveryTransaction.php","A ","HISTORICAL_TRACKED_BASELINE","1342","aa9cdff6b565cbde5be0a916239ea8a8a5f1d215e87da80a1252f16d9d4ed28e"
"app/Infrastructure/MediaIngestionEventOutbox/PostgreSql/PostgreSqlMediaIngestionOutbox.php","A ","HISTORICAL_TRACKED_BASELINE","8879","9f7878248c958b71901cf866335df57098053f950ef5e866905baf015859046a"
"app/Infrastructure/MediaItemLifecycleEventRouting/PostgreSql/Migrations/033_media_item_lifecycle_event_inbox.down.sql","A ","HISTORICAL_TRACKED_BASELINE","61","60aab25e6bd270750a37176e339a35f2135cda8523362e169f04a86beffff70f"
"app/Infrastructure/MediaItemLifecycleEventRouting/PostgreSql/Migrations/033_media_item_lifecycle_event_inbox.sql","A ","HISTORICAL_TRACKED_BASELINE","1036","8a3b9c1ca5de184b93c8da8a216c81202143726c568b5521c11197aa1f0194eb"
"app/Infrastructure/MediaItemLifecycleEventRouting/PostgreSql/PostgreSqlMediaItemLifecycleInboxRepository.php","A ","HISTORICAL_TRACKED_BASELINE","5505","52ea5ef826fc7f5c778d7f0d19d273ddeceaff9e44c43c7943e7ffcbf6405934"
"app/Infrastructure/ModerationAtomicOperation/PostgreSql/PostgreSqlModerationAtomicOperation.php","A ","EXPECTED_PHASE_5_3_ARTIFACT","1549","5327ce28ecaff5718946957a6ff9997b6ade8e660375b3b3d322fc4b8bbbc7a3"
"app/Infrastructure/ModerationAtomicOperation/PostgreSql/PostgreSqlModerationOutboxAppender.php","A ","EXPECTED_PHASE_5_3_ARTIFACT","3362","fcecd97da864651e21f829349b8c89e686bfb2f39e28768e6f9f7b24a2ec1ad9"
"app/Infrastructure/ModerationEventDelivery/PostgreSql/PostgreSqlModerationDeliveryStore.php","A ","EXPECTED_PHASE_5_3_ARTIFACT","4669","7befb8d69534e966a3f56212ba86941c5d0ddc3f7d5a7fd5fa616b39c7dd14a9"
"app/Infrastructure/ModerationEventOutbox/PostgreSql/PostgreSqlModerationListingHandoffResultStore.php","A ","EXPECTED_PHASE_5_3_ARTIFACT","4269","86756e586736666e2069cb7be5fea8de249bed8cfe24aa28235d819e0de4cc30"
"app/Infrastructure/ModerationEventOutbox/PostgreSql/PostgreSqlModerationOperationalAuditDeliveryReader.php","A ","EXPECTED_PHASE_5_3_ARTIFACT","11079","ff0a91d548a2b8c9de92cd6808043775549e1ab63ccc578aadb9d95d6156e4b5"
"app/Infrastructure/ModerationEventOutbox/PostgreSql/PostgreSqlModerationOperationalAuditOutboxAppender.php","A ","EXPECTED_PHASE_5_3_ARTIFACT","4443","063b6217e5a5cd025c5e449e59eb4ef247c9001205931336ccf3c21b226a1b4c"
"app/Infrastructure/ModerationEventOutbox/PostgreSql/PostgreSqlModerationOutbox.php","A ","EXPECTED_PHASE_5_3_ARTIFACT","14298","16f2c509f7629a657fbb983211abc0ea12c85407cd20e113491815cc27c81e81"
"app/Infrastructure/PlaceLifecycleEventRouting/PostgreSql/Migrations/039_place_lifecycle_event_inbox.down.sql","A ","HISTORICAL_TRACKED_BASELINE","60","3e336f39691ed52d647cb0e4d7f287196acc412d41c3784a18858248d7b9eae5"
"app/Infrastructure/PlaceLifecycleEventRouting/PostgreSql/Migrations/039_place_lifecycle_event_inbox.sql","A ","HISTORICAL_TRACKED_BASELINE","1048","fbc4611ea58c5fa5a94781ea0aa93e753ea01573783b5e641eb989d06a656982"
"app/Infrastructure/PlaceLifecycleEventRouting/PostgreSql/PostgreSqlPlaceLifecycleInboxRepository.php","A ","HISTORICAL_TRACKED_BASELINE","5676","b28d0bbea592d8b6b65b19ee1f3fff9b3d6ae40fad11ead4acf31508da138e47"
"app/Infrastructure/ProfessionalStatusEventRouting/PostgreSql/Migrations/029_professional_status_event_inbox.down.sql","A ","HISTORICAL_TRACKED_BASELINE","68","25425e07c68c192d8c07343af76def477d33dfb14bee6432975d611d3bb949a4"
"app/Infrastructure/ProfessionalStatusEventRouting/PostgreSql/Migrations/029_professional_status_event_inbox.sql","A ","HISTORICAL_TRACKED_BASELINE","1051","4089b0b2b295cc6a4901c47c5b7651800b2eef2c20dc97049540d94d61ec6526"
"app/Infrastructure/ProfessionalStatusEventRouting/PostgreSql/PostgreSqlProfessionalStatusInboxRepository.php","A ","HISTORICAL_TRACKED_BASELINE","5519","038865e39d3440891eb402b485f2c82d9a511069a27a9f1afb14c344e2e5933b"
"app/Infrastructure/ProjectionRebuildRuntimeSource/CertifiedPublicProjectionCandidateFactory.php","A ","HISTORICAL_TRACKED_BASELINE","3606","ae1d615c436b3c3e9762959b7f72f6f1ba9e873615ccf43ac8fe6c1dc633db77"
"app/Infrastructure/ProjectionRebuildRuntimeSource/PostgreSql/PostgreSqlPublicProjectionRebuildEnumerator.php","A ","HISTORICAL_TRACKED_BASELINE","3489","d1c3c42f9704867165fe2bc3d949819b0ee34b6bcaa7d0b0daf9578efe4031f6"
"app/Infrastructure/ProjectionRebuildRuntimeSource/RebuildCheckpointCodec.php","A ","HISTORICAL_TRACKED_BASELINE","1964","db7dae1389276f859a821cacfd1e70e68c4f1f7ad890c068f50229fc21d74847"
"app/Infrastructure/ProjectionRuntimeSource/CertifiedPublicListingProjectionSource.php","A ","HISTORICAL_TRACKED_BASELINE","11816","3436adc671c838521ad5aa89ced846b77ce9b08ba9077831c5ff7a5950334bb9"
"app/Infrastructure/PropertyLifecycleEventRouting/PostgreSql/Migrations/018_property_lifecycle_event_inbox.down.sql","A ","HISTORICAL_TRACKED_BASELINE","73","c0975df89538b99ad609ab9f8fc20c6976fce85a7783489dbb18d058a510b27c"
"app/Infrastructure/PropertyLifecycleEventRouting/PostgreSql/Migrations/018_property_lifecycle_event_inbox.sql","A ","HISTORICAL_TRACKED_BASELINE","852","3c950a791d66efed16638bdf14c052b43ec1a24793bc4496c4ea65d82d8eefbb"
"app/Infrastructure/PropertyLifecycleEventRouting/PostgreSql/PostgreSqlPropertyLifecycleEventInbox.php","A ","HISTORICAL_TRACKED_BASELINE","3558","9e8cef107b98989a4a94622d4d2c98271ca4fa9cf3b75f7d743365c70a47c1a5"
"app/Infrastructure/PropertyListingResolution/PostgreSql/PostgreSqlPropertyListingsResolver.php","A ","HISTORICAL_TRACKED_BASELINE","3554","259687f9be2f750aa66578361c86fedbaac23154af5eabdf94ac6da721ea28ee"
"app/Infrastructure/PropertyListingResolution/PropertyListingsCheckpoint.php","A ","HISTORICAL_TRACKED_BASELINE","2101","3003005cf6a2a552334dbfcc84dfc954c1cc2b621723cebdbadce81574e3e1ff"
"app/Infrastructure/PublicGeographySource/PostgreSql/Migrations/010_public_geography_decisions.sql","A ","HISTORICAL_TRACKED_BASELINE","573","b70b47eff39017d20ce7c2193a9e3c33383dd4082b3733b10143c54d82242a0e"
"app/Infrastructure/PublicGeographySource/PostgreSql/PostgreSqlPublicGeographyMapper.php","A ","HISTORICAL_TRACKED_BASELINE","2497","36a10247b8a2768000692239e1ac1dbb77d4329a6539dad222d786a87ce9de3f"
"app/Infrastructure/PublicGeographySource/PostgreSql/PostgreSqlPublicGeographyReader.php","A ","HISTORICAL_TRACKED_BASELINE","1627","394da441a5ef2e8d2dab7143b88d1ee0016d0d25bd08a700e1138d721cbefbf5"
"app/Infrastructure/PublicGeographySource/PostgreSql/PostgreSqlPublicGeographyWriter.php","A ","HISTORICAL_TRACKED_BASELINE","2872","8aa3dbdfcb9228c4cd9a99191bf65dd9814f51753f5308415a1d6a7f129b15e9"
"app/Infrastructure/PublicMediaSource/PostgreSql/Migrations/011_public_media_decisions.sql","A ","HISTORICAL_TRACKED_BASELINE","576","8e52390f6cc2aef59b1adfc4d110c00228228d719d9b62d5c96ef27e4f6e3fa6"
"app/Infrastructure/PublicMediaSource/PostgreSql/PostgreSqlPublicMediaMapper.php","A ","HISTORICAL_TRACKED_BASELINE","3286","83422d9a6e0941ec3e208a1918e9ad533cd26e1a418f5bee4e8145652916eaca"
"app/Infrastructure/PublicMediaSource/PostgreSql/PostgreSqlPublicMediaReader.php","A ","HISTORICAL_TRACKED_BASELINE","1710","b4d46fdfa55dae0266fa395f04c684198e3003e0c24bfca5ecba5f4f6472e5fc"
"app/Infrastructure/PublicMediaSource/PostgreSql/PostgreSqlPublicMediaWriter.php","A ","HISTORICAL_TRACKED_BASELINE","3037","e53e9cd6173a2be02474f71a93fdd02b51441eb4787e713016fb537ed00c5df6"
"app/Infrastructure/PublicProjectionOutbox/PostgreSql/Migrations/005_public_projection_outbox.sql","A ","HISTORICAL_TRACKED_BASELINE","5193","48dbdf9e516d10c64c1d6cf9adb0529b8e6bdac6cd13fb30259280069002ccf0"
"app/Infrastructure/PublicProjectionOutbox/PostgreSql/Migrations/021_reservation_lifecycle_outbox_owner.down.sql","A ","HISTORICAL_TRACKED_BASELINE","312","db99fd9187f7f9c4e36fc7ef53a1e0adb0a375dd73d662302c6151cda0b8bb77"
"app/Infrastructure/PublicProjectionOutbox/PostgreSql/Migrations/021_reservation_lifecycle_outbox_owner.sql","A ","HISTORICAL_TRACKED_BASELINE","3981","c7f1a15ef838cd06a02e859f36ee8a54bc443b94c8f55a17fa953cdedce3c8c1"
"app/Infrastructure/PublicProjectionOutbox/PostgreSql/Migrations/026_contacts_leads_outbox_owner.down.sql","A ","HISTORICAL_TRACKED_BASELINE","284","621a14e29a1f8e5c9d3785c273afca60da663e5e4f91e28e3f9d8163b0688052"
"app/Infrastructure/PublicProjectionOutbox/PostgreSql/Migrations/026_contacts_leads_outbox_owner.sql","A ","HISTORICAL_TRACKED_BASELINE","3925","8013c8b6657a5e20bf26996bf2b1c7bddc688e46db160c800b6bb7a9ffd0b988"
"app/Infrastructure/PublicProjectionOutbox/PostgreSql/Migrations/030_professionals_outbox_owner.down.sql","A ","HISTORICAL_TRACKED_BASELINE","280","29d997ef2d3c841a3299c7169be3219491617bfb8d767a36f01eedbb13c56304"
"app/Infrastructure/PublicProjectionOutbox/PostgreSql/Migrations/030_professionals_outbox_owner.sql","A ","HISTORICAL_TRACKED_BASELINE","3917","55fcdf855c429486d97601580b0b7466de87171508b8abb51283e6b35d53dffe"
"app/Infrastructure/PublicProjectionOutbox/PostgreSql/Migrations/037_administration_audit_outbox_owner.down.sql","A ","HISTORICAL_TRACKED_BASELINE","308","7901005e4665d0b82792fea6b302aeb3b46379d45b2573efc123b37faa1cc1a8"
"app/Infrastructure/PublicProjectionOutbox/PostgreSql/Migrations/037_administration_audit_outbox_owner.sql","A ","HISTORICAL_TRACKED_BASELINE","3973","c3b14483a641d411b334906a98edd57264732aeb252263de54ab4008cf47dce9"
"app/Infrastructure/PublicProjectionOutbox/PostgreSql/Migrations/040_geography_outbox_owner.down.sql","A ","HISTORICAL_TRACKED_BASELINE","264","d25190e37a0ed591775964209b67d80be69d0b789ae7fd2c994a039f85e066cf"
"app/Infrastructure/PublicProjectionOutbox/PostgreSql/Migrations/040_geography_outbox_owner.sql","A ","HISTORICAL_TRACKED_BASELINE","3885","25fe6af5d22f4195f894457bde76ad70a345986b5ac0d595aa8f9b0f41ad4249"
"app/Infrastructure/PublicProjectionOutbox/PostgreSql/Migrations/043_identity_access_outbox_owner.down.sql","A ","HISTORICAL_TRACKED_BASELINE","288","1299839c277f68ab1f192363244af24f9dd18d7a04a699667163a4518c0d4417"
"app/Infrastructure/PublicProjectionOutbox/PostgreSql/Migrations/043_identity_access_outbox_owner.sql","A ","HISTORICAL_TRACKED_BASELINE","4086","b8737fc6df29fa73269d863e08330341d3a08b58d2fd675520624e9137364736"
"app/Infrastructure/PublicProjectionOutbox/PostgreSql/PostgreSqlAggregateOutboxParticipantTransaction.php","A ","HISTORICAL_TRACKED_BASELINE","992","4724dbe55515faadc21ae94883719146d2e4fc5a9b22958c528396c62779f933"
"app/Infrastructure/PublicProjectionOutbox/PostgreSql/PostgreSqlAggregateOutboxTransaction.php","A ","HISTORICAL_TRACKED_BASELINE","2034","a3566eefa425135066b12f1dab31aa02e57158e3c78b60f73607a49814022023"
"app/Infrastructure/PublicProjectionOutbox/PostgreSql/PostgreSqlPublicProjectionOutboxClaimManager.php","A ","HISTORICAL_TRACKED_BASELINE","4926","5691a490e3741009ac40af8e0ce6be5b7c6284ec690508afa7539a4419152f6e"
"app/Infrastructure/PublicProjectionOutbox/PostgreSql/PostgreSqlPublicProjectionOutboxCursorStore.php","A ","HISTORICAL_TRACKED_BASELINE","4437","79729ac963a6ab9984f053a29ab450566b48c2941f622dea73c533056f2a82fd"
"app/Infrastructure/PublicProjectionOutbox/PostgreSql/PostgreSqlPublicProjectionOutboxMapper.php","A ","HISTORICAL_TRACKED_BASELINE","14221","1d1186bc1c30d99f94d95a62f1bc1d5e7ae93f414461c4b2273cf73fe34fd2d4"
"app/Infrastructure/PublicProjectionOutbox/PostgreSql/PostgreSqlPublicProjectionOutboxReader.php","A ","HISTORICAL_TRACKED_BASELINE","3268","5f790ce05d8459314b2b1ddc496263c386235bbbc35aec53915deb788b6fb80f"
"app/Infrastructure/PublicProjectionOutbox/PostgreSql/PostgreSqlPublicProjectionOutboxSchema.php","A ","HISTORICAL_TRACKED_BASELINE","2225","fa185b9fc8924c0c9f4bb780d4a9f0d14ca1b70ecdae329e63a3b279693ad22c"
"app/Infrastructure/PublicProjectionOutbox/PostgreSql/PostgreSqlPublicProjectionOutboxWriter.php","A ","HISTORICAL_TRACKED_BASELINE","11585","e6ca5befd0bbe36c3b0c9d908fcd0b578c19755f3a94b94f783c14585e6eabd5"
"app/Infrastructure/PublicProjectionSourceLookup/CertifiedPublicProjectionSourceLookup.php","A ","HISTORICAL_TRACKED_BASELINE","8849","4bf64f58d02f1aa76bfc31ea7235bbc43e2b71f32ee36b686a5b5a4d0173b78e"
"app/Infrastructure/PublicProjectionSourceLookup/RegistryMediaCollectionPropertyResolver.php","A ","HISTORICAL_TRACKED_BASELINE","1285","e03e14a4796036839d113e01cbdaac999689c148e348041905b85722b92c87c6"
"app/Infrastructure/PublicProjectionStore/PostgreSql/Migrations/006_public_listing_projection.sql","A ","HISTORICAL_TRACKED_BASELINE","1919","8cdb4a01034f6876101df333c1b7aae105f55cfc4d032329373ba0dc22143eb0"
"app/Infrastructure/PublicProjectionStore/PostgreSql/PostgreSqlPublicListingProjectionMapper.php","A ","HISTORICAL_TRACKED_BASELINE","3452","6246a3f4505f124931600a9bef5dd6cfa9b30c8cdc90b65a3dc763fcb5c9be98"
"app/Infrastructure/PublicProjectionStore/PostgreSql/PostgreSqlPublicListingProjectionReader.php","A ","HISTORICAL_TRACKED_BASELINE","2294","fa0bbcd17c757dd977f2c409f51c13bb6a1db1784a340bfc57f3684838d34cdb"
"app/Infrastructure/PublicProjectionStore/PostgreSql/PostgreSqlPublicListingProjectionStore.php","A ","HISTORICAL_TRACKED_BASELINE","1587","72cc3029cc462ed1546f814321f32d2e6bb116c53d64932b5b7b6f1e4d164fcd"
"app/Infrastructure/PublicProjectionStore/PostgreSql/PostgreSqlPublicListingProjectionWriter.php","A ","HISTORICAL_TRACKED_BASELINE","9150","6749c3955b1d0726258e606d392620ea5e9b20a71bfa31d80ab29c4c12f2e405"
"app/Infrastructure/PublicProjectionStore/PostgreSql/PostgreSqlPublicProjectionGenerationManager.php","A ","HISTORICAL_TRACKED_BASELINE","5848","1e8edcc20bf587e8fc1bb0372206b905c4d9b06788022ba32dfed077b816c863"
"app/Infrastructure/PublicProjectionStore/PostgreSql/PostgreSqlPublicProjectionGenerationValidator.php","A ","HISTORICAL_TRACKED_BASELINE","2383","e7185d31f956c3990ea6c2d976d46917d41baa3d94de2edad540b7f5f22e1aad"
"app/Infrastructure/PublicProjectionWorker/SystemPublicProjectionDeliveryClock.php","A ","HISTORICAL_TRACKED_BASELINE","372","1e5f4e755f7a00d27ea38e3f6232201707e7d78262ec63042d44c54e438dd629"
"app/Infrastructure/ReservationLifecycleEventRouting/PostgreSql/Migrations/020_reservation_lifecycle_event_inbox.down.sql","A ","HISTORICAL_TRACKED_BASELINE","78","c3e1115070fc9b876abe56ddc58fa9052a5c5607e65e4418501f0c0ff596bad0"
"app/Infrastructure/ReservationLifecycleEventRouting/PostgreSql/Migrations/020_reservation_lifecycle_event_inbox.sql","A ","HISTORICAL_TRACKED_BASELINE","934","4e69cd5d7d0bd899e4cae43fc183237c4df5addd04920a60e6ca75abe37e3e96"
"app/Infrastructure/ReservationLifecycleEventRouting/PostgreSql/PostgreSqlReservationLifecycleInboxRepository.php","A ","HISTORICAL_TRACKED_BASELINE","5250","b69af4743ceacbcebc0648fd18648ae256857d1b41e9c4053c632fe67377f4a5"
"app/Interfaces/.gitkeep","  ","HISTORICAL_TRACKED_BASELINE","1","01ba4719c80b6fe911b091a7c05124b64eeece964e09c058ef8f9805daca546b"
"app/Projections/.gitkeep","  ","HISTORICAL_TRACKED_BASELINE","1","01ba4719c80b6fe911b091a7c05124b64eeece964e09c058ef8f9805daca546b"
"app/Projections/SearchListingProjection.php","A ","HISTORICAL_TRACKED_BASELINE","583","873d35ac5305e958ee910781bedb1a24009bec578fcd88ede1591d64dd30c94d"
"app/Projections/SearchListingProjectionBuilder.php","A ","HISTORICAL_TRACKED_BASELINE","2128","8df07aa6baf175b3508fe081d251ab9d484a3c78cf3390b92297cfbddceed959"
"app/Projections/SeoListingProjection.php","A ","HISTORICAL_TRACKED_BASELINE","1110","15778c646c052899d0e62555a5470edb178cf1584d8bb773bef5e677fb34befe"
"app/Projections/SeoListingProjectionBuilder.php","A ","HISTORICAL_TRACKED_BASELINE","3425","682e3512f691f1e7d21fb5d00fdace063d9b32b166296c911bee0b746842407e"
"app/Providers/AdministrationAuditPublicAppendServiceProvider.php","A ","EXPECTED_PHASE_5_3_ARTIFACT","1541","ece315f65acc05654f01a0e8633f90e84d7f746b39d4a356d2bbd4db8443b4c8"
"app/Providers/AppServiceProvider.php","  ","HISTORICAL_TRACKED_BASELINE","361","caf306ef6a25a547bbb7edd5508a39b51c365083eb6dd58378cf2242018e94c7"
"app/Providers/IdentityAccessEventOutboxServiceProvider.php","A ","HISTORICAL_TRACKED_BASELINE","734","4f73b700d2f8824ae935275b4b3787b1d9df22cbbb4d13f75ba00d811255519c"
"app/Providers/IdentityAccessHttpServiceProvider.php","A ","HISTORICAL_TRACKED_BASELINE","1709","36bbdfe1f358948e4ef4e432cc7e5df06dad8dadd47ccb8416e15da02cf726cf"
"app/Providers/IdentityAccessOrchestrationServiceProvider.php","A ","HISTORICAL_TRACKED_BASELINE","1050","29ac5ef156050886d1c14a6e1bd8b171941d202f3aca0fdad9217cff48a9d121"
"app/Providers/IdentityAccessRuntimeServiceProvider.php","A ","HISTORICAL_TRACKED_BASELINE","2921","0b92408c02ceb34eb6fa418f809594a186873c5b3c067fedf31092c3552cd6de"
"app/Providers/ListingAuthoringRuntimeServiceProvider.php","A ","HISTORICAL_TRACKED_BASELINE","1320","779b9f421145dd14413f41a1a43c92f220014d9e385bd9f822a7145aae780fdb"
"app/Providers/MediaAssetRuntimeServiceProvider.php","A ","HISTORICAL_TRACKED_BASELINE","520","11995386e8388a9a0737c316987901570e88a3f84ed28afb4c16bbe5cddcb09d"
"app/Providers/MediaIngestionEventDeliveryServiceProvider.php","A ","HISTORICAL_TRACKED_BASELINE","840","662937476f91d9e8ec6d475febba7c84a17d8da4bf876f614c927dba8d8b5255"
"app/Providers/MediaIngestionEventOutboxServiceProvider.php","A ","HISTORICAL_TRACKED_BASELINE","1369","799b278a56326489e0493cdc221efad57d03dfb62566efa19eec0de9d492de3c"
"app/Providers/MediaIngestionRuntimeServiceProvider.php","A ","HISTORICAL_TRACKED_BASELINE","1892","c33aed4b5fffdfcd12e9d228d422231ffcb0ddbcffbdfed1e569625db34aa4c1"
"app/Providers/MediaProcessingRuntimeServiceProvider.php","A ","HISTORICAL_TRACKED_BASELINE","550","e29f84a74f99a8259cbe59e472938a35f24ccf2945959ed26315876f6ea2b2e0"
"app/Providers/MediaQuotaRuntimeServiceProvider.php","A ","HISTORICAL_TRACKED_BASELINE","520","811c79a35c0bf6a62cddf6c2c6115026a6a16f61fb8a7a0cf02a886800174f3e"
"app/Providers/MediaUploadRuntimeServiceProvider.php","A ","HISTORICAL_TRACKED_BASELINE","526","9e641a342ddd46f8f90b72dca503afdd4192396caeb3ef2a6cb07f70b0d3a68b"
"app/Providers/ModerationAtomicOperationServiceProvider.php","A ","EXPECTED_PHASE_5_3_ARTIFACT","1061","923c37d90cf84fbd8e76ee8679c9b374b024213ce82fdf14a647893bb2f501f7"
"app/Providers/ModerationEventDeliveryServiceProvider.php","A ","EXPECTED_PHASE_5_3_ARTIFACT","991","d2c700bdb0b01f4bbf3cf30e7bf9961cad8151de7ef5737db2b2145ce6406b6d"
"app/Providers/ModerationEventOutboxServiceProvider.php","A ","EXPECTED_PHASE_5_3_ARTIFACT","1187","fa07d39afd7855c5926656ff7fbd0f1c782cc9443734e0e7f5f5bcd6624ae011"
"app/Providers/ModerationHttpReadBoundariesServiceProvider.php","A ","EXPECTED_PHASE_5_3_ARTIFACT","3171","748639dc3a1516472208e2f68d9001cc08e4d54a8702dd7bb6b7a214cc4d0dbf"
"app/Providers/ModerationHttpServiceProvider.php","A ","EXPECTED_PHASE_5_3_ARTIFACT","1290","397fc95acc94c760a1e4a3c37021fe1c80de290e6c17fac00280f80caa4d59a0"
"app/Providers/ModerationListingHandoffServiceProvider.php","A ","EXPECTED_PHASE_5_3_ARTIFACT","964","db18039d7b7aa9be8ea2e8f086e032b04ecd0ce8532d8ecdb54ef2cbe37e8f3f"
"app/Providers/ModerationOperationalAuditServiceProvider.php","A ","EXPECTED_PHASE_5_3_ARTIFACT","1464","11a6b8c5ce81117211bc033af5ca930dfe17ab14c8c6fd7eb1817b4c22e2ebca"
"app/Providers/ModerationOrchestrationServiceProvider.php","A ","EXPECTED_PHASE_5_3_ARTIFACT","762","50022d59cecd2f35d8bfde3d7e9e4e2f58685ef74e7a4592293903c35bd93be1"
"app/Providers/ModerationReportOwnerReadSourceServiceProvider.php","A ","EXPECTED_PHASE_5_3_ARTIFACT","1307","a429508bb27d517edd5f57a1e2a4255c9077794f681ccab485cb680a3c8f36a1"
"app/Providers/ModerationRuntimeServiceProvider.php","A ","EXPECTED_PHASE_5_3_ARTIFACT","3682","06ab3017867dc93d4fe25d5487cc5276c1e53fa74f85cacf3c1c4461dbc443ec"
"app/Providers/ModeratorAuthorizationServiceProvider.php","A ","EXPECTED_PHASE_5_3_ARTIFACT","602","143ae2eb8c07aa66f5b587bdab988cf83e6a87c896415729c7346e7e30fef89a"
"app/Providers/ProfessionalProfileHttpServiceProvider.php","A ","HISTORICAL_TRACKED_BASELINE","1174","6d823c74ca1c6e7a577ae79343426f3bbf0a7fdd07eef8f4913beac02a28161e"
"app/Providers/ProfessionalProfileRuntimeServiceProvider.php","A ","HISTORICAL_TRACKED_BASELINE","1978","a55901c55680dc7f9c279d7088c34a12eaaa5f723c4f640e9283ccfe4f8d29f8"
"app/Providers/ProfessionalPublicPortfolioRuntimeServiceProvider.php","A ","HISTORICAL_TRACKED_BASELINE","648","1fe4b73965815cbf455c75b24298528498a0cafac719de2800a0dff409019b13"
"app/Providers/ProfessionalPublicProfileRuntimeServiceProvider.php","A ","HISTORICAL_TRACKED_BASELINE","636","1db0b35cf6f688193735fa3de421c5441b70fa0756fd5d644c432a8151068d34"
"app/Providers/ProfessionalVerificationRuntimeServiceProvider.php","A ","HISTORICAL_TRACKED_BASELINE","630","502d911ca89e1283083a8721369430c99c0ab122eb470ed52cba53bd107267c8"
"app/Providers/PropertyAuthoringRuntimeServiceProvider.php","A ","HISTORICAL_TRACKED_BASELINE","586","aa36fac744ec327ea8a10c7953e2fa33ae5f9e3d028a2a4f7ab3851e35e1a944"
"app/Providers/PropertyListingAuthoringHttpServiceProvider.php","A ","HISTORICAL_TRACKED_BASELINE","1404","6c8d0f42884a02c5b0eb946dee250e47fc3c5e9ced56f63be05650fa1860d810"
"app/Providers/PropertyListingAuthoringOperationsServiceProvider.php","A ","HISTORICAL_TRACKED_BASELINE","2650","3ab2e66c057d7d0b757d52f9b24accecf758ce9c914e3c514c67793ad0f0cdbe"
"app/Providers/PropertyListingAuthoringRuntimeServiceProvider.php","A ","HISTORICAL_TRACKED_BASELINE","2349","a837c5b4cb5f02b7ce20ad6a0e85d52455e375de26e2b5390102874901c79e81"
"app/Providers/PublicAuthoringIntegrationServiceProvider.php","A ","HISTORICAL_TRACKED_BASELINE","1235","b3728d0fdf119702c5dc3525821059fcd60ad1cbdedb3a3774844f84d47245fe"
"app/Providers/PublicProjectionRuntimeServiceProvider.php","A ","HISTORICAL_TRACKED_BASELINE","67944","e642fb6c28e40dd3114533edb707dc827e86b23a7ebd74f31c01fe9e45a3d5a1"
"app/ReadModels/InconsistentPublicListingProjection.php","A ","HISTORICAL_TRACKED_BASELINE","133","e399b19496409c3b0a052a8f744e998a6aa9956e76cfe7a109aa8f693f55884d"
"app/ReadModels/PublicListingReadModel.php","A ","HISTORICAL_TRACKED_BASELINE","1416","ee6a864fed3f9dbb22a417ee7cfc5da5ca0eec0d6d9d6980a3191cc54c1621af"
"app/ReadModels/PublicListingReadModelBuilder.php","A ","HISTORICAL_TRACKED_BASELINE","2665","fd6aeb335d7c2cb2507896a0e296b59372cd7b2a8440876639c166e30c2ab02f"
"artisan","  ","HISTORICAL_TRACKED_BASELINE","425","f91a517c0c5d3a904c3f390933964a5e08ec1fc68146882730daac4aca4ffcec"
"bootstrap/app.php","  ","HISTORICAL_TRACKED_BASELINE","657","75b4b9ffab2f26cc796548020402d0c217930f4494fcb8c8700b8a1aa0070ff6"
"bootstrap/cache/.gitignore","  ","HISTORICAL_TRACKED_BASELINE","14","240a3e0d37d2e86b614063f5347eb02d4f99ca6c254de6b82871ff8d95532a7d"
"bootstrap/providers.php","M ","HISTORICAL_TRACKED_BASELINE","4010","4dd941275b0532b4d261c72e461263fdabe96adb44d125a7a97a7b77d0e34fd5"
"CHANGELOG.md","MM","DOCUMENTATION_ARTIFACT","75518","415b50a1148697ce7003f184f37efa372299df629902d7048efc74820386f9a8"
"composer.json","M ","HISTORICAL_TRACKED_BASELINE","2571","47117ce1fb6223b220d169af67862c80a240fba98f66a89afbbe0aa5fc414e69"
"composer.lock","  ","HISTORICAL_TRACKED_BASELINE","313357","f15dde645598d805143d9ec1d3fab666730ac58ada078b0a3448c498bbd02be5"
"config/account_status_http.php","A ","HISTORICAL_TRACKED_BASELINE","147","4624fb5db50b5ef377238cde0406b5144c2521fe2254da6a531bcb3a223de046"
"config/app.php","  ","HISTORICAL_TRACKED_BASELINE","4272","78dcd36b226fd7b24057cb95f567cb6e96561c2406653892d8aef6dcea8461e4"
"config/auth.php","  ","HISTORICAL_TRACKED_BASELINE","231","b0ff8dc744356f897ec63ef746f39a7fcfd471b3f5f8f6b612e403f774223c18"
"config/cache.php","  ","HISTORICAL_TRACKED_BASELINE","4369","ee4ad2bba1edfcff52e9599f37371f2370d0b167cc226ce72d46cdf6edf2dc55"
"config/database.php","  ","HISTORICAL_TRACKED_BASELINE","6875","c3214ab691e64a1df957aadbd9386f59dfe8e72cec9671d11d615572d086a46a"
"config/filesystems.php","  ","HISTORICAL_TRACKED_BASELINE","2532","ba7060d7a23e490c3ce830656f6d24ad3ccf5b868e3293f2a12e411959dc5635"
"config/identity_access_http.php","A ","HISTORICAL_TRACKED_BASELINE","406","ad609e47e774d432f0a9700d96b378aee8f5eb8257723412ad8d41d9a5f356d4"
"config/logging.php","  ","HISTORICAL_TRACKED_BASELINE","4340","299ec1ba5b5a803c8e20f666ae7628e442e856cc2ff7ac9e2adb17b97e8ad63b"
"config/mail.php","  ","HISTORICAL_TRACKED_BASELINE","3631","c43ff49a31c5f32ce21eb7159f2a4b3cd2f4074eaed5838d265646dbfedd3474"
"config/property_listing_authoring_http.php","A ","HISTORICAL_TRACKED_BASELINE","216","1677c76877851c2e307e034dffba554ce109000b6e791c9d3a47622c210fb650"
"config/public_projection.php","A ","HISTORICAL_TRACKED_BASELINE","556","f0e44580b249608207e12ba6071466c9573fabf115a34c9ce74099f3531857c1"
"config/queue.php","  ","HISTORICAL_TRACKED_BASELINE","4199","6101774da7c8b79af46d0028f2b8b31a484c3f7eda10b76e5b27b6093ad364a4"
"config/services.php","  ","HISTORICAL_TRACKED_BASELINE","1039","8258c4487eb1d73a97e569eb0e411e3f25368044812df4cba807860432be1d92"
"config/session.php","  ","HISTORICAL_TRACKED_BASELINE","8423","64272cfbef6f47c65bf857f1c5b1e853700c0d0278de46b86663fd83ef4aeed8"
"database/.gitignore","  ","HISTORICAL_TRACKED_BASELINE","10","e758642d95e83e907e010b6e46b07b3f953c7cef11fe5ebefc2a77b9d7b4d5f7"
"docs/A-5.1-IAM-OUTBOX-CONCURRENCY-01-AMENDMENT.md","A ","DOCUMENTATION_ARTIFACT","652","fad14023f0826ecae964f11ef5c78ee4d4c2937dd358352c7d9afd16265cb922"
"docs/A-5.1-IAM-OUTBOX-CONCURRENCY-01-CERTIFICATION.md","A ","DOCUMENTATION_ARTIFACT","902","3455990774b0fa05a7b01d4d6075bcaf5c82daf770c5fa12486982c38d4f2da4"
"docs/A-5.1-IAM-OUTBOX-CONCURRENCY-01-COMPATIBILITY.md","A ","DOCUMENTATION_ARTIFACT","637","b175914284250bfe3481e28ac66b9ca06a2af247eb9ce1aea0afa45fb708de7b"
"docs/A-5.1-IAM-OUTBOX-CONCURRENCY-01-ROOT-CAUSE.md","A ","DOCUMENTATION_ARTIFACT","848","66f3e5d498037ec728cc63fcc15cb0db5b5c87899a55a703eca570b10e0b3d7e"
"docs/A-5.1-IAM-PERSISTENCE-BOUNDARY-01-AMENDMENT.md","A ","DOCUMENTATION_ARTIFACT","1626","bc2389b89972de394a2f83310c0d96dc5d3c7cd7f0d912406c3bd2a6e711706b"
"docs/A-5.1-IAM-PERSISTENCE-BOUNDARY-01-AUDIT.md","A ","DOCUMENTATION_ARTIFACT","1355","481685b341b3fa6ad2a47cc30d09fa26071079dd54ac417d884f584acccd963a"
"docs/A-5.1-IAM-PERSISTENCE-BOUNDARY-01-COMPATIBILITY.md","A ","DOCUMENTATION_ARTIFACT","1135","9c951e8cb616e9fe5413be5fe053ab47c348839a6d700fa9c0454b6474c3eba9"
"docs/A-5.1-IAM-PERSISTENCE-BOUNDARY-01-DECISION.md","A ","DOCUMENTATION_ARTIFACT","732","a87f17b6e0c5b02f7c9381f85bd818e49d3d5c5156d468b590ffb9525d8c862b"
"docs/A-5.2A-LISTING-CREATION-BOUNDARY-01-AMENDMENT.md","A ","DOCUMENTATION_ARTIFACT","1158","d9c5b5f42da7b330cf237ea8c44055d34cd0d00c333d87f41e63549d917db38a"
"docs/A-5.2A-LISTING-CREATION-BOUNDARY-01-ATOMICITY.md","A ","DOCUMENTATION_ARTIFACT","1628","46bcda9e0225fe3c6ffd79728c57610685943bae3a5b31bebf3b13f7c0eb9dbb"
"docs/A-5.2A-LISTING-CREATION-BOUNDARY-01-AUDIT.md","A ","DOCUMENTATION_ARTIFACT","1925","bcbae35d8211b383515638e9fcb8db2e244cbcdbe95547a876792e31fdbd8a68"
"docs/A-5.2A-LISTING-CREATION-BOUNDARY-01-COMPATIBILITY.md","A ","DOCUMENTATION_ARTIFACT","1355","820ec67d6f308eba44091388a7205a1a5e7052d7c0f15fb01bf9ffb0f9d767d3"
"docs/A-5.2A-LISTING-CREATION-BOUNDARY-01-CONTRACT.md","A ","DOCUMENTATION_ARTIFACT","1686","3f7c3aba4ba958ee5572a6683ffc2c6d682bcf548815d3e03ee0d1190aaca62e"
"docs/A-5.2A-LISTING-CREATION-BOUNDARY-01-DECISION.md","A ","DOCUMENTATION_ARTIFACT","1380","20170882aba9ba3f79696a4cfb8b1a7ec0dada356416044f0756ce323afe932d"
"docs/A-5.2B-MEDIA-ATTACHMENT-BOUNDARY-01-AMENDMENT.md","A ","DOCUMENTATION_ARTIFACT","698","a9d4b1af4d55de87f7f4f337f6a50c49f54df31d0ea04a4c9b72f047bbabf4ae"
"docs/A-5.2B-MEDIA-ATTACHMENT-BOUNDARY-01-AUDIT.md","A ","DOCUMENTATION_ARTIFACT","1315","a86fbe302a0b2ed725f42df2cf787f6f0e77fcf2823bf86389860872c741b1da"
"docs/A-5.2B-MEDIA-ATTACHMENT-BOUNDARY-01-COMPATIBILITY.md","A ","DOCUMENTATION_ARTIFACT","1449","85177df890ada7639a2b7baf68b2c3f9e9ab5ea14ad329390aa5865a794be984"
"docs/A-5.2B-MEDIA-ATTACHMENT-BOUNDARY-01-DECISION.md","A ","DOCUMENTATION_ARTIFACT","940","40a52601222772c26499b501abc98c52b965e15f95d2470effadb521fd8589ab"
"docs/A-5.2C-PROFESSIONAL-MANDATE-PUBLIC-RESOLUTION-01.md","A ","DOCUMENTATION_ARTIFACT","2999","6a55369b3367eac3d0485a9a12fb7ade5b8e9d8ff3b65772e685d820856e637f"
"docs/A-5.2C-PROFESSIONAL-MANDATE-PUBLIC-RESOLUTION-01-CERTIFICATION.md","A ","DOCUMENTATION_ARTIFACT","1315","3b107d52ed25677cb6d5e0e6541731dee4f95e1334ec2ea7288d0af5e00e14d9"
"docs/A-5.2C-PROFESSIONAL-MANDATE-RESOLUTION-01.md","A ","DOCUMENTATION_ARTIFACT","4652","eb52b043fd7640b6659bc19f4cf8dad481582b8a211c79374df5a9b570ec1aa6"
"docs/A-5.2C-PROFESSIONAL-MANDATE-RESOLUTION-01-CERTIFICATION.md","A ","DOCUMENTATION_ARTIFACT","1615","2a3d6806d6a26b39e29cc5f37d5bd98bfdab922995a0d6cb823a00f105c802ba"
"docs/A-5.2C-PROFESSIONAL-STATUS-PUBLIC-READ-01.md","A ","DOCUMENTATION_ARTIFACT","2806","be571f4262ff0442b1c3baa0507b90ec47a8a720a445418d7499a5bfc829d17a"
"docs/A-5.2C-PROFESSIONAL-STATUS-PUBLIC-READ-01-CERTIFICATION.md","A ","DOCUMENTATION_ARTIFACT","1392","c6b0daeef925b50e7b2045a874735fdac7cf44bcb99673a265b6c5bf8d4f5229"
"docs/A-5.2C-PROFESSIONAL-STATUS-READ-BOUNDARY-01.md","A ","DOCUMENTATION_ARTIFACT","4946","516e319b2eb3c80e0d29beccd809dee1df8496bedc4fb64c8483c3d77f065822"
"docs/A-5.2C-PROFESSIONAL-STATUS-READ-BOUNDARY-01-CERTIFICATION.md","A ","DOCUMENTATION_ARTIFACT","1629","8d1d4b8cdc13ecdbb6e05a478faf97c10f4ed62beb4301f27b15c62f7116a580"
"docs/A-5.3-BASELINE-IMPORT-WHITESPACE-NORMALIZATION-01-CERTIFICATION.md","??","DOCUMENTATION_ARTIFACT","1775","6dbc5182b41d001f863adafd57abe06a8e3b2701538323e64a5efbe8384899b5"
"docs/A-5.3-BASELINE-IMPORT-WHITESPACE-QUALIFICATION-01.md","??","DOCUMENTATION_ARTIFACT","7195","ce41203d0b4100d9a6e6b6280c5a75c7e66ca33550d4439147b7c2f1e27542ab"
"docs/A-5.3-BASELINE-IMPORT-WHITESPACE-QUALIFICATION-01-CERTIFICATION.md","??","DOCUMENTATION_ARTIFACT","1601","13c8f4014a9747470895fee09d7b06fb002adfb5361888d435affc476c3f9c5d"
"docs/A-5.3-GLOBAL-PROOF-QUALIFICATION-CERTIFICATION-PLAN.md","A ","DOCUMENTATION_ARTIFACT","1561","16bf89f312a0a31f2d6679daa1a744410a67f31223171abff9b394afed4c842a"
"docs/A-5.3-GLOBAL-PROOF-QUALIFICATION-DISCOVERY.md","A ","DOCUMENTATION_ARTIFACT","3060","1538a0ba343cbc4907ab79bc2c31d8010ac7dc5bf61b8ef5e42fa74dedcc5a71"
"docs/A-5.3-GLOBAL-PROOF-QUALIFICATION-RISK-ASSESSMENT.md","A ","DOCUMENTATION_ARTIFACT","1678","f6c6d91bdcdc979b620bb9964eb1eb3b9fc2b4f4b90c39c82d6c5d85b7279355"
"docs/A-5.3-IAM-MODERATOR-AUTHORIZATION-01.md","A ","DOCUMENTATION_ARTIFACT","1820","87c4b49c6bed02484494fa84d0c87c0962a3d4cfc9766ef156376e262225cd3a"
"docs/A-5.3-IAM-MODERATOR-AUTHORIZATION-01-CERTIFICATION.md","A ","DOCUMENTATION_ARTIFACT","1028","23773c9cad749c68dc0179cafbb775fccccbdbbb221823b1553d00ec9523900f"
"docs/A-5.3-IAM-MODERATOR-AUTHORIZATION-01-COMPATIBILITY-MATRIX.md","A ","DOCUMENTATION_ARTIFACT","1154","cd06fe2ba8757c85f13a24ba05e2e97eab1b17fd129d37f610c50f54072cf2e2"
"docs/A-5.3-IAM-MODERATOR-AUTHORIZATION-01-IMPACT-ANALYSIS.md","A ","DOCUMENTATION_ARTIFACT","1005","f99890ceea5feec0560635165ce9fb1f920b29498458b1451a50853399630d25"
"docs/A-5.3-IAM-MODERATOR-AUTHORIZATION-01-RESULT-MATRIX.md","A ","DOCUMENTATION_ARTIFACT","547","a03fae7fb980a5b9555706e1adf057827604fc894e749418a3f026e2c1d11bdc"
"docs/A-5.3-IAM-MODERATOR-AUTHORIZATION-IMPLEMENTATION-01.md","A ","DOCUMENTATION_ARTIFACT","1604","6d62ea4bb380046e944a224d1c0e1c149606b114d062813ea54d75e0fe3b5310"
"docs/A-5.3-IAM-MODERATOR-AUTHORIZATION-IMPLEMENTATION-01-CERTIFICATION.md","A ","DOCUMENTATION_ARTIFACT","1308","27b9768f985106cd835365f5cfc0fe81ea5be25d1ac3c21fa18be8724000d453"
"docs/A-5.3-LISTING-MODERATION-BOUNDARY-01.md","A ","DOCUMENTATION_ARTIFACT","1829","8a99a6a5b3ad3f762e8f6e3b31e2a7e5d7b21c4b9c0429dc84753f55768b76df"
"docs/A-5.3-LISTING-MODERATION-BOUNDARY-01-CERTIFICATION.md","A ","DOCUMENTATION_ARTIFACT","998","2eee66d9e22ca504a481848505384c77fccb444f25c402901536c43dc43bf52a"
"docs/A-5.3-LISTING-MODERATION-BOUNDARY-01-COMPATIBILITY-MATRIX.md","A ","DOCUMENTATION_ARTIFACT","1012","e64634dc17067bb934c4f0b383fcf01644e5547b97bb40d66468650f0d600da3"
"docs/A-5.3-LISTING-MODERATION-BOUNDARY-01-IMPACT-ANALYSIS.md","A ","DOCUMENTATION_ARTIFACT","886","60c7e593dfcacd749eca1929462aaafd51e3fb22d268aefef9f9e4877ea44bd5"
"docs/A-5.3-LISTING-MODERATION-BOUNDARY-01-RESULT-MATRIX.md","A ","DOCUMENTATION_ARTIFACT","1008","2b7536c907cd4d9791b711930ac6489be05a2cc8cf62017ecd0e85ac953bd92a"
"docs/A-5.3-LISTING-MODERATION-BOUNDARY-IMPLEMENTATION-01.md","A ","DOCUMENTATION_ARTIFACT","3109","dab2d10332bf58235c84fd987453853bc6d97dffbe9e162095fa606d7f3f79a2"
"docs/A-5.3-LISTING-MODERATION-BOUNDARY-IMPLEMENTATION-01-CERTIFICATION.md","A ","DOCUMENTATION_ARTIFACT","1998","be600cef91300ce834ab8fc6f4f17e998b812878d87be724e4e7e49aaa79ae39"
"docs/A-5.3-LISTING-MODERATION-INTENT-SOURCE-01.md","A ","DOCUMENTATION_ARTIFACT","1962","f53711288f56cc70ca6c296fc15043193f12c52974f117ec174327346eaedb10"
"docs/A-5.3-LISTING-MODERATION-INTENT-SOURCE-01-CERTIFICATION.md","A ","DOCUMENTATION_ARTIFACT","1370","413afcce650d77fb5cbb5cfcfee8a0150cc192012630e08f442186cdbf24c34f"
"docs/A-5.3-LISTING-MODERATION-VERSION-READ-01.md","A ","DOCUMENTATION_ARTIFACT","2779","53d9093efb050b7deabaf8fd7de82db1c56d72ac9762024ce0ea00b26c4c8b18"
"docs/A-5.3-LISTING-MODERATION-VERSION-READ-01-CERTIFICATION.md","A ","DOCUMENTATION_ARTIFACT","1910","56b6c84ef79cd14e2bb0168ca8ba08ae2f2875c83a634faca51bcd3c6b290c05"
"docs/A-5.3-MODERATION-ATOMIC-OUTBOX-BOUNDARY-01.md","A ","DOCUMENTATION_ARTIFACT","2841","7cfaf2e5709e304dda04d548ce604720aaac9d346b757de79e0d98180ff647e8"
"docs/A-5.3-MODERATION-ATOMIC-OUTBOX-BOUNDARY-01-CERTIFICATION.md","A ","DOCUMENTATION_ARTIFACT","1941","ad71c11205718ce3d74219811efa0ba009a3a60c9882d7afe067046a850f8334"
"docs/A-5.3-MODERATION-HTTP-READ-BOUNDARIES-01-CERTIFICATION.md","A ","DOCUMENTATION_ARTIFACT","1668","8012cbfb4384b59be3664658609f8772f14d50ea5e850add2b6f93af5d1edb92"
"docs/A-5.3-MODERATION-HTTP-READ-BOUNDARIES-01-CERTIFICATION-PLAN.md","A ","DOCUMENTATION_ARTIFACT","1400","05bf6af5b4dfe5e82f0e09429addf39aa9719e3e4ed866e016c3eb245926f07b"
"docs/A-5.3-MODERATION-HTTP-READ-BOUNDARIES-01-CONTRACTS-FOUNDATION.md","A ","DOCUMENTATION_ARTIFACT","1441","208682bdc754986e0e620cee60df5bd5f94f1b083e19b3d76563b50465dd7ba1"
"docs/A-5.3-MODERATION-HTTP-READ-BOUNDARIES-01-DISCOVERY.md","A ","DOCUMENTATION_ARTIFACT","1667","44634265778cda03fbef2e0eaaaa644d60a6f2d11da3ec42ca7176383410b62b"
"docs/A-5.3-MODERATION-HTTP-READ-BOUNDARIES-01-QUERY-MATRIX.md","A ","DOCUMENTATION_ARTIFACT","1434","66812c488441f7272b404aad1fbdf0a84ea6646528e46ebe3521905e29f14560"
"docs/A-5.3-MODERATION-HTTP-READ-BOUNDARIES-01-RESULTS.md","A ","DOCUMENTATION_ARTIFACT","916","39b1525c1f3f9c0ea259965a2e02e87732c0fc4f4f332b041ac726e39fcf8dfc"
"docs/A-5.3-MODERATION-HTTP-READ-BOUNDARIES-01-RUNTIME-STRATEGY.md","A ","DOCUMENTATION_ARTIFACT","1444","9af646f6dc5b80b82e89ef6e81703f5f01024dea24a7c893e418bbf361ab010d"
"docs/A-5.3-MODERATION-LISTING-HANDOFF-OUTBOX-ROUTING-01.md","A ","DOCUMENTATION_ARTIFACT","2521","ed0ccb15fe48927f8070b04c26e27b31175c9b81000d3232a93a7f11f9eb7829"
"docs/A-5.3-MODERATION-LISTING-HANDOFF-OUTBOX-ROUTING-01-CERTIFICATION.md","A ","DOCUMENTATION_ARTIFACT","1786","85be0bf33cd9d7228863e0da904a51551d2e0e0cd30716e0b8e9f9732422a12c"
"docs/A-5.3-MODERATION-OPERATIONAL-AUDIT-EVENT-ROUTING-COVERAGE-01-CERTIFICATION.md","A ","DOCUMENTATION_ARTIFACT","926","8f4d9874534da36933bb567475f07f33dac671bc678da248a1f4231a910a8422"
"docs/A-5.3-MODERATION-OPERATIONAL-AUDIT-EVENT-ROUTING-COVERAGE-01-CONTRACTS-FOUNDATION.md","A ","DOCUMENTATION_ARTIFACT","2536","9a10ec0331ee60a02ad93d8e96decf867ea0c60e0ae0508ba50884ff54f13847"
"docs/A-5.3-MODERATION-OPERATIONAL-AUDIT-EVENT-ROUTING-COVERAGE-01-RECERTIFICATION-MATRIX.md","A ","DOCUMENTATION_ARTIFACT","1033","a748a0df345f3fc71afcd9b26f8edb5da733d57dbae189c35699dc510d2fcf1c"
"docs/A-5.3-MODERATION-OPERATIONAL-AUDIT-EVENT-ROUTING-COVERAGE-01-ROUTING-DELIVERY-CERTIFICATION.md","A ","DOCUMENTATION_ARTIFACT","2155","7ec9b89db43946a4e4061e6a8c5ecabb05c3888d94494386471e2a2a9f8f904a"
"docs/A-5.3-MODERATION-OPERATIONAL-AUDIT-EVENT-ROUTING-COVERAGE-01-ROUTING-DELIVERY-FOUNDATION.md","A ","DOCUMENTATION_ARTIFACT","2555","2e91488199f44c7cd4267c0b9e967a954128ac4dd2f46cb4c1200f529521c789"
"docs/A-5.3-MODERATION-OPERATIONAL-AUDIT-EVENT-ROUTING-COVERAGE-01-ROUTING-MATRIX.md","A ","DOCUMENTATION_ARTIFACT","1029","854fa2f2db9b478a1a9da206036891b3d5a08bb96cff2745aed41b8b8ead0c6f"
"docs/A-5.3-MODERATION-QUEUE-IDEMPOTENCE-01.md","A ","DOCUMENTATION_ARTIFACT","2263","def671b63366fe4030eb6a680a5a0575d90e4562891a7c9aea7383b19d04caf9"
"docs/A-5.3-MODERATION-QUEUE-IDEMPOTENCE-01-CERTIFICATION.md","A ","DOCUMENTATION_ARTIFACT","1789","9aa2f082a579d8c3c5cc3164283da9b8c723946b1342f9652562a3032853aac0"
"docs/A-5.3-MODERATION-QUEUE-OWNER-READ-SOURCE-01-ARCHITECTURE-ANALYSIS.md","A ","DOCUMENTATION_ARTIFACT","1541","f2a8fa043bda99282e54e1d8df10d12bbf3cb129956ba202cafa2bf37fc0f8e1"
"docs/A-5.3-MODERATION-QUEUE-OWNER-READ-SOURCE-01-DEPENDENCY-MATRIX.md","A ","DOCUMENTATION_ARTIFACT","1224","61b720ae04e81ceb545797c30de315221389aae5e42db98602c956964cae0329"
"docs/A-5.3-MODERATION-QUEUE-OWNER-READ-SOURCE-01-DISCOVERY.md","A ","DOCUMENTATION_ARTIFACT","3366","c7f93df25c175ae5df7a548873bcaea460b8b352f278c6eaeb7eebf47c97f4e4"
"docs/A-5.3-MODERATION-QUEUE-OWNER-READ-SOURCE-01-RISK-ASSESSMENT.md","A ","DOCUMENTATION_ARTIFACT","1636","59b2011520adc77d98db0a44625c14b7215216d1d422199ad6f87c371f29bd9f"
"docs/A-5.3-MODERATION-REPORT-OWNER-READ-SOURCE-01-CERTIFICATION.md","A ","DOCUMENTATION_ARTIFACT","2000","c272e2a3a1702bf3770b5fcf4d487e4503d2f4b26caa7c68fdf351b2e371dc76"
"docs/A-5.3-MODERATION-REPORT-OWNER-READ-SOURCE-01-CERTIFICATION-PLAN.md","A ","DOCUMENTATION_ARTIFACT","1519","77bc0e26efba853f349eb3db50015ff1e58bc766afba9391e09ff697138e66fa"
"docs/A-5.3-MODERATION-REPORT-OWNER-READ-SOURCE-01-CONTRACTS-FOUNDATION.md","A ","DOCUMENTATION_ARTIFACT","922","8de1834778fe5e1877f6ae61c21f36839b86df14a4ee10cd6b34e592cb972b45"
"docs/A-5.3-MODERATION-REPORT-OWNER-READ-SOURCE-01-DEPENDENCY-MATRIX.md","A ","DOCUMENTATION_ARTIFACT","1438","0f4ce86aa4b3c3436b973fbc4300cc364d9882f36a303cf7ec0da0a6551c8fc2"
"docs/A-5.3-MODERATION-REPORT-OWNER-READ-SOURCE-01-DISCOVERY.md","A ","DOCUMENTATION_ARTIFACT","2256","eacfa2b3ad014c40ad1e8a19043dcbb15fb9d441a845a078402b9e71f86210fa"
"docs/A-5.3-MODERATION-REPORT-OWNER-READ-SOURCE-01-IMPLEMENTATION-FOUNDATION.md","A ","DOCUMENTATION_ARTIFACT","1113","2ce69688247029b569983d74d882bff21621df6b654876ac1cce5f947c3e609c"
"docs/A-5.3-MODERATION-REPORT-OWNER-READ-SOURCE-01-PERSISTENCE-AUDIT.md","A ","DOCUMENTATION_ARTIFACT","2247","6a351d60fab949181df5e0544ed0037fb807afd6e0a2b7731932c5d31e6a2a42"
"docs/A-5.3-MODERATION-REPORT-OWNER-READ-SOURCE-01-RISK-ASSESSMENT.md","A ","DOCUMENTATION_ARTIFACT","1696","aefe5aaeee42594aaf119aa261379b500100b3674135b01773b337a737dab22a"
"docs/A-5.3-MODERATION-REPORT-OWNER-READ-SOURCE-01-RUNTIME-BINDING.md","A ","DOCUMENTATION_ARTIFACT","684","259225f7bfdc5761fa056032512714ccb6f9dc6bbe78bdd8a789a99bd2be2769"
"docs/A-5.3-MODERATION-REPORT-OWNER-READ-SOURCE-01-SOURCE-SPECIFICATION.md","A ","DOCUMENTATION_ARTIFACT","899","b4b6a8bec8ef7dfbf17306213a2ec503d36ad4981dd3607ba955786312851237"
"docs/A-5.3-MODERATION-RESIDUAL-OPERATIONAL-AUDIT-COVERAGE-01-CERTIFICATION.md","A ","DOCUMENTATION_ARTIFACT","957","c82d96b983512a9ae35154af0181d8dd99db9b860651f6bbf3e96243e65a0f4f"
"docs/A-5.3-MODERATION-RESIDUAL-OPERATIONAL-AUDIT-COVERAGE-01-CONTRACTS-FOUNDATION.md","A ","DOCUMENTATION_ARTIFACT","3317","2903919dfc2bcde8c2d1a625fac8989bd8b1513e2abddec25c3bd27e49cbdd02"
"docs/A-5.3-MODERATION-RESIDUAL-OPERATIONAL-AUDIT-COVERAGE-01-DECISION-CLOSE-ATOMIC-PRODUCTION.md","A ","DOCUMENTATION_ARTIFACT","2242","1fee965653e4d1dc7fe0b7f2a929cde46964ea768340a6dd021ad8872db70b55"
"docs/A-5.3-MODERATION-RESIDUAL-OPERATIONAL-AUDIT-COVERAGE-01-DECISION-CLOSE-CERTIFICATION.md","A ","DOCUMENTATION_ARTIFACT","1057","b19987d9a747ebd1d358ceaf500e50ea085d8f886f86e4bcf6daadab55614e85"
"docs/A-5.3-MODERATION-RESIDUAL-OPERATIONAL-AUDIT-COVERAGE-01-LISTING-TARGET-CERTIFICATION.md","A ","DOCUMENTATION_ARTIFACT","954","36ded2b0f49dadd03cec186d02cc8aae4a64ac6bf944cdc80ba0a92de06ce587"
"docs/A-5.3-MODERATION-RESIDUAL-OPERATIONAL-AUDIT-COVERAGE-01-LISTING-TARGET-COMPLETED.md","A ","DOCUMENTATION_ARTIFACT","2496","5fa11cb8250dba5ae378f1f0a6842902663fcfb24e4bfef956f35c9cbd09db89"
"docs/A-5.3-MODERATION-RESIDUAL-OPERATIONAL-AUDIT-COVERAGE-01-OWNERSHIP-AND-TRANSACTIONS.md","A ","DOCUMENTATION_ARTIFACT","1690","22be1aedfba574a4ccc3ef132335cb0c3e093cc9884889fb5b0bf9d487f10d0d"
"docs/A-5.3-MODERATION-RESIDUAL-OPERATIONAL-AUDIT-COVERAGE-01-RECERTIFICATION-MATRIX.md","A ","DOCUMENTATION_ARTIFACT","1037","e865277c0910d3ccefba19119d5b9d166eb78b4a67bf9b7c6d6a8e7afac8a9ea"
"docs/A-5.3-MODERATION-RESIDUAL-OPERATIONAL-AUDIT-COVERAGE-01-RUNTIME-SEVEN-EVENT-CERTIFICATION.md","A ","DOCUMENTATION_ARTIFACT","866","a124b5e4cd3936f1ab199087f53948049eabf73fa10b269454a6e522823143b2"
"docs/A-5.3-MODERATION-RESIDUAL-OPERATIONAL-AUDIT-COVERAGE-01-RUNTIME-SEVEN-EVENT-INTEGRATION.md","A ","DOCUMENTATION_ARTIFACT","2460","b5bf4869d292c31456ea93dd6540131586f50fcb1bbe0903527077a811fb692a"
"docs/A-5.3-OPERATIONAL-AUDIT-EVENT-ROUTING-COVERAGE-ARCHITECTURE-ANALYSIS.md","A ","DOCUMENTATION_ARTIFACT","3337","87293f7e6e72321283a325496bd7950536bb5d78611d70bf690381f07f58add5"
"docs/A-5.3-OPERATIONAL-AUDIT-EVENT-ROUTING-COVERAGE-DEPENDENCY-MATRIX.md","A ","DOCUMENTATION_ARTIFACT","2108","837203a5cfeb4387f24adc782a69504cced683e5a03dcee48139d00bdaad9dd8"
"docs/A-5.3-OPERATIONAL-AUDIT-EVENT-ROUTING-COVERAGE-DISCOVERY.md","A ","DOCUMENTATION_ARTIFACT","2482","b61b43ad8fddaef4f63cbfe360b35aaacc98ff8043dd6b42bbf7d8ad2593cb36"
"docs/A-5.3-OPERATIONAL-AUDIT-EVENT-ROUTING-COVERAGE-RISK-ASSESSMENT.md","A ","DOCUMENTATION_ARTIFACT","2071","a7bd195482d5b7636f53df6e9caadfd2bd11e8d62094cf47331ebf78edbac9db"
"docs/A-5.3-PINT-GLOBAL-GATE-QUALIFICATION-01-CERTIFICATION-PLAN.md","A ","DOCUMENTATION_ARTIFACT","1189","b6f2f62c6da5bce39b56308313a5227564366ecb7b24613873bc3da64a61438e"
"docs/A-5.3-PINT-GLOBAL-GATE-QUALIFICATION-01-DISCOVERY.md","A ","DOCUMENTATION_ARTIFACT","1846","c98410eb33ea38690127855bdcc6d0eee8e580477490cff5749120344a6cc30f"
"docs/A-5.3-PINT-GLOBAL-GATE-QUALIFICATION-01-RISK-ASSESSMENT.md","A ","DOCUMENTATION_ARTIFACT","1231","a3de8520c129eaefdb97778fb8536a2422a35e2f23b9b12ee9a5bda3ad1d8c90"
"docs/A-5.3-POSTGRESQL-FULL-CAMPAIGN-DIAGNOSTIC-01-CERTIFICATION-PLAN.md","A ","DOCUMENTATION_ARTIFACT","1570","528bda2817623897f2933c8c650bf5675eea7f81bb9ca824e4e4a56e49c76a30"
"docs/A-5.3-POSTGRESQL-FULL-CAMPAIGN-DIAGNOSTIC-01-DISCOVERY.md","A ","DOCUMENTATION_ARTIFACT","2709","4082875774f89e92a0723f00d7c370d011acbd157af63cc704ca3b5337165210"
"docs/A-5.3-POSTGRESQL-FULL-CAMPAIGN-DIAGNOSTIC-01-RISK-ASSESSMENT.md","A ","DOCUMENTATION_ARTIFACT","1606","bbd4f3c0c609c116611d792070ea4f542b0c85fcecd943bd02a1a92bdd7f81b4"
"docs/A-5.3-ROADMAP-SEQUENCING-ALIGNMENT-01.md","A ","DOCUMENTATION_ARTIFACT","3592","58805ec6c508a676899d86661c5eb26908393c05e1e0c125ae03f2deeb835611"
"docs/A-5.3-ROADMAP-SEQUENCING-ALIGNMENT-01-CERTIFICATION.md","A ","DOCUMENTATION_ARTIFACT","1928","7c9230958ee3d0344c8bd9bf1aa111f08eae1b9ded4e50b8e77a77a2ce254373"
"docs/ACCOUNT-REGISTRY-RUNTIME-SOURCE-AUDIT-MATRIX.md","A ","DOCUMENTATION_ARTIFACT","1033","2768969493b691fc28dcdd1835c89a41f5e5c11be4f9e16befd62f76659faf39"
"docs/ACCOUNT-STATUS-ATOMIC-EVENT-INTEGRATION.md","A ","DOCUMENTATION_ARTIFACT","1348","c386ad49cdafe2c28af284badc33b986791c68a5c5298640f8d37a2d30cfd7ec"
"docs/ACCOUNT-STATUS-CONSUMER-COMPATIBILITY-AMENDMENT.md","A ","DOCUMENTATION_ARTIFACT","2388","f1cca7a21566da80ea0d5fbab5d287f685e1381021e3041c108ddbe2a406d66b"
"docs/ACCOUNT-STATUS-CONSUMER-COMPATIBILITY-MATRIX.md","A ","DOCUMENTATION_ARTIFACT","1753","1f7e0343e09386ba8b9342be5d05fba220e5492aa21a94216593d17b118bae81"
"docs/ACCOUNT-STATUS-CONTEXT-V1-ATTRIBUTION.md","A ","DOCUMENTATION_ARTIFACT","1803","561a43379292f80ffae6eefdb65fdefc5a63e7b4c308fd67f2195503c2ad3f62"
"docs/ACCOUNT-STATUS-DECISION-OWNERSHIP-MATRIX.md","A ","DOCUMENTATION_ARTIFACT","1220","4e783799127db67350f690ea453814c6cd8751b8a7952341c16109bc217e50af"
"docs/ACCOUNT-STATUS-DELIVERY-CONSUMPTION.md","A ","DOCUMENTATION_ARTIFACT","714","e616b96cd8fa432b62f28d4005e8d4d7937a51e58da2d9bddcfcc26bb672a2d3"
"docs/ACCOUNT-STATUS-EVENT-CONTRACT.md","A ","DOCUMENTATION_ARTIFACT","1299","a659169d71431c2b699e54be3d2dc0b967086719e996756b87285b79ed8923f3"
"docs/ACCOUNT-STATUS-EVENT-ROUTING.md","A ","DOCUMENTATION_ARTIFACT","787","a04022295a1ca315e38afa26bf83d3d580687a547fcfd6261aa746d683e61bc7"
"docs/ACCOUNT-STATUS-EVENT-TRANSPORT.md","A ","DOCUMENTATION_ARTIFACT","935","56201f0cdc4e07bbba8cbd4aad42725f16a90170b3fc15c663ed7346aa28cf30"
"docs/ACCOUNT-STATUS-HISTORICAL-AUTHORITY-MATRIX.md","A ","DOCUMENTATION_ARTIFACT","1381","485ed36275fa5fdc3e537f40ef75b2d25ebd7f8b29f71650268c8a5b957f8eb9"
"docs/ACCOUNT-STATUS-HISTORICAL-BOOTSTRAP-CUTOVER.md","A ","DOCUMENTATION_ARTIFACT","1590","c5390be68d2b8aa4e0858efa0a64ebbe9cc6178a4a5b967b9d0d6b6bba3cd5ce"
"docs/ACCOUNT-STATUS-HTTP-RUNTIME.md","A ","DOCUMENTATION_ARTIFACT","1869","cd281f25b6b0c7352a0fa3b3e254afbcedf55fb3454dbfca5bf505c55b007ba6"
"docs/ACCOUNT-STATUS-OUTBOX-COMPATIBILITY.md","A ","DOCUMENTATION_ARTIFACT","1765","99b2af77e239ef22bdf29e485318f7f10a6f887f9ed296e3d10fc5939f97b52d"
"docs/ACCOUNT-STATUS-OUTBOX-OWNER-COLLISION-RISK-MATRIX.md","A ","DOCUMENTATION_ARTIFACT","893","f3874309f99d92b9b51fd2dfde2ad55d21bf8f17634298a1b9a10e2fb3e5d123"
"docs/ACCOUNT-STATUS-OUTBOX-OWNER-COMPATIBILITY-MATRIX.md","A ","DOCUMENTATION_ARTIFACT","1342","cae5423a02826d4904c08cc3f816c1b7d5a8dca70f146a6aa1e84c85bd8a5205"
"docs/ACCOUNT-STATUS-OUTBOX-OWNER-INVENTORY.md","A ","DOCUMENTATION_ARTIFACT","1157","b0efbff2e3f31646dc6ac1a01d33668c1bb5d368ef3656da87a7495b9303e5c0"
"docs/ACCOUNT-STATUS-OUTBOX-OWNER-SPECIFICATION.md","A ","DOCUMENTATION_ARTIFACT","1182","f3139e995c39f9c3f62f3a9989ff1f294677d93829c257913f4cfd4e65b37bf1"
"docs/ACCOUNT-STATUS-PERSISTENCE-FOUNDATION.md","A ","DOCUMENTATION_ARTIFACT","2096","5a18ee5bc3003356c1fab744339b31c757d1447919bcf1844370e3b8958bf557"
"docs/ACCOUNT-STATUS-PERSISTENCE-MAPPING-MATRIX.md","A ","DOCUMENTATION_ARTIFACT","981","9396383e1cd314bf209b901bab1cf561476c480a28935fa39fe66ce0d4797672"
"docs/ACCOUNT-STATUS-PERSISTENCE-MIGRATION-ROLLBACK.md","A ","DOCUMENTATION_ARTIFACT","825","64ad44404427e99191dee087e1eb7535eb4080fc9e6a0f0411056ea7dc0f1398"
"docs/ACCOUNT-STATUS-ROUTED-DELIVERY-RESPONSIBILITY-MATRIX.md","A ","DOCUMENTATION_ARTIFACT","2210","feb71b21d17dc8f5913390a8993215449fc77a50bcebc43dbc20350f94f67d45"
"docs/ACCOUNT-STATUS-RUNTIME-COMPOSITION.md","A ","DOCUMENTATION_ARTIFACT","1402","10537b59a204b78998d0677cfc39a2b31a5c82e6b3d1f1d1fef04f02c2e64b4b"
"docs/ACCOUNT-STATUS-RUNTIME-ORCHESTRATION.md","A ","DOCUMENTATION_ARTIFACT","2170","80388b213d6e27b07de792ce1c970193614786af19984ceedd4b92820106c0da"
"docs/ACCOUNT-STATUS-WORKFLOW-FOUNDATION.md","A ","DOCUMENTATION_ARTIFACT","1529","20be7ea94014d1b14d889f7a98e4306bd3cd8b043697c6964b627f0e56c2da31"
"docs/ACCOUNT-STATUS-WORKFLOW-TRANSITION-MATRIX.md","A ","DOCUMENTATION_ARTIFACT","1121","293051eaa6d143b1f520a7dda484453f37a7feb7d3b95b94b263da59c7e50b1c"
"docs/ACTIVE-GENERATION-POSTGRESQL-STRATEGY.md","A ","DOCUMENTATION_ARTIFACT","972","ee3459e4ac3b017b3fb2760d26755f2ff8912b99c6205a49d6226f09b7da4cb7"
"docs/ACTIVE-GENERATION-READER.md","A ","DOCUMENTATION_ARTIFACT","763","5b0df2673ddedc5b216cc29cc6f7b7d9419101dfe503db64ebd05429c8e0fd53"
"docs/ACTIVE-GENERATION-READER-ANALYSIS.md","A ","DOCUMENTATION_ARTIFACT","1244","4861e01300bad1b7eec1ffd06d67efeac91edb161b3e97af3bb74f3d186a3da5"
"docs/ACTIVE-GENERATION-READ-MATRIX.md","A ","DOCUMENTATION_ARTIFACT","437","e2a6dc57f121cff2c1d259d39de8765d94d58a1a9748784c63812f6a546f78b0"
"docs/ADR-1010-MULTI-TARGET-DELIVERY-STRATEGY.md","A ","DOCUMENTATION_ARTIFACT","1615","4e3856166224e18dc8761382f3eace2d11556b1e086cc0f2dc8cd652f5122064"
"docs/ADR-1015-LISTING-PUBLICATION-DURABLE-INBOX-ROUTING.md","A ","DOCUMENTATION_ARTIFACT","749","60448ebcd3bca94e81b81397db4303f45f8f832761dd9354fa6e914b614b8d3e"
"docs/ADR-1016-PROPERTY-LIFECYCLE-ROUTING-DESTINATION.md","A ","DOCUMENTATION_ARTIFACT","758","7ad2784791d72276693602572445c5a670baa8a1b30d8ab60d546f45e6898abf"
"docs/AGGREGATE-OUTBOX-ATOMICITY-RESULT-MATRIX.md","A ","DOCUMENTATION_ARTIFACT","705","78ed0b2d25fc3da9ab36ed6b62ee869ee3f77b66369cb3c520a585d5a020dded"
"docs/AGGREGATE-OUTBOX-TRANSACTIONAL-RUNTIME-COMPOSITION-ANALYSIS.md","A ","DOCUMENTATION_ARTIFACT","1456","e0d0f9d1f96f64c4fc617ef5afa6452f63d80f88b93600b08cdb80100dd11762"
"docs/architecture/ADMINISTRATIVE-ACTION-POSTGRESQL-SLICE.md","A ","DOCUMENTATION_ARTIFACT","5703","aea6e11f2ef11aedfc1a16d8efe9ba0fc38fd5649ff01584b47e3e1396b56793"
"docs/architecture/AGGREGATE-BOUNDARIES.md","  ","DOCUMENTATION_ARTIFACT","56557","ce76450b92a4aae21f375c4d9762e3b023a1f5316e21ebeed9e5137618ac8937"
"docs/architecture/AGGREGATE-MATRIX.md","A ","DOCUMENTATION_ARTIFACT","5554","2b61a8c9ee516048ffa5fb5b5b105a8573056afb41181c149e6b93d930ca764d"
"docs/architecture/ARCHITECTURE-BASELINE.md","A ","DOCUMENTATION_ARTIFACT","9431","a79042c93678d4b41995a0e184db66838e080dd431d04a10b31add2528f33283"
"docs/architecture/ARCHITECTURE-BLUEPRINT.md","  ","DOCUMENTATION_ARTIFACT","61678","e9af9c56e114298f91797c4bbdeaa9ec3fe243dbb4008c17a1c3ae6188cdde1b"
"docs/architecture/ARCHITECTURE-OVERVIEW.md","A ","DOCUMENTATION_ARTIFACT","1393","65e0cb4d9bd11bd27f3c81224a701aa7c5c7ce8df77df9a9dba23013f072296a"
"docs/architecture/BOUNDARY-AUDIT.md","A ","DOCUMENTATION_ARTIFACT","3041","8deaabf1941c62b8f0214130cc3560b4f8ce2f59d656e746c98d1ca05b790234"
"docs/architecture/DOMAIN-MAPPING.md","  ","DOCUMENTATION_ARTIFACT","56413","30226c2b1a602934c88c6e60e32b92f51a57479e69fd1ad9216dd63aaa1a8e50"
"docs/architecture/LISTING-POSTGRESQL-CHECKLIST.md","A ","DOCUMENTATION_ARTIFACT","2049","f563ea32ea0f4785ef317272f1af45bef9f2be06b41231a9722b45ac2b414b40"
"docs/architecture/LISTING-POSTGRESQL-SLICE.md","A ","DOCUMENTATION_ARTIFACT","3890","fe8319c640fa89f8cb9c3a3abdd944b4f76c75bc0cc61ef3686a2787e042b326"
"docs/architecture/MEDIA-CONTRACT-FOUNDATION.md","A ","DOCUMENTATION_ARTIFACT","3987","36662ef741b0943ee235c224cbeb225a5ec72058afb2564f85591d0f6f161f31"
"docs/architecture/MEDIA-POSTGRESQL-CHECKLIST.md","A ","DOCUMENTATION_ARTIFACT","1204","29b17da4832e274be3c163a064cff14a8bfbc74dce1a2710ce600e82049ee891"
"docs/architecture/MEDIA-POSTGRESQL-SLICE.md","A ","DOCUMENTATION_ARTIFACT","2912","593b78ee93a3b8bf9d7450f7954f6af40983458d2940de94dcf754cbd07e3471"
"docs/architecture/MODULE-INVENTORY.md","A ","DOCUMENTATION_ARTIFACT","12941","450c3367976d47ac4b8573059f7d1bcb05d569227d6d7128021c189caca04b4d"
"docs/architecture/NEXT-INFRASTRUCTURE-STEPS.md","A ","DOCUMENTATION_ARTIFACT","3030","a6a76f47129cec522639f976fcfec70e4004c7b6f50c22fad2275db9b6195370"
"docs/architecture/PROPERTY-CONTRACT-FOUNDATION.md","A ","DOCUMENTATION_ARTIFACT","4558","1d499762dd073cd6d5d8eba6c6e36e4eb201812b3999e9d49d2405aa6e7fe54a"
"docs/architecture/PROPERTY-POSTGRESQL-CHECKLIST.md","A ","DOCUMENTATION_ARTIFACT","1691","03b9941a4891053ba1f752b886405403e5ee4b4a27cbd95fb8f3261090a09531"
"docs/architecture/PROPERTY-POSTGRESQL-SLICE.md","A ","DOCUMENTATION_ARTIFACT","3134","5afb1da23f75a126bb9677e1fe10750237d92b6d51b46f941095b2d6521d8dae"
"docs/architecture/TEST-COVERAGE-BASELINE.md","A ","DOCUMENTATION_ARTIFACT","1695","cdbe8c6391f4fb254c2ee9abf4b42d1d78d5f587d4f28822aa349f122293ddf4"
"docs/CONTENT-SEO-DECISION.md","A ","DOCUMENTATION_ARTIFACT","4073","382943bd63f73bc5e75f12b07a7d526223e4a85b4941e63a881696b6b398ca2d"
"docs/CONTENT-SEO-DECISION-ANALYSIS.md","A ","DOCUMENTATION_ARTIFACT","5334","4a1b10f92a6788c76e6f7db1fe93b548320b864aa2a8ca1a0405cd3fd00598e4"
"docs/CONTENT-SEO-DECISION-READ-ANALYSIS.md","A ","DOCUMENTATION_ARTIFACT","1109","c83150b06e0431a866e7484625ce95b61764c25297b778526793a541758ab432"
"docs/CONTENT-SEO-SNAPSHOT-POSTGRESQL-STRATEGY.md","A ","DOCUMENTATION_ARTIFACT","629","61af2a22a3373f163cffe82b7bba70513a8af6bb831b41851f431abecc015dbc"
"docs/CONTENT-SEO-SNAPSHOT-READ-STATE-MATRIX.md","A ","DOCUMENTATION_ARTIFACT","456","616f7469c1933e5433c074e56db6226248d222eaa7647746ec15d94912599990"
"docs/CONTENT-SEO-SOURCE-SNAPSHOT-READER.md","A ","DOCUMENTATION_ARTIFACT","621","a9bb1411e7e2d715d17c40424e5d86229a1ef617f3232dcca54778d694a6f629"
"docs/DELIVERY-RUNTIME-COMPOSITION-ANALYSIS.md","A ","DOCUMENTATION_ARTIFACT","1073","6512b2744a29f374938ddd1642a23b6ca556e08c9028ba3cfa59eb5c734dab16"
"docs/DELIVERY-RUNTIME-COMPOSITION-MATRIX.md","A ","DOCUMENTATION_ARTIFACT","965","64ff6a31278ef6b8aecd0ce339f676398baec2f8d199ba14e9f91763332f3058"
"docs/DELIVERY-RUNTIME-COMPOSITION-SPECIFICATION.md","A ","DOCUMENTATION_ARTIFACT","1013","0fcd2ce76eb785b6440a47bc555cdc12991dc4803b2b6ac697bf059720a9d99c"
"docs/DETERMINISTIC-DECISION-TIME-ANALYSIS.md","A ","DOCUMENTATION_ARTIFACT","1558","cb146436bea6e6b01f098d4badc0dd0bdefd0712a9c8f96044c7f405cb651143"
"docs/DETERMINISTIC-DECISION-TIME-OWNER.md","A ","DOCUMENTATION_ARTIFACT","824","690430f0f722f9048ce2616fd3b637dd1d61edd78f3c3e1bcf909ff95daac140"
"docs/DETERMINISTIC-DECISION-TIME-POSTGRESQL-STRATEGY.md","A ","DOCUMENTATION_ARTIFACT","938","157c8889ca6cf67c44ce80355deb05587605e8255f4242952dc01eec7d59d314"
"docs/DETERMINISTIC-DECISION-TIME-READER.md","A ","DOCUMENTATION_ARTIFACT","605","d1cb28f9ffa02f3fad0defd4c7b81b426bac22611912cf320a514253ea7c0467"
"docs/DETERMINISTIC-DECISION-TIME-READ-MATRIX.md","A ","DOCUMENTATION_ARTIFACT","416","ff9b195536c7431f169956862eb58825f85875a11e2a5246660f08cf40cb6670"
"docs/HISTORICAL-ACCOUNT-AGGREGATE-MAPPING-INVENTORY.md","A ","DOCUMENTATION_ARTIFACT","5429","e8643417fc35714384c988f7e0adfde545c63a924fbc3e60db64e36d3ab54037"
"docs/HISTORICAL-ACCOUNT-BASELINE-MATRIX.md","A ","DOCUMENTATION_ARTIFACT","1183","15ad05a2ca5dca79cecdecd23d765b66db9a5e80775ce9c8bbcb62a52d6be6d4"
"docs/HISTORICAL-ACCOUNT-BOUNDARY-MATRIX.md","A ","DOCUMENTATION_ARTIFACT","1989","3c4929bb0aef10d281d63a54b2ab628d8a2ccc309eeacef0b2a144881851c5d1"
"docs/HISTORICAL-ACCOUNT-DATA-OWNERSHIP-MATRIX.md","A ","DOCUMENTATION_ARTIFACT","2401","c44b24dd512235a656c51f5bdceeb9ceacdd6d9ee289cd214cf2d10cb4bb1e85"
"docs/HISTORICAL-ACCOUNT-FROZEN-CONTRACT-INVENTORY.md","A ","DOCUMENTATION_ARTIFACT","2717","f69a25022ed0a69bcba2d5453d6f10d015f466c16c6e9ef07f93b6c34c2d2444"
"docs/HISTORICAL-ACCOUNT-LOOKUP-V1-CONTRACT-MATRIX.md","A ","DOCUMENTATION_ARTIFACT","1490","cdac26c2596ac9881a73c3331cbc2a34ff7c1de364b4a603b119c4a63c2a3bf9"
"docs/HISTORICAL-ACCOUNT-MIGRATION-INVENTORY.md","A ","DOCUMENTATION_ARTIFACT","2290","77c0143e02d57a3dacc984884eb4badb8c5baac6c1865389925f4f550126248f"
"docs/HISTORICAL-ACCOUNT-PERSISTENCE-MAPPING-CONTRACT.md","A ","DOCUMENTATION_ARTIFACT","2002","10df602a03587d29329276ced255e51d04399b70c2e535dd9523fe3c88d63fd9"
"docs/HISTORICAL-ACCOUNT-PERSISTENCE-RISK-MATRIX.md","A ","DOCUMENTATION_ARTIFACT","3073","6aaaf10c969f656a34a5b871e56cf7bc6b0a5a8a7b159ac02eb444509e03d09c"
"docs/HISTORICAL-ACCOUNT-POSTGRESQL-REPOSITORY-MAPPING-MATRIX.md","A ","DOCUMENTATION_ARTIFACT","2282","bfae15f860befcea886aaa6b76dba98271c7a34cf805cf98c76fbd55ac46e5d7"
"docs/HISTORICAL-ACCOUNT-POSTGRESQL-TRANSACTION-ANALYSIS.md","A ","DOCUMENTATION_ARTIFACT","1594","647e1a6ebeb57ffbfc4f0de1bcadeadaf2169de3365d1d811ab1dcedb4b6cadc"
"docs/HISTORICAL-ACCOUNT-RESIDUAL-RISK-REGISTER.md","A ","DOCUMENTATION_ARTIFACT","1779","1f11094e034494089de70da2a80d5b79473f77d805755fa94f712cf3c7e3b488"
"docs/HISTORICAL-ACCOUNT-RUNTIME-COMPOSITION.md","A ","DOCUMENTATION_ARTIFACT","1394","ee91f100946abda1f9dc912862d0f5f2249fa450ca712080172b21c0a0d489c1"
"docs/HISTORICAL-ACCOUNT-SECURE-SNAPSHOT-BOUNDARY.md","A ","DOCUMENTATION_ARTIFACT","2398","6a6e3845c7cf232b7f4c1a116d16eb87ec724bd60b4f944e916e115f4380af91"
"docs/HISTORICAL-ACCOUNT-SNAPSHOT-INVARIANT-MATRIX.md","A ","DOCUMENTATION_ARTIFACT","1399","55d96ea846080508f31a1165086a2ba0800e7a22640f327904e0c87adb53b50f"
"docs/HISTORICAL-ACCOUNT-TRANSACTION-CONCURRENCY-BLUEPRINT.md","A ","DOCUMENTATION_ARTIFACT","3417","c657c96693b8fdaa7613d8329e5cb160a118ef3bb53078bf4dad419bff086ce6"
"docs/HISTORICAL-CANONICAL-QUALIFICATION-ANALYSIS.md","A ","DOCUMENTATION_ARTIFACT","1202","12ddbbc16e6e7cc5e114d9124014d3ddf088bfadff1ab601fa55a268688b391c"
"docs/HISTORICAL-CANONICAL-QUALIFICATION-MIGRATION-AND-ROLLBACK-GUIDE.md","A ","DOCUMENTATION_ARTIFACT","612","cee48772a0b725288662b8440d0ef1b96cc079a0a1556c0309ab306ae3605746"
"docs/HISTORICAL-CANONICAL-QUALIFICATION-POSTGRESQL-ANALYSIS.md","A ","DOCUMENTATION_ARTIFACT","887","76c8fd50b4e4ac23932614a0986a2b0e3bd31b4a5c81109aa621e18aaf9ed552"
"docs/HISTORICAL-CANONICAL-QUALIFICATION-POSTGRESQL-MAPPING-MATRIX.md","A ","DOCUMENTATION_ARTIFACT","691","9866177d99d5e1ed9053b1932626e86432140afd1f96b70709f3a9a1f4984515"
"docs/HISTORICAL-CANONICAL-QUALIFICATION-POSTGRESQL-RESULT-MATRIX.md","A ","DOCUMENTATION_ARTIFACT","524","17308c86d6885f46ec9d5f08b99b6d22df444d0238ab09b82b4957bd074288cb"
"docs/HISTORICAL-CANONICAL-QUALIFICATION-POSTGRESQL-SPECIFICATION.md","A ","DOCUMENTATION_ARTIFACT","712","365e90a526804521fa01aeca962fba7873eb5376750c0bd32ba29ffce092e5f2"
"docs/HISTORICAL-CANONICAL-QUALIFICATION-RESULT-MATRIX.md","A ","DOCUMENTATION_ARTIFACT","607","88cb920e9644c762c0d21945461ba748ac9b3e96d88b2cd1bd981fdb8e217bb6"
"docs/HISTORICAL-CANONICAL-QUALIFICATION-RUNTIME-BINDING-MATRIX.md","A ","DOCUMENTATION_ARTIFACT","578","dd1bcbb8cb4198559304fe8c08b84e7969c304fc523fdf5eb4497433fa3857b2"
"docs/HISTORICAL-CANONICAL-QUALIFICATION-RUNTIME-BINDING-SPECIFICATION.md","A ","DOCUMENTATION_ARTIFACT","649","08c3cb2ff87110d462ca87bd10e6079e55785e050de1cfb213ff782bdcdd8ee5"
"docs/HISTORICAL-CANONICAL-QUALIFICATION-RUNTIME-COMPOSITION-ANALYSIS.md","A ","DOCUMENTATION_ARTIFACT","888","8565559749324a2b098327f978700e8b2a777706b03fffc50f5de490266b44ff"
"docs/HISTORICAL-CANONICAL-QUALIFICATION-RUNTIME-HEALTH-EXTENSION-MATRIX.md","A ","DOCUMENTATION_ARTIFACT","565","2f0a93fed0aba85e4cc65a0d55d4e1e9fa8336d5fbd4ddd4dc02cd4a2c3facdd"
"docs/HISTORICAL-CANONICAL-QUALIFICATION-SPECIFICATION.md","A ","DOCUMENTATION_ARTIFACT","910","3898c0cd7bd3a3f8f0818cd04901759d69f205e3615045f0610e692a14357464"
"docs/HISTORICAL-REDIRECT-CERTIFICATION-REPORT.md","A ","DOCUMENTATION_ARTIFACT","1124","36dd25f464298bedce863395601bfe881a95e166e35998afe2a3fc49b7f8a650"
"docs/HISTORICAL-REDIRECT-CERTIFICATION-RESULT-MATRIX.md","A ","DOCUMENTATION_ARTIFACT","903","ad782443f59882184a2c40c979b4921461ee1786165f73f7755c4a67395d764a"
"docs/HISTORICAL-REDIRECT-CONTRACT-ANALYSIS.md","A ","DOCUMENTATION_ARTIFACT","1676","9fff3fd61e1d4d056eae298a17b0030616a624c1d6b9102a053351ab819641e8"
"docs/HISTORICAL-REDIRECT-END-TO-END-ANALYSIS.md","A ","DOCUMENTATION_ARTIFACT","986","85adccb89a4b7718004b4d2af7e79ad31af098bde05e99faa99267cd54f57c7c"
"docs/HISTORICAL-REDIRECT-END-TO-END-SEQUENCE.md","A ","DOCUMENTATION_ARTIFACT","647","166d470134f009f866b965e4517b4bdd51d097c2d7ac85b72a324303d20f1340"
"docs/HISTORICAL-REDIRECT-HTTP-INTEGRATION-ANALYSIS.md","A ","DOCUMENTATION_ARTIFACT","1224","391dfce7ca3bb433642b419985b70cd28afb57045bb026734984a877be7c93de"
"docs/HISTORICAL-REDIRECT-HTTP-OBSERVABILITY-MATRIX.md","A ","DOCUMENTATION_ARTIFACT","907","e69cc4bbec9426de9baa3493524adfa978f8ab3926a404f7538518f194dfb953"
"docs/HISTORICAL-REDIRECT-HTTP-ORCHESTRATION-SPECIFICATION.md","A ","DOCUMENTATION_ARTIFACT","670","69ba452d0a9f0edb19e7723938966e325ad2c53e8f4a1af7c5b3077264cf64aa"
"docs/HISTORICAL-REDIRECT-HTTP-RESULT-MATRIX.md","A ","DOCUMENTATION_ARTIFACT","674","38aae7af98e1d1ab15b7cb257ff0c744ad448f281275aa6b76be5553f290ea0c"
"docs/HISTORICAL-REDIRECT-MIGRATION-AND-ROLLBACK-GUIDE.md","A ","DOCUMENTATION_ARTIFACT","762","e4fc4224e358112c549422655e6c1978ccde6f125f4429e7383403f639866580"
"docs/HISTORICAL-REDIRECT-POSTGRESQL-ANALYSIS.md","A ","DOCUMENTATION_ARTIFACT","1348","b362b3385b225680fdb1ee53c8f4eaceb84161ecb36b8fbb14e99a6583b358ec"
"docs/HISTORICAL-REDIRECT-POSTGRESQL-MAPPING-MATRIX.md","A ","DOCUMENTATION_ARTIFACT","930","66d610325273deded35e3d7a9eac5413709c6d3ad3328633f4aae190ddb17da5"
"docs/HISTORICAL-REDIRECT-POSTGRESQL-RESULT-MATRIX.md","A ","DOCUMENTATION_ARTIFACT","759","2ffed39f0207a43a8c925e8c6f52cf1be8c052db5706fd99ebc6e98021b25df0"
"docs/HISTORICAL-REDIRECT-POSTGRESQL-SPECIFICATION.md","A ","DOCUMENTATION_ARTIFACT","980","60ce5b1834ad7a1d978c8f521c03ce6d56c10ad48a7228fc074200e1994a0027"
"docs/HISTORICAL-REDIRECT-RESULT-MATRIX.md","A ","DOCUMENTATION_ARTIFACT","1018","6facfba30f71a7e03225ccb452855131d72d1983efff696af305adb048c1ba8a"
"docs/HISTORICAL-REDIRECT-RUNTIME-BINDING-MATRIX.md","A ","DOCUMENTATION_ARTIFACT","546","f721cf00be6a7a7d436ba8ebf6ab17d1560d521a4d8327a2c753b8f8d6014d03"
"docs/HISTORICAL-REDIRECT-RUNTIME-BINDING-SPECIFICATION.md","A ","DOCUMENTATION_ARTIFACT","746","3942012327d18eab6c8d388bbc097bc7d2041500105c6356525518ff9d4f5746"
"docs/HISTORICAL-REDIRECT-RUNTIME-CERTIFICATION-SPECIFICATION.md","A ","DOCUMENTATION_ARTIFACT","904","2b3c610095c8b36e2e3779fe4bb6bc43688ce68c35dfcbdedaf49b37f045d500"
"docs/HISTORICAL-REDIRECT-RUNTIME-COMPOSITION-ANALYSIS.md","A ","DOCUMENTATION_ARTIFACT","1221","cf47a56849eddbca0ce949bc5a3e282c1db387897b7b1d33aa6c0872b163e0a4"
"docs/HISTORICAL-REDIRECT-RUNTIME-HEALTH-EXTENSION-MATRIX.md","A ","DOCUMENTATION_ARTIFACT","710","3090bd7ffeaa3ad4b678596de504fd31a9a93d79db10c0b9566c132e30b179e5"
"docs/HISTORICAL-REDIRECT-SPECIFICATION.md","A ","DOCUMENTATION_ARTIFACT","1447","de5c5558912dcae8619da70a6c31020eede80e87da67759b33f07d41b536e5f7"
"docs/HTTP-RUNTIME-CERTIFICATION-ANALYSIS.md","A ","DOCUMENTATION_ARTIFACT","725","7fbd50b204fe2cfcf4cfa08acec525b6d47addab0504f147cd48346d2e1ec211"
"docs/HTTP-RUNTIME-CERTIFICATION-SPECIFICATION.md","A ","DOCUMENTATION_ARTIFACT","550","5ccd57fc16f9d49b35d346a3f0e653b0dd40e9b607b236053d70c30e7deda69e"
"docs/HTTP-RUNTIME-RESULT-MATRIX.md","A ","DOCUMENTATION_ARTIFACT","601","c47713de64a31be38c5dc0a7ea2d7ef1d24f0bca3b6a3a9b88a10c5bd7acba1c"
"docs/implementation/ADR-1000-TECHNICAL-FOUNDATION.md","  ","DOCUMENTATION_ARTIFACT","43882","040015868f294adb81097aecd54c3ddba80ce16d9671dea6b2bccfcaddeaf4e6"
"docs/implementation/ADR-1001-RUNTIME-AND-FRAMEWORK-SELECTION.md","  ","DOCUMENTATION_ARTIFACT","36243","8ede2a6cb59b5c0661723102d264720176492ebcd9602fbb5fefc52e2c834ec0"
"docs/implementation/ADR-1002-INITIAL-PERSISTENCE-PLATFORM.md","  ","DOCUMENTATION_ARTIFACT","46917","9c74262921015b39e907e0cf41196ceaf8efbb2323c2c40cd3066966ffb2a5d2"
"docs/implementation/ADR-1003-PHYSICAL-MODULE-STRUCTURE.md","  ","DOCUMENTATION_ARTIFACT","32314","e8545ebd0223046df519a4fa6f8441aae5c1f77648959e2f6e5d867534e46e4b"
"docs/implementation/ADR-1004-AUTHENTICATION-AND-SECRETS.md","  ","DOCUMENTATION_ARTIFACT","42216","2f12cfa19f4025421cfcc60cbe0c962c36c98a8623eb944a4450d04e563a51eb"
"docs/implementation/ADR-1005-REPOSITORY-GOVERNANCE.md","  ","DOCUMENTATION_ARTIFACT","30862","71337517a00dfb0a82276442911417b83c736e9952b5d6f6d495b679be611aaa"
"docs/implementation/ADR-1006-PRODUCT-CATALOG-STATUS.md","A ","DOCUMENTATION_ARTIFACT","2825","eafbde8d795a6b5872d46337adbdcd36b5867a30d2e7a469a80a49eabace185a"
"docs/implementation/ADR-1007-PUBLIC-LISTING-QUERY-PRODUCTION.md","A ","DOCUMENTATION_ARTIFACT","6741","5d355942bb6c49ac43965f7eda44edc299db42ffcb96e7889c05b921778c7ad6"
"docs/implementation/ADR-1008-PUBLIC-PROJECTION-STORE.md","A ","DOCUMENTATION_ARTIFACT","14068","e38735667f7fc711ef5a26277af1531c59628e637ad2a3ad39702e1b7e0600ad"
"docs/implementation/ADR-1009-PUBLIC-PROJECTION-DELIVERY-DURABILITY.md","A ","DOCUMENTATION_ARTIFACT","11011","5c78c7f757ad312eabc620a285387df719b5f2110d1648e0b2f576c60ed53075"
"docs/implementation/ADR-1011-HISTORICAL-REDIRECT-APPLICATION-BOUNDARY.md","A ","DOCUMENTATION_ARTIFACT","1268","b1add2f73562a1b6bed578f43d15e78164191c161e6e48fdd881daf6106e7747"
"docs/implementation/ADR-1012-HISTORICAL-CANONICAL-QUALIFICATION-BOUNDARY.md","A ","DOCUMENTATION_ARTIFACT","974","030ac00d1136a17f06e2c9664732e9217b326a63e5cbb2fcd50f362bd6cc4da1"
"docs/implementation/ADR-1013-HISTORICAL-CANONICAL-PERMANENT-REDIRECT-STATUS.md","A ","DOCUMENTATION_ARTIFACT","789","dbd2eaf97a9e48e03abaaacbcb551c5c8f9c0547d2e904c25206e7d68f5dfacc"
"docs/implementation/ADR-1014-LISTING-PUBLICATION-WORKFLOW-STATES.md","A ","DOCUMENTATION_ARTIFACT","1010","a14915db2e991ab06e290dcd6b382cb34b3d3afbabe0b1e71d1d3c0c9a6021ee"
"docs/implementation/LARAVEL-PROJECT-PLAN.md","  ","DOCUMENTATION_ARTIFACT","32662","f754389c6707cf6478070acf51dcf5b045daf873654c813a758c91ca40629f39"
"docs/infrastructure/CONTRACT-TEST-BLUEPRINT.md","A ","DOCUMENTATION_ARTIFACT","6562","69ace8e8c8b927d71b15e7fed13b20e223f17e494210b905d5b08ab6e08c14bd"
"docs/infrastructure/EVENT-DISPATCHER-BLUEPRINT.md","A ","DOCUMENTATION_ARTIFACT","3269","ce2c5227341e5ef49a6a9bc46933a06fe8c51e68a5a2f132ed0f8c5b4385e9a8"
"docs/infrastructure/OUTBOX-BLUEPRINT.md","A ","DOCUMENTATION_ARTIFACT","3419","dfef30f0ac78c8bec5308f077f1270ccd4e9892c9a5b949f9d1cc80ad0dbbd10"
"docs/infrastructure/PERSISTENCE-MAPPING-STRATEGY.md","A ","DOCUMENTATION_ARTIFACT","3574","f580fdb7e5092d0091d609efd068feff0449d193fc8dbad7b8a951f5532763aa"
"docs/infrastructure/POSTGRESQL-CHECKLIST.md","A ","DOCUMENTATION_ARTIFACT","3511","c92c3a314778500af0bd3df0aee465c787329161079fafc74145854805bbf387"
"docs/infrastructure/POSTGRESQL-NAMING.md","A ","DOCUMENTATION_ARTIFACT","3068","87e35c69292336b1aee2b2d8ff11dd9d2e42aaa21b783f406f1e530cc2b61a4a"
"docs/infrastructure/POSTGRESQL-REPOSITORY-GUIDE.md","A ","DOCUMENTATION_ARTIFACT","7028","2119c8120f1b2f3590756eb50be7f134a7ab03a63a722cac58b50a6f149134b0"
"docs/infrastructure/POSTGRESQL-STRATEGY.md","A ","DOCUMENTATION_ARTIFACT","4119","aef498cee4b7aad489c75d887f77833cb75eb1f92cb0f084404e92e79c007f3a"
"docs/infrastructure/REPOSITORY-PROTOCOL.md","A ","DOCUMENTATION_ARTIFACT","4346","b92937a0b54b4d58259a8e63729fb2d1567952650c08c5c68dfde70c26024e46"
"docs/infrastructure/REPOSITORY-TESTING-STRATEGY.md","A ","DOCUMENTATION_ARTIFACT","4155","2b6c019bf89c52659b49b5251f93581a1166113bf8996c6d4114eea6906e3daf"
"docs/infrastructure/RESERVATION-STRATEGY.md","A ","DOCUMENTATION_ARTIFACT","9666","8332a318872f3f466714c98c18c05483f911bb968f4118bf6663dcd4f95b1154"
"docs/infrastructure/TRANSACTION-POLICY.md","A ","DOCUMENTATION_ARTIFACT","3679","8587bbf184d6345112216440131866dd3a2f278041c9151c8cd2eb1669dd48c4"
"docs/infrastructure/UNIT-OF-WORK.md","A ","DOCUMENTATION_ARTIFACT","3776","5d6febadb537772462316f0a029e315430bd377c61488c284456afcb3e88d837"
"docs/LARAVEL-RUNTIME-BINDING-ANALYSIS.md","A ","DOCUMENTATION_ARTIFACT","708","1903aac77006607eb257370cde0b638c6f9ecd40641eee08455dc2487e36dbb2"
"docs/LARAVEL-RUNTIME-BINDING-SPECIFICATION.md","A ","DOCUMENTATION_ARTIFACT","548","92657c7a2f100199d46ac6d6a86fd1a68c6141d612cf985bae099cb8f20e23dc"
"docs/LEAD-ADVERTISER-CATALOG-PRODUCTION-ADAPTER-SPECIFICATION.md","A ","DOCUMENTATION_ARTIFACT","568","984ef0abe483e2cf14b4fce77ef798e0b327c760b43d9bc0796b560552852290"
"docs/LEAD-ADVERTISER-DECISION-STATE-MATRIX.md","A ","DOCUMENTATION_ARTIFACT","876","466ec9317bb61c852b0b3d445fd934a03850a5c13b6aa42263cd5242bf798a7c"
"docs/LEAD-ELIGIBILITY-CONSUMER-MAP.md","A ","DOCUMENTATION_ARTIFACT","875","0dc76112abe7e94ac12ef57f253d071458c0f09a1ccf7019ec504e64095df358"
"docs/LEAD-ELIGIBILITY-CONTRACT-COMPATIBILITY-MATRIX.md","A ","DOCUMENTATION_ARTIFACT","1053","38940f875c42cb0c6f2b25d2fa308b125296e611de062132a6c0da99e90ac18c"
"docs/LEAD-ELIGIBILITY-CONTRACT-INVENTORY.md","A ","DOCUMENTATION_ARTIFACT","1444","f7be85ef9f1761ed01e6f9bc7867e61464bbe4f5e5a81ca220d0e001f3cfd469"
"docs/LEAD-ELIGIBILITY-CONTRACT-RECONCILIATION-DECISION.md","A ","DOCUMENTATION_ARTIFACT","1387","36ea4d3ddd828c345bc8482825b1f35ee8ddd70195bd3116134d6fe251ba8301"
"docs/LEAD-ELIGIBILITY-DECISION-MODEL.md","A ","DOCUMENTATION_ARTIFACT","1104","7d625d65a693ef2ce0ceabd0cf32e7d431f7e11838e76fbd25bec98ae2cd7cf0"
"docs/LEAD-ELIGIBILITY-DECISION-OWNERSHIP-MATRIX.md","A ","DOCUMENTATION_ARTIFACT","970","65d2abb1a6942bebc729fc15c242dc440acc7e22494c1a224090f619f2380025"
"docs/LEAD-ELIGIBILITY-EVIDENCE-MAPPING-MATRIX.md","A ","DOCUMENTATION_ARTIFACT","656","4bffa83a74baa239a6750f7bf7dc5479dd98b135cd191677afa1522884664945"
"docs/LEAD-ELIGIBILITY-IDEMPOTENCE-DIVERGENCE-POLICY.md","A ","DOCUMENTATION_ARTIFACT","691","59594f4a17745ae3ae919c58e7093e598337e628b19c45ffcb0571540f47f20d"
"docs/LEAD-ELIGIBILITY-MATERIALIZATION-CONTRACT-SPECIFICATION.md","A ","DOCUMENTATION_ARTIFACT","746","9b7feb77f25c62e6772966f79ea6502b511f3357aacc6aeb99e83dd249c6927f"
"docs/LEAD-ELIGIBILITY-MATERIALIZATION-PORT-BLUEPRINT.md","A ","DOCUMENTATION_ARTIFACT","1090","417277f7ae2472a901761ae601ac54d266fadfdfd775f658dab2f2a1b4376c9b"
"docs/LEAD-ELIGIBILITY-MATERIALIZATION-RESULT-MATRIX.md","A ","DOCUMENTATION_ARTIFACT","694","f83e648b9bdc85f2c8905040920bd1e9d78a3fd39fb1b749b252bd1617983b21"
"docs/LEAD-ELIGIBILITY-NEGATIVE-DECISION-PERSISTENCE-MATRIX.md","A ","DOCUMENTATION_ARTIFACT","528","189299cbca27d216e4bf6fe64daec58d94d5c0c1dc0da1b7ab6bdb2fda7eaa9d"
"docs/LEAD-ELIGIBILITY-NEGATIVE-DECISION-POLICY.md","A ","DOCUMENTATION_ARTIFACT","1065","7c1a61a6c601f8936d92d479241a8ca74552c463c057412dc0ca402bd38e1158"
"docs/LEAD-ELIGIBILITY-POSTGRESQL-SCHEMA-SPECIFICATION.md","A ","DOCUMENTATION_ARTIFACT","733","812d52ca197dbcbf8e043e1a97eea6c589e36768ca53623f09c8e752cb82cf84"
"docs/LEAD-ELIGIBILITY-POSTGRESQL-STORAGE-STRATEGY.md","A ","DOCUMENTATION_ARTIFACT","584","bebd86e714efcfef594da20c04f9d61e2b8a9c0ba0b4bef34cdb38147a34fbb7"
"docs/LEAD-ELIGIBILITY-READER-INTEGRATION-SPECIFICATION.md","A ","DOCUMENTATION_ARTIFACT","512","92ce488dfd8e7bd8c36cbdd9dc3a4878a2f48134791ae401e02f7211147ce4a1"
"docs/LEAD-ELIGIBILITY-REVISION-CONTINUITY-POLICY.md","A ","DOCUMENTATION_ARTIFACT","631","51b7fe5d65b03e2517cbef5e2ddfcc0c0c5f6923335b0ba165c7501a6921a29b"
"docs/LEAD-ELIGIBILITY-REVISION-SPECIFICATION.md","A ","DOCUMENTATION_ARTIFACT","1093","e99e042291027c41cf7b4da960824406f865f28c8c18e8dbdac82cf444b3247f"
"docs/LEAD-ELIGIBILITY-SOURCE-DATA-FOUNDATION-ANALYSIS.md","A ","DOCUMENTATION_ARTIFACT","703","f006e80ba8a48516880651a7a3c602cdebea21d37f482c2763bc6d85d5a7d9e6"
"docs/LEAD-ELIGIBILITY-SOURCE-DATA-MIGRATION-ROLLBACK-GUIDE.md","A ","DOCUMENTATION_ARTIFACT","553","107169820882abd3e06b705d9c3c6bc30d62ee481eeccfc8fdf673c4de30530a"
"docs/LEAD-ELIGIBILITY-SOURCE-DATA-RUNTIME-BINDING-MATRIX.md","A ","DOCUMENTATION_ARTIFACT","601","9c3dac0bf4509dba32b5d8fc387a512e65024afdb7e1c25e0378467ddfa283fa"
"docs/LEAD-ELIGIBILITY-SOURCE-DATA-RUNTIME-HEALTH-DECISION.md","A ","DOCUMENTATION_ARTIFACT","586","cb90e2a899b8920c4e3eade8d3cb35a04cd1ddd8d7355de39b3764c2dbc593fc"
"docs/LEAD-ELIGIBILITY-SOURCE-FOUNDATION-ANALYSIS.md","A ","DOCUMENTATION_ARTIFACT","792","4af9c54dae97444c5193503a03cb74193ae489813458f5e9291a5b19275096d2"
"docs/LEAD-ELIGIBILITY-SOURCE-RUNTIME-BINDING-MATRIX.md","A ","DOCUMENTATION_ARTIFACT","489","4ccfbbbe69717313a42d5354cfd786d2ce76480a64e16cdff681605cd75f06b6"
"docs/LEAD-ELIGIBILITY-SOURCE-RUNTIME-HEALTH-EXTENSION.md","A ","DOCUMENTATION_ARTIFACT","417","c7c8224e9962d58db8a2b2458ab98e9ef9afd5141e9820502152f48e0d26cc4c"
"docs/LEAD-LIFECYCLE-ATOMIC-EVENT-INTEGRATION-ANALYSIS.md","A ","DOCUMENTATION_ARTIFACT","802","000a189727399caa75307d0a1efb29c02a5709d9e6a703c35bdb6213ece7167f"
"docs/LEAD-LIFECYCLE-ATOMIC-EVENT-INTEGRATION-CERTIFICATION.md","A ","DOCUMENTATION_ARTIFACT","966","23768606276bf8b5d4900cc60441baa355d8f0d073e4b7dbe522939d5008d627"
"docs/LEAD-LIFECYCLE-ATOMIC-EVENT-INTEGRATION-SPECIFICATION.md","A ","DOCUMENTATION_ARTIFACT","840","59a3ac8d2209af4ad392571013e7d6f810fe1a4728c095226612a8a49ef217d3"
"docs/LEAD-LIFECYCLE-ATOMIC-EVENT-MATRIX.md","A ","DOCUMENTATION_ARTIFACT","597","fe08f88f62b271be0ceabc52fe714869c261725912e8a8fa2a2dfa73095a11ab"
"docs/LEAD-LIFECYCLE-ATOMIC-ROLLBACK-AND-REPLAY-MATRIX.md","A ","DOCUMENTATION_ARTIFACT","752","a5e98af8201f0c5d10e4abd4f341debddf344473ad549fff660f439bced01284"
"docs/LEAD-LIFECYCLE-CONTEXTUAL-PERSISTENCE-FOUNDATION.md","A ","DOCUMENTATION_ARTIFACT","711","639b0ead5534f21c5ca9c456bc05094feed4ffb350184ad9b95c7364c42e58aa"
"docs/LEAD-LIFECYCLE-CONTEXTUAL-REPLAY-INSPECTION-CONTRACT.md","A ","DOCUMENTATION_ARTIFACT","1053","945aeb6bbd256f4da7b34a65d95a7389cafc8c30415aa1ea69a3e2752d62d170"
"docs/LEAD-LIFECYCLE-CONTEXTUAL-STORE-V2-SPECIFICATION.md","A ","DOCUMENTATION_ARTIFACT","571","4eccf51fc2eb1a51308778e63524006850e8e11d089875b6de2fe3b6b44f687a"
"docs/LEAD-LIFECYCLE-DELIVERY-CONSUMER-SPECIFICATION.md","A ","DOCUMENTATION_ARTIFACT","655","407b3cff1ea68cfcbf668cefeb1269af86188ceafdcb864e604b397e8dcb614e"
"docs/LEAD-LIFECYCLE-DELIVERY-CONSUMPTION-MATRIX.md","A ","DOCUMENTATION_ARTIFACT","666","39afe98d1d4d8bb7cfc10d6665389bf079471e05aecfb034decd6680266776ae"
"docs/LEAD-LIFECYCLE-DELIVERY-CONSUMPTION-RUNTIME-ANALYSIS.md","A ","DOCUMENTATION_ARTIFACT","617","b098075c15abf3ff37039e31382d5285522d5c272f25adc3b0ff6868fe9cb762"
"docs/LEAD-LIFECYCLE-DELIVERY-CONSUMPTION-RUNTIME-CERTIFICATION.md","A ","DOCUMENTATION_ARTIFACT","686","f2f49260a8d86b370bea591a803b8a7935888691820c9c624f39b7eaf97b4db7"
"docs/LEAD-LIFECYCLE-DELIVERY-PAYLOAD-SPECIFICATION.md","A ","DOCUMENTATION_ARTIFACT","452","279351f63fcf624b0e3ce177e7b4553eac5b7bfcaabc731df138065ad801a72b"
"docs/LEAD-LIFECYCLE-DIAGNOSTIC-MATRIX.md","A ","DOCUMENTATION_ARTIFACT","575","db720549250dbcf1e28826707b1f788aa8d2dde217fd3e4bcf019365a50af95f"
"docs/LEAD-LIFECYCLE-ELIGIBILITY-USAGE-POLICY.md","A ","DOCUMENTATION_ARTIFACT","504","b6372503b7148383f86cf12f9de2f787f1abbfa2adc5bf61c4ef881299e0b0c5"
"docs/LEAD-LIFECYCLE-EVENT-CATALOG-SPECIFICATION.md","A ","DOCUMENTATION_ARTIFACT","697","c144aec2efbd85faf97b68986ca27256216c64f18a0fe746d069d1756d5225ec"
"docs/LEAD-LIFECYCLE-EVENT-CONTRACT-ANALYSIS.md","A ","DOCUMENTATION_ARTIFACT","1499","e44d4449f3d54d3407335a71ca617c837a348d4921a9d96cd0726eaaeb00ca82"
"docs/LEAD-LIFECYCLE-EVENT-CONTRACT-CERTIFICATION.md","A ","DOCUMENTATION_ARTIFACT","686","91912a3e747a5b90902bcf3c8856e6989a3d9524c7d7f9e63dc7da3d81fd7a81"
"docs/LEAD-LIFECYCLE-EVENT-CONTRACT-SPECIFICATION.md","A ","DOCUMENTATION_ARTIFACT","865","deda52b85accd8cfc925ff0ff3c576fb632e2afe0769f504aa40ad966d190da2"
"docs/LEAD-LIFECYCLE-EVENT-METADATA-SPECIFICATION.md","A ","DOCUMENTATION_ARTIFACT","525","b3c74e8b59fbe2fb614ff0d9774bb0dd9000e24f04ff3eac78e4421d2b2dc43b"
"docs/LEAD-LIFECYCLE-EVENT-PAYLOAD-V1-SPECIFICATION.md","A ","DOCUMENTATION_ARTIFACT","573","0a3423ab319de9695d9931166e1a83ff9afc933eaa922c54e52d2476fe40df73"
"docs/LEAD-LIFECYCLE-EVENT-PRIVACY-POLICY.md","A ","DOCUMENTATION_ARTIFACT","539","ab9b95b71ad1e5a6e21635ac4d48151bc50a9da1265be69356dde6749911c913"
"docs/LEAD-LIFECYCLE-EVENT-ROUTING-ANALYSIS.md","A ","DOCUMENTATION_ARTIFACT","1057","c05dc8095bfca6b24a72da2a73bb1dd4283c9978614e39fb6b801e62673511f2"
"docs/LEAD-LIFECYCLE-EVENT-ROUTING-CERTIFICATION.md","A ","DOCUMENTATION_ARTIFACT","821","d60ad4f973a2121fa41bfbc09b454f7537129aad9f2c9163bb50c289a1615bcd"
"docs/LEAD-LIFECYCLE-EVENT-ROUTING-CONTRACT.md","A ","DOCUMENTATION_ARTIFACT","621","71d7d9933ae88cc97fb02e6f88813c0de3acabf3ec701bcc4ec058caa61f938f"
"docs/LEAD-LIFECYCLE-EVENT-ROUTING-RECOVERY-STRATEGY.md","A ","DOCUMENTATION_ARTIFACT","631","87b4b8c1756a6ed18357b4685a70f7e0a8a9d03266090016abaa3b363831cf4e"
"docs/LEAD-LIFECYCLE-EVENT-SERIALIZATION-AND-COMPATIBILITY.md","A ","DOCUMENTATION_ARTIFACT","730","bfaf8e9252c87034a40ffcefc2b05d0bd0bf190ff68eb2c9f8fc54993871dabd"
"docs/LEAD-LIFECYCLE-EVENT-TRANSPORT-ANALYSIS.md","A ","DOCUMENTATION_ARTIFACT","775","5a5b0012f3fa8b8a7b59b883a1d6999a3f0a61eb7bb111c0d327c0e789479de4"
"docs/LEAD-LIFECYCLE-EVENT-TRANSPORT-CERTIFICATION.md","A ","DOCUMENTATION_ARTIFACT","704","ef71e33eb77c07d2b5a85b65a857068f28e01c4dd0df38f945c2d06d9d10226d"
"docs/LEAD-LIFECYCLE-EVENT-TRANSPORT-COMPATIBILITY-MATRIX.md","A ","DOCUMENTATION_ARTIFACT","695","e464c2472b9a948ba70bbf7d86e7b24b8f3f52f6b459c4b714249346fac19aa4"
"docs/LEAD-LIFECYCLE-HTTP-ENDPOINT-SPECIFICATION.md","A ","DOCUMENTATION_ARTIFACT","655","0ce1611923b04e8bb9fee9fd1a89946b431c037ea6537098af7b89b3876586db"
"docs/LEAD-LIFECYCLE-HTTP-RESULT-MATRIX.md","A ","DOCUMENTATION_ARTIFACT","410","008aac2f0d6664d44bb8d0ddf28ad6765535867cf864beeeabdab428dc4d2c88"
"docs/LEAD-LIFECYCLE-HTTP-RUNTIME-ANALYSIS.md","A ","DOCUMENTATION_ARTIFACT","544","e6eb0f39468e8e4fd186e95d743d85e09b577313919bedb370c2bd69ef927d29"
"docs/LEAD-LIFECYCLE-HTTP-RUNTIME-CERTIFICATION.md","A ","DOCUMENTATION_ARTIFACT","937","8c7cc6674f8a2d4d9563c7024d2a759aefdc4670791a503ab6e5da34b2c873d2"
"docs/LEAD-LIFECYCLE-HTTP-RUNTIME-SEQUENCE.md","A ","DOCUMENTATION_ARTIFACT","377","d96fd9c8950f8258d95edf376bb123d653d1632d084feb2ae568ac2853c98a2e"
"docs/LEAD-LIFECYCLE-INBOX-MIGRATION-ROLLBACK-GUIDE.md","A ","DOCUMENTATION_ARTIFACT","415","76f4ff8217170735631dcb24b68b58ce8e2aff1d5188f5ec957b14c011d259e9"
"docs/LEAD-LIFECYCLE-INBOX-POSTGRESQL-SPECIFICATION.md","A ","DOCUMENTATION_ARTIFACT","658","f12da7bed604488f22cf2517929f67c2d5a2908332388f15871e14c2531db8c5"
"docs/LEAD-LIFECYCLE-MIGRATION-ROLLBACK-GUIDE.md","A ","DOCUMENTATION_ARTIFACT","652","00434d0653a4a250ffc47f4656beaebed495c68d030425a4b494389f615f70b9"
"docs/LEAD-LIFECYCLE-OUTBOX-CATALOG-EXTENSION-SPECIFICATION.md","A ","DOCUMENTATION_ARTIFACT","549","be909ddb758173e3a65fb8cc92e78b23a06850e6107e85ce3c78c2f9e209f487"
"docs/LEAD-LIFECYCLE-OUTBOX-COMPATIBILITY-ANALYSIS.md","A ","DOCUMENTATION_ARTIFACT","932","53686e73127298df630d84096dc15c24b073b35e2ac0f8b3cdfc6aa131bd432f"
"docs/LEAD-LIFECYCLE-OUTBOX-COMPATIBILITY-CERTIFICATION.md","A ","DOCUMENTATION_ARTIFACT","648","2ee15e9fefdadb20f94469e0e2a7858b0b34846261e5bd0814caa1bbea0e6cb6"
"docs/LEAD-LIFECYCLE-OUTBOX-MAPPER-COMPATIBILITY.md","A ","DOCUMENTATION_ARTIFACT","551","5b7b7ab6fabbc7da609338ee555fd18a3e73f91c0372575100fa04b150770b1d"
"docs/LEAD-LIFECYCLE-OUTBOX-OWNER-CERTIFICATION.md","A ","DOCUMENTATION_ARTIFACT","688","e76e8b5c3d57e31e8006bb93d1266ad143644e5df73e1b4790cf14b986d5dcc4"
"docs/LEAD-LIFECYCLE-OUTBOX-OWNER-ISOLATION-MATRIX.md","A ","DOCUMENTATION_ARTIFACT","557","0d86b08048b0d337422063beec162b00ec42a4c52d2887f25447d967d82410f4"
"docs/LEAD-LIFECYCLE-OUTBOX-OWNER-MIGRATION-ROLLBACK-GUIDE.md","A ","DOCUMENTATION_ARTIFACT","614","0459f6c300632aeeb90294fe7e34549cbe9ca43480fe4ce1b51d63ce0a017331"
"docs/LEAD-LIFECYCLE-OUTBOX-OWNER-SCHEMA-ANALYSIS.md","A ","DOCUMENTATION_ARTIFACT","995","814cc58a3405f59010fc4702a5779441e516a3b3af612f515bbc6c8e8b0ba1f1"
"docs/LEAD-LIFECYCLE-OUTBOX-OWNER-SCHEMA-RESOLUTION.md","A ","DOCUMENTATION_ARTIFACT","457","38cb91a7ab69209d8e092b43277a2056f0b2dc2f59da5d3f340fc11ecf4cd0c6"
"docs/LEAD-LIFECYCLE-OUTBOX-OWNER-TRANSACTION-SPECIFICATION.md","A ","DOCUMENTATION_ARTIFACT","556","8c48dade437ebadbc185aec254871c9c07de727eca203652917a63e5949ea985"
"docs/LEAD-LIFECYCLE-PERSISTENCE-ANALYSIS.md","A ","DOCUMENTATION_ARTIFACT","944","3d9149f9987464b11ea3037cb765a27b23476f4fc2f93941cca371919fc675f0"
"docs/LEAD-LIFECYCLE-PERSISTENCE-MAPPING-MATRIX.md","A ","DOCUMENTATION_ARTIFACT","703","d4ff619ea7bb982cba2a0c094082b3aeb54e754c5ed708d0d0ca3cfaa94c9939"
"docs/LEAD-LIFECYCLE-PERSISTENCE-RESULT-MATRIX.md","A ","DOCUMENTATION_ARTIFACT","826","d209193ba1abbe6c5e464874ed5a6be194f0525b4a2bb1c15be24112598936e4"
"docs/LEAD-LIFECYCLE-POSTGRESQL-SPECIFICATION.md","A ","DOCUMENTATION_ARTIFACT","840","9231ee2c6e753b8c0855bca7e18961b6941c4c911a857379e27bcaff4f971c25"
"docs/LEAD-LIFECYCLE-ROUTING-RESULT-MATRIX.md","A ","DOCUMENTATION_ARTIFACT","602","02449f51f854e3cca8c0155d8b9438d80f3981d6f387d633db97795e6f63dd59"
"docs/LEAD-LIFECYCLE-ROUTING-RUNTIME-BINDING-SPECIFICATION.md","A ","DOCUMENTATION_ARTIFACT","649","eb493a4a86dc093062040585561818f16936a30739227c344833c5ee641b3ffa"
"docs/LEAD-LIFECYCLE-ROUTING-RUNTIME-HEALTH-DECISION.md","A ","DOCUMENTATION_ARTIFACT","546","c355973db078ca21ed48f05b974b6bbf1e8b43bc14ed22d2deb312412d42f6ed"
"docs/LEAD-LIFECYCLE-ROUTING-TRANSACTION-AND-CONCURRENCY.md","A ","DOCUMENTATION_ARTIFACT","760","c0ac485bb67c005aa924e2038fa5e0c7683ec8b0fbe0dd80b8e6762e8592ca1c"
"docs/LEAD-LIFECYCLE-RUNTIME-BINDING-MATRIX.md","A ","DOCUMENTATION_ARTIFACT","688","47287b9efc83b8d580e2bfa410f641d9339c07697edaa6af6133aa745498f6be"
"docs/LEAD-LIFECYCLE-RUNTIME-BINDING-SPECIFICATION.md","A ","DOCUMENTATION_ARTIFACT","689","f7878accd23346756ca94561f4d37caacac5d7ae18bf9629a58f9bc9dbca120c"
"docs/LEAD-LIFECYCLE-RUNTIME-COMPOSITION-ANALYSIS.md","A ","DOCUMENTATION_ARTIFACT","720","6f2d5c0c1d68910ca09e701284014bafb20d7a5ab04012d42c7611ff3a5afd58"
"docs/LEAD-LIFECYCLE-RUNTIME-HEALTH-EXTENSION-MATRIX.md","A ","DOCUMENTATION_ARTIFACT","602","6c8885eee3e5781d3a622f2566f48394bef1f20173a52ed9be14ff5da8ba1f48"
"docs/LEAD-LIFECYCLE-RUNTIME-ORCHESTRATION-SPECIFICATION.md","A ","DOCUMENTATION_ARTIFACT","800","58799886c2d3c2042ed0efa52b229da596a8a78f9f1206396290271d0a53330c"
"docs/LEAD-LIFECYCLE-STATE-MACHINE-SPECIFICATION.md","A ","DOCUMENTATION_ARTIFACT","725","997d89b5519901486d46dedb2d84c1f9570e33dac9ee8c67b12cd3917ec4ed65"
"docs/LEAD-LIFECYCLE-TRANSITION-CONTEXT-AND-ELIGIBILITY-POLICY-ANALYSIS.md","A ","DOCUMENTATION_ARTIFACT","811","3b4c85b7ca41ee9ce798cdc5f6232f76da83cb63bbe573e043eeeff98b7081cc"
"docs/LEAD-LIFECYCLE-TRANSITION-CONTEXT-MATRIX.md","A ","DOCUMENTATION_ARTIFACT","356","965c216ec1f1c22b22b9364cf4ddf3cf42402b690ccef5f40940c6da5a4d5f4a"
"docs/LEAD-LIFECYCLE-TRANSITION-IDEMPOTENCE-AND-TRANSACTION-POLICY.md","A ","DOCUMENTATION_ARTIFACT","597","be0aed31483054a0666f89ced55b66061d44305ccf66f2bec766a96e46f644ce"
"docs/LEAD-LIFECYCLE-TRANSITION-MATRIX.md","A ","DOCUMENTATION_ARTIFACT","346","c62ce6407ad6d4e9615358f45a865430e2dae65bb776812855b724a8ecf5f7d6"
"docs/LEAD-LIFECYCLE-TRANSPORT-ENVELOPE-V1-SPECIFICATION.md","A ","DOCUMENTATION_ARTIFACT","537","56560aaf55ccd3c6800d0e20f448789d886d8837ab4984915b6f12a27b5da5bd"
"docs/LEAD-LIFECYCLE-TRANSPORT-SERIALIZATION-SPECIFICATION.md","A ","DOCUMENTATION_ARTIFACT","581","a52c7e2f8a8b07c6facb2e2c70fd94ed7f19f31d7e48b0dc8d8374ae733bf822"
"docs/LEAD-LIFECYCLE-WORKER-REGISTRATION-MATRIX.md","A ","DOCUMENTATION_ARTIFACT","441","7476cabe9233c46c9db4b7962368fa64ce5cbc931b0c7eaecbe851a9e7d10f23"
"docs/LEAD-LIFECYCLE-WORKFLOW-ANALYSIS.md","A ","DOCUMENTATION_ARTIFACT","1162","e1df4fdad01dcf6d1a3b31529003534b2585c46aede528df601cdf11b25af2be"
"docs/LEAD-LIFECYCLE-WORKFLOW-DECISION-TABLE.md","A ","DOCUMENTATION_ARTIFACT","791","23a689de37eb94096a2d4846bc6a3c61b9c826d0aed1f0dd94050578ade9df97"
"docs/LEAD-LISTING-ADVERTISER-OWNERSHIP-MODEL.md","A ","DOCUMENTATION_ARTIFACT","1128","53b1b99904b8292f909980cface22a05c28ef3f79c67e82dd80e9a55a09a32ff"
"docs/LEAD-LISTING-CATALOG-PRODUCTION-ADAPTER-SPECIFICATION.md","A ","DOCUMENTATION_ARTIFACT","536","5113f770c67be258f901189bf0adf892f6cfce44224e357c671732324d6b33bc"
"docs/LEAD-LISTING-DECISION-STATE-MATRIX.md","A ","DOCUMENTATION_ARTIFACT","774","7edaf0b3770a3d34da1cb6b052bea7fea05abcd30bd307628136d04edf983738"
"docs/LISTING-LIFECYCLE.md","  ","DOCUMENTATION_ARTIFACT","36166","2f6bd531eabdf1d656e533b80eaaf08c086b117bc5ecc7054a45a7157e0e40e7"
"docs/LISTING-PUBLICATION-ATOMIC-TRANSACTION-SPECIFICATION.md","A ","DOCUMENTATION_ARTIFACT","898","4577c0b34aabb9da0e4232eeb938b6f6e2554514f499d45f074499ec68f6ec4c"
"docs/LISTING-PUBLICATION-CONSUMER-COMPATIBILITY-SPECIFICATION.md","A ","DOCUMENTATION_ARTIFACT","560","e0918d54705931a9e4294df797bae82459125bb1ba5c63cee2bc1a54a81adf95"
"docs/LISTING-PUBLICATION-CONSUMER-OUTCOME-MATRIX.md","A ","DOCUMENTATION_ARTIFACT","697","68f34318e99963efbb49253ca6b1aa079db28c1971eab80bbdb5f3957700c022"
"docs/LISTING-PUBLICATION-DELIVERY-GUARANTEE-SPECIFICATION.md","A ","DOCUMENTATION_ARTIFACT","875","4f39425aec4be3e89d0721d9711a7b15a03926eebb2c66a15fad7ea32e5e2a21"
"docs/LISTING-PUBLICATION-DELIVERY-PAYLOAD-SPECIFICATION.md","A ","DOCUMENTATION_ARTIFACT","773","abce659ff3e23e4062d69f19bba9e2540a84477865bc0271ee59aba751d4f1df"
"docs/LISTING-PUBLICATION-EVENT-CATALOG-SPECIFICATION.md","A ","DOCUMENTATION_ARTIFACT","1213","884eb9905a9545c2816ff96ff39b8ed893fba0412077100c668df04b4ca9a988"
"docs/LISTING-PUBLICATION-EVENT-INTEGRATION-ANALYSIS.md","A ","DOCUMENTATION_ARTIFACT","1642","80f4980179017e77a9f6fbcc10d1cb3fc7a2c3e0c5caa0f244ece2c5cce9d624"
"docs/LISTING-PUBLICATION-EVENT-METADATA-SPECIFICATION.md","A ","DOCUMENTATION_ARTIFACT","1045","c553688851a917dd7583104977bd40717db743a7fb91b4cd0ac7f0046154f334"
"docs/LISTING-PUBLICATION-EVENT-PAYLOAD-SPECIFICATION.md","A ","DOCUMENTATION_ARTIFACT","859","dd22e7511bf2db1718fbec530b8e6871bc421281e4c56e97845df6860724c042"
"docs/LISTING-PUBLICATION-EVENT-ROUTING-ANALYSIS.md","A ","DOCUMENTATION_ARTIFACT","966","f28b29c55f566ab10ecb0a5f46dab0df92a373ffe4e2d8569e46c4b1efe0446f"
"docs/LISTING-PUBLICATION-EVENT-ROUTING-CONTRACT.md","A ","DOCUMENTATION_ARTIFACT","556","234d0d6547210fe1c6c5c11e21067acf3bcfbe1e4ce01b5badb1da9375083cc6"
"docs/LISTING-PUBLICATION-EVENT-ROUTING-RUNTIME-BINDING-MATRIX.md","A ","DOCUMENTATION_ARTIFACT","638","4888ed726e6691dfabec8e4661be0aaf8104250dc33fc23cfa365d121045ed92"
"docs/LISTING-PUBLICATION-EVENT-TRANSPORT-ANALYSIS.md","A ","DOCUMENTATION_ARTIFACT","1113","ab25b6f2e1d39b95a9249114277f3adce862306fbe8df37d61b835b1bd12c72f"
"docs/LISTING-PUBLICATION-EVENT-VERSIONING-SPECIFICATION.md","A ","DOCUMENTATION_ARTIFACT","895","5388d5d90ae3961998427643d449751347b402c2b6ec908e7d6cb742402940ee"
"docs/LISTING-PUBLICATION-FAILURE-ROLLBACK-MATRIX.md","A ","DOCUMENTATION_ARTIFACT","886","5e64718732f3be309a2d73967e175dbb056e35d7c59d088378e0bd203e37c8f0"
"docs/LISTING-PUBLICATION-HTTP-API-ERROR-CONTRACT.md","A ","DOCUMENTATION_ARTIFACT","675","0a7b65b366088c47268313069aaf365379f96192b92ea71a08c27c8543c9a19c"
"docs/LISTING-PUBLICATION-HTTP-ENDPOINT-SPECIFICATION.md","A ","DOCUMENTATION_ARTIFACT","778","ae13635907146cb6529f018cc4c2063df57cac0a9015fee62796887c70c35a5c"
"docs/LISTING-PUBLICATION-HTTP-REQUEST-RESPONSE-MAPPING-MATRIX.md","A ","DOCUMENTATION_ARTIFACT","946","ab343d6404273f2006cf2822f269c0306a82d6bcd9e2df1f9f490fcd3ce956c3"
"docs/LISTING-PUBLICATION-HTTP-RUNTIME-ANALYSIS.md","A ","DOCUMENTATION_ARTIFACT","1272","4e0b98cef5cddeaa624ac2bb8f6762f071e24ae27d116227476b93c7d5d3f881"
"docs/LISTING-PUBLICATION-HTTP-RUNTIME-SEQUENCE.md","A ","DOCUMENTATION_ARTIFACT","723","10fc0b331887cbebcc087eb69823f6b093423890e9a8a5661c05e846ce9a8e0b"
"docs/LISTING-PUBLICATION-HTTP-STATUS-MATRIX.md","A ","DOCUMENTATION_ARTIFACT","674","2040ad1710cf87d032abfde3b60d020309d9b791b84eb46299d99aa2baafd58c"
"docs/LISTING-PUBLICATION-IDENTITY-SEPARATION-SPECIFICATION.md","A ","DOCUMENTATION_ARTIFACT","664","34dff048088a6b4503f77df78681ac8d270250bbb9d12951988201c7bc150246"
"docs/LISTING-PUBLICATION-ORCHESTRATION-RESULT-MATRIX.md","A ","DOCUMENTATION_ARTIFACT","895","6af4794d7230572c6aefa421a8f390c88575efbe6e7cc48aa95f428d5192e136"
"docs/LISTING-PUBLICATION-OUTBOX-CATALOG-EXTENSION-SPECIFICATION.md","A ","DOCUMENTATION_ARTIFACT","621","53dc256cda22a735c919fb49243db0f18aafdf7b4fdf5efb5c9cd53a615f406d"
"docs/LISTING-PUBLICATION-OUTBOX-COMPATIBILITY-ANALYSIS.md","A ","DOCUMENTATION_ARTIFACT","905","3d38157e085eb3dc82d42c80e1beb2159df5855ce6734dba673fa14d6158f457"
"docs/LISTING-PUBLICATION-OUTBOX-MAPPER-COMPATIBILITY-SPECIFICATION.md","A ","DOCUMENTATION_ARTIFACT","792","ed9965edcc876ff70d24b5d1dade30c2dcaf2e594a0c28c1108819e48f6bd228"
"docs/LISTING-PUBLICATION-OUTBOX-PRODUCTION-MATRIX.md","A ","DOCUMENTATION_ARTIFACT","844","9f2264e9a5668d0f935a364b2ff0b244e301aa53defd17f89af78ef079c0c361"
"docs/LISTING-PUBLICATION-OUTBOX-SERIALIZATION-COMPATIBILITY-MATRIX.md","A ","DOCUMENTATION_ARTIFACT","931","55aab424fbf32e8dfe66de07cfe44e36cba3b8a94b42fb08fcc9d2e9bff61203"
"docs/LISTING-PUBLICATION-PERSISTENCE-ANALYSIS.md","A ","DOCUMENTATION_ARTIFACT","865","17e72188f58750db63ebacedfd53a61f2b31be2ba99f459f12cdf1b8111eb466"
"docs/LISTING-PUBLICATION-POSTGRESQL-SPECIFICATION.md","A ","DOCUMENTATION_ARTIFACT","807","5d17abcb529cd637c518dda09b9f44677908f26bce7553868e94f8ede1329039"
"docs/LISTING-PUBLICATION-PRODUCTION-ROUTING-SPECIFICATION.md","A ","DOCUMENTATION_ARTIFACT","596","c3f2b56aff10270579bfe99ddc005567aa2ada00e221988ca3a8ab649cb4e5c7"
"docs/LISTING-PUBLICATION-ROUTER-OUTCOME-MATRIX.md","A ","DOCUMENTATION_ARTIFACT","457","2e4aec66eb35b221f1913518b27ab309562e4662403e704a94d566b71ad169b9"
"docs/LISTING-PUBLICATION-RUNTIME-BINDING-MATRIX.md","A ","DOCUMENTATION_ARTIFACT","749","eef491d0fe8d9fae1ec11884ad26f8bf7e2824ebdc328280a397bd1ad3fee031"
"docs/LISTING-PUBLICATION-RUNTIME-BINDING-SPECIFICATION.md","A ","DOCUMENTATION_ARTIFACT","890","266a66c0fbef5e4485919085627deea7127179a0a69619c940f22a5404d219f9"
"docs/LISTING-PUBLICATION-RUNTIME-COMPOSITION-ANALYSIS.md","A ","DOCUMENTATION_ARTIFACT","1184","1e3e44bd0abf6cdff3ebba2c395bb98713b84370e1026e9135ce14b642a0f90d"
"docs/LISTING-PUBLICATION-RUNTIME-HEALTH-EXTENSION-MATRIX.md","A ","DOCUMENTATION_ARTIFACT","595","78c49da58595871463b71444cf92bcea623752a2e1abf098b6961df6072862c3"
"docs/LISTING-PUBLICATION-RUNTIME-ORCHESTRATION-ANALYSIS.md","A ","DOCUMENTATION_ARTIFACT","1232","78707aa41e20ab3987661095fec94f128b224ac42aa2308c55e3e84551ad6cb9"
"docs/LISTING-PUBLICATION-RUNTIME-ORCHESTRATION-SPECIFICATION.md","A ","DOCUMENTATION_ARTIFACT","1184","398e2e30f6e1f9998586808debbbd1b8542f6f8e4908523ef10f551cdf869ba9"
"docs/LISTING-PUBLICATION-RUNTIME-SEQUENCE.md","A ","DOCUMENTATION_ARTIFACT","616","cbc028a1ea005c97641e204196fe4306234d42899e0a6fcfaf8589f19ef384ef"
"docs/LISTING-PUBLICATION-TRANSITION-EVENT-MATRIX.md","A ","DOCUMENTATION_ARTIFACT","1839","4a09e07a362ed002f9f7714cdce375c60d679309d52507a5eed1fb20a77c51f7"
"docs/LISTING-PUBLICATION-TRANSPORT-SERIALIZATION-MATRIX.md","A ","DOCUMENTATION_ARTIFACT","864","298241b6bf3e631ae6a10937ca869a987b9f1f6ef66d22cfa156dfb8229f5f1b"
"docs/LISTING-PUBLICATION-WORKER-REGISTRATION-MATRIX.md","A ","DOCUMENTATION_ARTIFACT","583","45b98748bd6cecdf6c271d9ee01aa5016393c19034f8fe6d7cdd3fb609b37586"
"docs/LISTING-PUBLICATION-WORKFLOW-ANALYSIS.md","A ","DOCUMENTATION_ARTIFACT","1383","70f01cfe125b9e62bf8f05c0941b1b92e84d759f57bae358cadc40d134d172ea"
"docs/LISTING-PUBLICATION-WORKFLOW-EVENT-SEQUENCE.md","A ","DOCUMENTATION_ARTIFACT","1296","c79dff4920a0369f13e2f7a1959c4d768dd3ffdcd749f7ca17713bd12bbd3295"
"docs/LISTING-PUBLICATION-WORKFLOW-MIGRATION-AND-ROLLBACK-GUIDE.md","A ","DOCUMENTATION_ARTIFACT","513","6aaa78e7969b960c3a70c558a9f172aeaae05d8496cb38ce677ac5eaf991f253"
"docs/LISTING-PUBLICATION-WORKFLOW-PERSISTENCE-MAPPING-MATRIX.md","A ","DOCUMENTATION_ARTIFACT","614","bc641d2a5a3f16009ab342131bdc2df089051de63f7d82a500227342e19725cd"
"docs/LISTING-PUBLICATION-WORKFLOW-PERSISTENCE-RESULT-MATRIX.md","A ","DOCUMENTATION_ARTIFACT","570","8b6aaad26bbb65f8fbbd98399f2e64c9356ddd3ea4e5c37810d2bedb263cfe46"
"docs/LISTING-PUBLICATION-WORKFLOW-SPECIFICATION.md","A ","DOCUMENTATION_ARTIFACT","921","f9c6dcacf908cea13f38c3a1fb144a0de83128126b7fa694ac2ec51562d08176"
"docs/LISTING-PUBLICATION-WORKFLOW-STATE-MATRIX.md","A ","DOCUMENTATION_ARTIFACT","998","9663f951d27b3eb2685bfb5d19bb6ce627f961f4dae96fe33f9ed16f35d86b00"
"docs/LISTING-PUBLICATION-WORKFLOW-TRANSITION-MATRIX.md","A ","DOCUMENTATION_ARTIFACT","1248","ad44c2bb5867ff592252556cb902046a9f303cfca7ed62e03bd430125bc6ca89"
"docs/MASTER-BLUEPRINT.md","M ","DOCUMENTATION_ARTIFACT","48053","0eaa0a7c1488fe701e835a958a62feaffa681d4b714c2561035ff0d0b23d49a8"
"docs/MEDIA-ITEM-LIFECYCLE-ATOMIC-EVENT-INTEGRATION-ANALYSIS.md","A ","DOCUMENTATION_ARTIFACT","612","f5d8ef0316256994c15765e93ecce6cdf5bc0ea16624c5187fe9866a8e0a233d"
"docs/MEDIA-ITEM-LIFECYCLE-ATOMIC-EVENT-INTEGRATION-CERTIFICATION.md","A ","DOCUMENTATION_ARTIFACT","1228","4a2329c50616babdc8a7e1e97aeb2bd89f24c876e19fcb272d5f8bee72c00f33"
"docs/MEDIA-ITEM-LIFECYCLE-ATOMIC-EVENT-MATRIX.md","A ","DOCUMENTATION_ARTIFACT","626","f3a8b3999f4978d6bf34143448e323c4842a8a5151a64d6e94144a03536bb582"
"docs/MEDIA-ITEM-LIFECYCLE-ATOMIC-EVENT-SEQUENCE.md","A ","DOCUMENTATION_ARTIFACT","699","c22953465f3ff75daf9c750d1f223ff6654356e14b5f43ed66cfd6c17084ef93"
"docs/MEDIA-ITEM-LIFECYCLE-ATOMIC-TRANSACTION-POLICY.md","A ","DOCUMENTATION_ARTIFACT","658","a4a7a4648a6fbf4c8578e82a32b553ffe9cfc016b2f4f1de082d3cb0b053691d"
"docs/MEDIA-ITEM-LIFECYCLE-COLLECTION-CONTEXT-ANALYSIS.md","A ","DOCUMENTATION_ARTIFACT","1271","73bbdc641a20c38adfb185930545ad198b6bc7ecb313ec04796f51559fd3d395"
"docs/MEDIA-ITEM-LIFECYCLE-COLLECTION-CONTEXT-CERTIFICATION.md","A ","DOCUMENTATION_ARTIFACT","1142","a539c41cbe02b373b87ef3cb263e77e78d8e2f0cca087ff44547153f23594338"
"docs/MEDIA-ITEM-LIFECYCLE-CONTEXT-OWNERSHIP-MATRIX.md","A ","DOCUMENTATION_ARTIFACT","786","41b7943830a622f8800eaa993c2c172a1e0c490e35580d92d092df3b3cd87b58"
"docs/MEDIA-ITEM-LIFECYCLE-CONTEXTUAL-MIGRATION-ROLLBACK-GUIDE.md","A ","DOCUMENTATION_ARTIFACT","574","4fb35b80c10e403359672b68ce2b9d835cc4f7f37c3fd6c9bc6e37b687d6e1ca"
"docs/MEDIA-ITEM-LIFECYCLE-CONTEXTUAL-PERSISTENCE-ANALYSIS.md","A ","DOCUMENTATION_ARTIFACT","833","0b6257efbdbed1f540a8b7edd15d5c244f7456864c1acadd76570c480f866be6"
"docs/MEDIA-ITEM-LIFECYCLE-CONTEXTUAL-PERSISTENCE-CERTIFICATION.md","A ","DOCUMENTATION_ARTIFACT","1258","43f79ddff6c60578abec1b6e7304bc071b9bf6a9ab9fa963165181d97a0512dc"
"docs/MEDIA-ITEM-LIFECYCLE-CONTEXTUAL-PERSISTENCE-RESULT-MATRIX.md","A ","DOCUMENTATION_ARTIFACT","799","fcf04f94d15b867d031a133ab7bf901b757a8a60cfe226f10a03dc53c39390ee"
"docs/MEDIA-ITEM-LIFECYCLE-CONTEXTUAL-POSTGRESQL-SPECIFICATION.md","A ","DOCUMENTATION_ARTIFACT","858","8a24e5aa020531d41456390300d09f8f3a1df076d81f62fc8589b763a207f579"
"docs/MEDIA-ITEM-LIFECYCLE-CONTEXT-V1-SPECIFICATION.md","A ","DOCUMENTATION_ARTIFACT","1182","8f5962a3a6a40e0a0e8b8c6801376e90ada08cd7fca6522015020b0049a9aec8"
"docs/MEDIA-ITEM-LIFECYCLE-DELIVERY-CONSUMER-SPECIFICATION.md","A ","DOCUMENTATION_ARTIFACT","601","9b6822b914434bb358e772cc6b60901b47e6c223dc2e7b3a66ee8dda750a79da"
"docs/MEDIA-ITEM-LIFECYCLE-DELIVERY-CONSUMPTION-MATRIX.md","A ","DOCUMENTATION_ARTIFACT","726","6b364ee83bbde6ff4d19d0a0272088c1cb7b086b3eb189ae08131aa727f3fc53"
"docs/MEDIA-ITEM-LIFECYCLE-DELIVERY-CONSUMPTION-RUNTIME-ANALYSIS.md","A ","DOCUMENTATION_ARTIFACT","681","d3c72af38f530653e0827f4ebc6f686a4f35d94145d760976f6a0a16fe5e7b3e"
"docs/MEDIA-ITEM-LIFECYCLE-DELIVERY-CONSUMPTION-RUNTIME-CERTIFICATION.md","A ","DOCUMENTATION_ARTIFACT","1111","3b9953810b58ae1fbb02b4b0bfb5896e5e3097ebff2c0987fae8129e53a4c86c"
"docs/MEDIA-ITEM-LIFECYCLE-DELIVERY-PAYLOAD-SPECIFICATION.md","A ","DOCUMENTATION_ARTIFACT","457","cae0f2d74e57f992a602c843bcd237e6834d9ec63e4413439a3ac91dfafa0854"
"docs/MEDIA-ITEM-LIFECYCLE-DIAGNOSTIC-MATRIX.md","A ","DOCUMENTATION_ARTIFACT","328","a3a8734f0ad5a41c32728625f8fb248a38ea7868e7c5c38884d3efd9e2ffa9c7"
"docs/MEDIA-ITEM-LIFECYCLE-EVENT-CATALOG-SPECIFICATION.md","A ","DOCUMENTATION_ARTIFACT","354","5ee586e534b75ee167063b0979c0ff5d890f48c89dacdbbac054bc486ff8e005"
"docs/MEDIA-ITEM-LIFECYCLE-EVENT-CONTRACT-ANALYSIS.md","A ","DOCUMENTATION_ARTIFACT","695","b66d8f7718f034751a01bc90ded50b36c3bb79da6e59bac451f10f29ef65b63f"
"docs/MEDIA-ITEM-LIFECYCLE-EVENT-CONTRACT-CERTIFICATION.md","A ","DOCUMENTATION_ARTIFACT","1046","5dbda32e222ee52bacc4187f786e5f4ae23e8b5573dc1d5a5784984602def6b5"
"docs/MEDIA-ITEM-LIFECYCLE-EVENT-PAYLOAD-V1-SPECIFICATION.md","A ","DOCUMENTATION_ARTIFACT","503","e1157a14c2ef58530a78b98192e0dbf2a451a1fc5417832593ac5ce5824d3130"
"docs/MEDIA-ITEM-LIFECYCLE-EVENT-ROUTING-ANALYSIS.md","A ","DOCUMENTATION_ARTIFACT","611","0832632cc7fc4e6c373afaf7867a16f39b7eb480ec9abd43a198ac0e70e16ea3"
"docs/MEDIA-ITEM-LIFECYCLE-EVENT-ROUTING-CERTIFICATION.md","A ","DOCUMENTATION_ARTIFACT","1387","56ccf4693e238e8a29342babe8187bad1a64ec40f83e3d7a62e03807e134683e"
"docs/MEDIA-ITEM-LIFECYCLE-EVENT-ROUTING-RESULT-MATRIX.md","A ","DOCUMENTATION_ARTIFACT","533","83610efa414b62f0ec0467eaf651f32ca4ead81536d18fbe3c339a8b775e8fe3"
"docs/MEDIA-ITEM-LIFECYCLE-EVENT-ROUTING-SEQUENCE.md","A ","DOCUMENTATION_ARTIFACT","756","e926f00abc3c264a5c4bc35219bcf0e78e95a1c117cc0a33a56b22b364ab61a9"
"docs/MEDIA-ITEM-LIFECYCLE-EVENT-SERIALIZATION-SPECIFICATION.md","A ","DOCUMENTATION_ARTIFACT","523","a9582453c3d73e9ae8d2f1c1fdea7ca8668fd955dea7775d8534a58fe97fe210"
"docs/MEDIA-ITEM-LIFECYCLE-EVENT-TRANSPORT-ANALYSIS.md","A ","DOCUMENTATION_ARTIFACT","613","69697c18344d44db6b7832f961949d86dbe9169381be0807dceba555be249e02"
"docs/MEDIA-ITEM-LIFECYCLE-EVENT-TRANSPORT-CERTIFICATION.md","A ","DOCUMENTATION_ARTIFACT","1340","07a731c806de4eca9d8fffcd9ae0179f04ce4e398c919494c381151fd930206a"
"docs/MEDIA-ITEM-LIFECYCLE-EVENT-TRANSPORT-COMPATIBILITY-MATRIX.md","A ","DOCUMENTATION_ARTIFACT","463","ebe6de60ce1891f71a26a1f9b67615bc7922efe836fbd1dee362f7a91339f0bb"
"docs/MEDIA-ITEM-LIFECYCLE-HTTP-CONTRACT.md","A ","DOCUMENTATION_ARTIFACT","623","4656a8b07207658d0d7c6068350f9752db8cfd2e335d617cb20227e70705fa46"
"docs/MEDIA-ITEM-LIFECYCLE-HTTP-RESULT-MATRIX.md","A ","DOCUMENTATION_ARTIFACT","390","3eea8fbc803558c2b209776f98fbe4db97cb5d02427cd14f77eaca50ad493525"
"docs/MEDIA-ITEM-LIFECYCLE-HTTP-RUNTIME-ANALYSIS.md","A ","DOCUMENTATION_ARTIFACT","549","0321725b241ffd941de8f1039f1def1519309e4a18d0c914609f889f0e775a3e"
"docs/MEDIA-ITEM-LIFECYCLE-HTTP-RUNTIME-CERTIFICATION.md","A ","DOCUMENTATION_ARTIFACT","1072","e2b2a1de998680f72664110f958bb50ec4082a4da79db7a6668aa7f15f560c6a"
"docs/MEDIA-ITEM-LIFECYCLE-INBOX-MIGRATION-ROLLBACK-GUIDE.md","A ","DOCUMENTATION_ARTIFACT","535","ba878511a77cf618c4e0d1dd5061d75b0ddc40e122ffb8a9e938b4a11ade8e31"
"docs/MEDIA-ITEM-LIFECYCLE-INBOX-POSTGRESQL-SPECIFICATION.md","A ","DOCUMENTATION_ARTIFACT","721","1b44ce6060927d16b0238ca3465c67779908036305abaffa0300afba101e769c"
"docs/MEDIA-ITEM-LIFECYCLE-MIGRATION-ROLLBACK-GUIDE.md","A ","DOCUMENTATION_ARTIFACT","394","156581f28e06c6c7e3342db05d3b49494bc25c965913e132b0ce1778193415b0"
"docs/MEDIA-ITEM-LIFECYCLE-ORCHESTRATION-DEPENDENCY-GRAPH.md","A ","DOCUMENTATION_ARTIFACT","884","322024ec6c7fc849c22dc57c41d1c4b84aa071b585f4fa7802b5fa8bc4ad1468"
"docs/MEDIA-ITEM-LIFECYCLE-ORCHESTRATION-RESULT-MATRIX.md","A ","DOCUMENTATION_ARTIFACT","714","cfca30cfcd68649437b58d46f1e9db443f608d7823f1751e808ef3d69757b429"
"docs/MEDIA-ITEM-LIFECYCLE-ORCHESTRATION-SEQUENCE-SPECIFICATION.md","A ","DOCUMENTATION_ARTIFACT","769","fdf7c08dfed9b35248d3a61bb1994f193571dd88a8705daf310b6aa78121ced3"
"docs/MEDIA-ITEM-LIFECYCLE-OUTBOX-CATALOG-EXTENSION-SPECIFICATION.md","A ","DOCUMENTATION_ARTIFACT","502","84b245097fb20f79e40ae2d7397ca306aa274e8305955d94e299829845d3e74b"
"docs/MEDIA-ITEM-LIFECYCLE-OUTBOX-COMPATIBILITY-ANALYSIS.md","A ","DOCUMENTATION_ARTIFACT","604","65898d9b0e45aeca483473653594085b20afae8b59e59805c6b9b758fa70ffaa"
"docs/MEDIA-ITEM-LIFECYCLE-OUTBOX-COMPATIBILITY-CERTIFICATION.md","A ","DOCUMENTATION_ARTIFACT","1174","061d77c97851cb682dc021fa5b2a1bdf0a8de05a7d1ef81981493a58e2543abf"
"docs/MEDIA-ITEM-LIFECYCLE-OUTBOX-MAPPER-COMPATIBILITY.md","A ","DOCUMENTATION_ARTIFACT","565","3dd9867704a59a57994433fde15d44a37deb9c75308038fcc4407bc8ef1269c9"
"docs/MEDIA-ITEM-LIFECYCLE-OUTBOX-OWNER-CERTIFICATION.md","A ","DOCUMENTATION_ARTIFACT","1238","be20b26e738f7944d0fd14e1f547bdf3286690e09399e9e0308950cc56f4dc61"
"docs/MEDIA-ITEM-LIFECYCLE-OUTBOX-OWNER-ISOLATION-MATRIX.md","A ","DOCUMENTATION_ARTIFACT","618","0d0bec139b5d210e6f9fe61b443041924a65a31a99eb98d2a7c8cb76a15a241b"
"docs/MEDIA-ITEM-LIFECYCLE-OUTBOX-OWNER-MIGRATION-ROLLBACK-GUIDE.md","A ","DOCUMENTATION_ARTIFACT","603","97f82db2508363cf4fce144dd9c6b67240c6ee3b4e89f082da6b19c2e77b3081"
"docs/MEDIA-ITEM-LIFECYCLE-OUTBOX-OWNER-SCHEMA-ANALYSIS.md","A ","DOCUMENTATION_ARTIFACT","736","45b26b23b7c32866b9f5570c9cdfc8514daa411648b29b97f6511f27db0d35b9"
"docs/MEDIA-ITEM-LIFECYCLE-OUTBOX-OWNER-SCHEMA-RESOLUTION.md","A ","DOCUMENTATION_ARTIFACT","442","150c2077607553e43091000ff45e11ba2c34128944312b67f7309cd10816e006"
"docs/MEDIA-ITEM-LIFECYCLE-PERSISTENCE-ANALYSIS.md","A ","DOCUMENTATION_ARTIFACT","450","8ee1061d6611b35aceb6801761d750b4729460eddb7806d359bf7d106e72c1f9"
"docs/MEDIA-ITEM-LIFECYCLE-PERSISTENCE-CERTIFICATION.md","A ","DOCUMENTATION_ARTIFACT","751","b7ec67a42002951165b0db9dd7f1127c0044c1e8b35f8dadd4b5df3e7d75c50f"
"docs/MEDIA-ITEM-LIFECYCLE-PERSISTENCE-MAPPING-MATRIX.md","A ","DOCUMENTATION_ARTIFACT","430","c2b0ef8614a3c06b72ad4db197b87703d14cf0beac110353b90dbdb4b87b5a1a"
"docs/MEDIA-ITEM-LIFECYCLE-PERSISTENCE-RESULT-MATRIX.md","A ","DOCUMENTATION_ARTIFACT","439","d8f3a165a41dacac1a670f75c579c2d7fac8c1351f5f8546a1395fd308191ba7"
"docs/MEDIA-ITEM-LIFECYCLE-POSTGRESQL-SPECIFICATION.md","A ","DOCUMENTATION_ARTIFACT","483","7fd9138106210e647b45c29019533b7d79b9ba4e50714791b743f670fff2cc73"
"docs/MEDIA-ITEM-LIFECYCLE-PRIMARY-REPLACEMENT-DECISION-MATRIX.md","A ","DOCUMENTATION_ARTIFACT","711","60c3ef432060940915ff4554cb9c83f1b6aaab1b86c37578537d99e547858e1f"
"docs/MEDIA-ITEM-LIFECYCLE-ROUTING-RESULT-SPECIFICATION.md","A ","DOCUMENTATION_ARTIFACT","477","f057df0349c8c2f8399911dff8ee21a0f4bb348c58c575ba9124e5e86ef5c072"
"docs/MEDIA-ITEM-LIFECYCLE-ROUTING-RUNTIME-BINDING-SPECIFICATION.md","A ","DOCUMENTATION_ARTIFACT","624","dfc34ee483e15f425bcb15b5955becea497c770974c8315af19deddd18173524"
"docs/MEDIA-ITEM-LIFECYCLE-ROUTING-RUNTIME-HEALTH-DECISION.md","A ","DOCUMENTATION_ARTIFACT","520","e77520e0376ab6b8b56294d71eecff0dfcba1fe88563f328b557183e136dca5e"
"docs/MEDIA-ITEM-LIFECYCLE-RUNTIME-BINDING-MATRIX.md","A ","DOCUMENTATION_ARTIFACT","456","74ecc7d4b5f8fc1e9fab459df912a8b51d8be176b1227417392d3992b029ba0d"
"docs/MEDIA-ITEM-LIFECYCLE-RUNTIME-BINDING-SPECIFICATION.md","A ","DOCUMENTATION_ARTIFACT","462","cf4687ee0f312f7e82ac14f8f257194dc6ea668cc711fce29ce1cd9bd39937da"
"docs/MEDIA-ITEM-LIFECYCLE-RUNTIME-COMPOSITION-ANALYSIS.md","A ","DOCUMENTATION_ARTIFACT","359","f529e885e69a4958698e47ec37a28a2615878282f08edf2260809a024ee02fdf"
"docs/MEDIA-ITEM-LIFECYCLE-RUNTIME-COMPOSITION-CERTIFICATION.md","A ","DOCUMENTATION_ARTIFACT","1006","42c9b85d1500c0b771c1e4cebc77994e34e4fe884090da0fb37b804dfcd09ab8"
"docs/MEDIA-ITEM-LIFECYCLE-RUNTIME-HEALTH-EXTENSION-MATRIX.md","A ","DOCUMENTATION_ARTIFACT","496","4116fbe17b6a7be886a94a87c8634378fddeae974c192a17c3d0e325e9e8f2d9"
"docs/MEDIA-ITEM-LIFECYCLE-RUNTIME-ORCHESTRATION-ANALYSIS.md","A ","DOCUMENTATION_ARTIFACT","878","265032e7d78d863680c7b2d8de7dbc3d333bc3e86790fde6c8f7ba036ee70223"
"docs/MEDIA-ITEM-LIFECYCLE-RUNTIME-ORCHESTRATION-CERTIFICATION.md","A ","DOCUMENTATION_ARTIFACT","1123","c2acce7d64a4ae9efba8ff0de4e7e12d0087847c5c9a00e1a979473f33def3e4"
"docs/MEDIA-ITEM-LIFECYCLE-STATE-MACHINE-SPECIFICATION.md","A ","DOCUMENTATION_ARTIFACT","307","9e52a9a60214026cb0501231bc5f516cac6d0f68f70a429664f3621825c858dd"
"docs/MEDIA-ITEM-LIFECYCLE-TRANSITION-EVENT-MATRIX.md","A ","DOCUMENTATION_ARTIFACT","444","72929ed8f3ee5e73ffa1a0fbe34a7d0cc07fd237f99adbd4802e8b34261a3306"
"docs/MEDIA-ITEM-LIFECYCLE-TRANSITION-MATRIX.md","A ","DOCUMENTATION_ARTIFACT","434","7305b0720a5fd0ddcee73eaa29590f5ef704ee44e5a36fd771bac250bc32ef22"
"docs/MEDIA-ITEM-LIFECYCLE-TRANSPORT-ENVELOPE-SPECIFICATION.md","A ","DOCUMENTATION_ARTIFACT","408","b539a55958a5c9f74a3d4af75886cf5235e92a6c55c7a27bcbe7cbef139ec9f1"
"docs/MEDIA-ITEM-LIFECYCLE-WORKFLOW-ANALYSIS.md","A ","DOCUMENTATION_ARTIFACT","480","8445fb25c8ea9baf832826aa4789ac260f62cb84e772fc04646675d998456968"
"docs/MEDIA-ITEM-LIFECYCLE-WORKFLOW-CERTIFICATION.md","A ","DOCUMENTATION_ARTIFACT","1051","e0d8777667e3d5af439af3757666933766450cc27434ccd09d3d47d4278bde5d"
"docs/MEDIA-ITEM-LIFECYCLE-WORKFLOW-DECISION-TABLE.md","A ","DOCUMENTATION_ARTIFACT","405","52880ce951635617c63176bbdcd12ad0aaf45a170364b3befb3ede74815ae507"
"docs/MEDIA-OWNERSHIP-IDENTITY-MATRIX.md","A ","DOCUMENTATION_ARTIFACT","587","70e08e2dc393c9dd48d47ba7235d731edada6fe0e8bf62d6cbac7082f07d8494"
"docs/MEDIA-OWNERSHIP-LOOKUP.md","A ","DOCUMENTATION_ARTIFACT","1163","4fbb9c5dfc6e7f1fa2c17c160b77e1d9d2a6bf2198967194c794373a1ef06ee6"
"docs/MEDIA-OWNERSHIP-LOOKUP-ANALYSIS.md","A ","DOCUMENTATION_ARTIFACT","1217","4d7dd0eb445ff59d3820dc3b9b2e636db2cda7a8babbb42f443bd250cf5c7a8d"
"docs/MEDIA-POLICY.md","  ","DOCUMENTATION_ARTIFACT","43444","7453afbe9227bcdbffc06a2fd5a22b2c3acf5ee69f4aea12bb2f1c65c9481c71"
"docs/MIGRATION-RULES.md","  ","DOCUMENTATION_ARTIFACT","52781","2168e529ee85b6ca33133bc31ad4d70eece610017a11803bd9ceef049331669a"
"docs/MULTI-TARGET-CONSUMER-INTEGRATION-ANALYSIS.md","A ","DOCUMENTATION_ARTIFACT","785","d269f8d9787d31be22adb14ece2ed17551a62eebbaf15433ee8da4eb3638c6d0"
"docs/MULTI-TARGET-CONSUMER-REDELIVERY.md","A ","DOCUMENTATION_ARTIFACT","622","7575b48ab9f2557df3ad59ea3241fdebf645a17b6bc52bd9ab84e3471a3fb01f"
"docs/MULTI-TARGET-CONSUMER-RESULT-MATRIX.md","A ","DOCUMENTATION_ARTIFACT","534","2eb1cbf1e72614212e93224fc247aecd5b75acda2d46fb631c56cace10595bb6"
"docs/MULTI-TARGET-DELIVERY-STRATEGY.md","A ","DOCUMENTATION_ARTIFACT","829","6105584fa5c8c884cca1c97a530ddf6551f9b63f6707c50df3824a08e796a392"
"docs/MULTI-TARGET-PROPAGATION-SCENARIO-MATRIX.md","A ","DOCUMENTATION_ARTIFACT","693","dd86bfbc16aa378c50b90bbc6f8d6f8f510bac87f53e93779e32540583322415"
"docs/PERMISSIONS-MATRIX.md","  ","DOCUMENTATION_ARTIFACT","44595","e33a97b1e6eee413abf91896bffbb1699424afcd6f3e9b799b32d35b20120469"
"docs/PHASE-3.10-HISTORICAL-REDIRECT-ROADMAP.md","A ","DOCUMENTATION_ARTIFACT","1933","471f15f7c4d2cc6324ca515d9b41794955f7fd6eb579d69994c4ef2b21572581"
"docs/PHASE-3.7-RUNTIME-SOURCES-ROADMAP.md","A ","DOCUMENTATION_ARTIFACT","1877","1c701f757269c866d638d7afb30b3c45657aecf695689bfcac636bb3b38dc2da"
"docs/PHASE-3.8-FOUNDATIONS-ROADMAP.md","A ","DOCUMENTATION_ARTIFACT","1915","12766f7afc9992a4b06ac549ca407af4b019c4c4902a4d7b97b70c96f80d7e69"
"docs/PHASE-3.9-MULTI-TARGET-RESOLUTION-ROADMAP.md","A ","DOCUMENTATION_ARTIFACT","1038","d814617874174474977f0258ffcc634d66c3af66b90dad92c604eb2c026bc31b"
"docs/PHASE-4.4-CANDIDATE-COMPARISON-MATRIX.md","A ","DOCUMENTATION_ARTIFACT","2156","48085b66bce3657810b9ef7c441ecfc96550d3e89370bf9865750f270b00f4de"
"docs/PHASE-4.4-CAPABILITY-DISCOVERY.md","A ","DOCUMENTATION_ARTIFACT","2793","d420cad5af52ba2e7ed4ac99bc8d4066748a7e53c650fd0ada1b86eb8226e3e6"
"docs/PHASE-4.4-CONTRACT-BLUEPRINT.md","A ","DOCUMENTATION_ARTIFACT","2214","ef0dae3fa6ce9605242e0a3d78e4d5aee53a2bb7f38f10098e8863d2ffb5a7df"
"docs/PHASE-4.4-DEPENDENCY-ANALYSIS.md","A ","DOCUMENTATION_ARTIFACT","2672","acc45801ebd783e17aba07c8a632ee433fb67ce7c2cc379efb86ff1510769016"
"docs/PHASE-4.4-RISK-REGISTER.md","A ","DOCUMENTATION_ARTIFACT","2604","3bde9b2538ea8f688c0e625573e0e629e61bff365f77bece68be9f6e024859ca"
"docs/PHASE-4.4-ROADMAP.md","A ","DOCUMENTATION_ARTIFACT","5959","bf175c947ba593999db9c483d309d05a3332e0cd12635a1f73ed4646101cd52e"
"docs/PHASE-4.5-CANDIDATE-COMPARISON-MATRIX.md","A ","DOCUMENTATION_ARTIFACT","1465","b7e1b49647343ec0b2d2a0b25a9b1fa8801854de4f77e8cd19a47c2012c7258d"
"docs/PHASE-4.5-CAPABILITY-DISCOVERY.md","A ","DOCUMENTATION_ARTIFACT","1989","9a0f9be491cfb81bad498f5afbe48af6755b14df20e0d020534fb00f85f9071b"
"docs/PHASE-4.5-CONTRACT-BLUEPRINT.md","A ","DOCUMENTATION_ARTIFACT","1854","986ec38011aafa3968f8a4176fe844b319ac6677365c2f6c693de8d05ba9d77a"
"docs/PHASE-4.5-DEPENDENCY-ANALYSIS.md","A ","DOCUMENTATION_ARTIFACT","1087","1790e1d874c9eaf6dab27f977d39f1389f05294ce3a2f1e57edb28602a918520"
"docs/PHASE-4.5-DISCOVERY-CERTIFICATION.md","A ","DOCUMENTATION_ARTIFACT","812","509846ba1e743cf24e8f5dcb7a02a665bb07931b62b6e5dcb9b2803e3a324514"
"docs/PHASE-4.5-PREVENTIVE-GATES.md","A ","DOCUMENTATION_ARTIFACT","1298","118532ce210ab5f07176f30aea5d5e50eaf4a01f7c8a06185ac30f91b3445558"
"docs/PHASE-4.5-RISK-REGISTER.md","A ","DOCUMENTATION_ARTIFACT","1088","c2f70fc10a9da94457c759120dc37b890396604bc49b83708eb6b3e296bdba80"
"docs/PHASE-4.5-ROADMAP.md","A ","DOCUMENTATION_ARTIFACT","2125","aec665561084fcaabe57efe7239192167535a7595b354da634cb13dae75073a0"
"docs/PHASE-4.6-CANDIDATE-COMPARISON-MATRIX.md","A ","DOCUMENTATION_ARTIFACT","774","7fb8cad5844725f4efe871938ef718cce5dc2fe938ad8530367fde7c388d53d3"
"docs/PHASE-4.6-CAPABILITY-CANDIDATE-ANALYSIS.md","A ","DOCUMENTATION_ARTIFACT","1698","d7261bfd4e32d1841f80ee73c1e2ab6e58556f14eda2cbb183e0e08c1569d129"
"docs/PHASE-4.6-CAPABILITY-DECISION.md","A ","DOCUMENTATION_ARTIFACT","953","ea586e2871ed67ad076aa9ade75f13691ea0239a314f3023991469f55cf4cd21"
"docs/PHASE-4.6-CONTRACT-BLUEPRINT.md","A ","DOCUMENTATION_ARTIFACT","1543","4c16d943ecf7a5bf81d83c9abe4d4843d5074122f7d782d936f9293c42202633"
"docs/PHASE-4.6-DEPENDENCY-MATRIX.md","A ","DOCUMENTATION_ARTIFACT","1018","4b21441051546f6ac285583f820dd3ebee556691e19c894a5b414a76efd7bace"
"docs/PHASE-4.6-DISCOVERY-CERTIFICATION.md","A ","DOCUMENTATION_ARTIFACT","1275","81ec11df9c7e532759919188daa59e1a24b09e697d585c1915148c8a6ced69c6"
"docs/PHASE-4.6-RISK-MATRIX.md","A ","DOCUMENTATION_ARTIFACT","1069","3688865c63b9da2bf521886a27da0d47cd158f555b7bdcf056b236cf8f65fa65"
"docs/PHASE-4.6-ROADMAP.md","A ","DOCUMENTATION_ARTIFACT","2398","5ff3b30d664fb01381ce28c4ca47adbead7a18b83b240ec2ce27bbdf5ebfeb68"
"docs/PHASE-4.7-ADMINISTRATIVE-ACTION-CONTEXTUAL-INSPECTION-SPECIFICATION.md","A ","DOCUMENTATION_ARTIFACT","662","29a7eca2c24ee2c7aef8b7201c8f0b8b6680579068164dd3899537e152421934"
"docs/PHASE-4.7-ADMINISTRATIVE-ACTION-CONTEXTUAL-MIGRATION-ROLLBACK-GUIDE.md","A ","DOCUMENTATION_ARTIFACT","428","819c3e3e1481362e648d131ee8d5f8f6442252954705ecdf65a7802adc8c4c73"
"docs/PHASE-4.7-ADMINISTRATIVE-ACTION-CONTEXTUAL-PERSISTENCE-ANALYSIS.md","A ","DOCUMENTATION_ARTIFACT","624","b216d780c8e8b21f7f7fd7db65be55428298fa7379fc39c2eedfa663ac51e086"
"docs/PHASE-4.7-ADMINISTRATIVE-ACTION-CONTEXTUAL-PERSISTENCE-CERTIFICATION.md","A ","DOCUMENTATION_ARTIFACT","1089","8fdc23562f28dc7ac7abf96131a42ef7c32d5cd5d3217fb03f951bf19ef80fcd"
"docs/PHASE-4.7-ADMINISTRATIVE-ACTION-CONTEXTUAL-PERSISTENCE-RESULT-MATRIX.md","A ","DOCUMENTATION_ARTIFACT","670","2603c4da7172d88249fc70a3367ac5a1c47e0453dec9bead02e658f117f0edc3"
"docs/PHASE-4.7-ADMINISTRATIVE-ACTION-CONTEXTUAL-POSTGRESQL-SPECIFICATION.md","A ","DOCUMENTATION_ARTIFACT","779","cb31452a968147e0a2fad1970fb8f8f6c3ab15599687dd798dcbf419c066f023"
"docs/PHASE-4.7-ADMINISTRATIVE-ACTION-DECISION-CONTEXT-ANALYSIS.md","A ","DOCUMENTATION_ARTIFACT","1137","f0abba74732564315f362e621966a8f6048d5e8660c0618a7edf7f4c16010d6b"
"docs/PHASE-4.7-ADMINISTRATIVE-ACTION-DIAGNOSTIC-MATRIX.md","A ","DOCUMENTATION_ARTIFACT","708","6256fbc092cb49c32649076a3ce1ddf0394066a9defb6a47730b797b87ceab0b"
"docs/PHASE-4.7-ADMINISTRATIVE-ACTION-LIFECYCLE-ATOMIC-EVENT-INTEGRATION-ANALYSIS.md","A ","DOCUMENTATION_ARTIFACT","1683","1fe9670f65ef2ac49d298e005b6c4cd29bb833bcf7b39f015284054e630fa49b"
"docs/PHASE-4.7-ADMINISTRATIVE-ACTION-LIFECYCLE-ATOMIC-EVENT-INTEGRATION-CERTIFICATION.md","A ","DOCUMENTATION_ARTIFACT","1152","354768574a8b6dfe658cd82744d2e3e6d435aa17b00e8181a8ed56e1c12566a7"
"docs/PHASE-4.7-ADMINISTRATIVE-ACTION-LIFECYCLE-ATOMIC-EVENT-MATRIX.md","A ","DOCUMENTATION_ARTIFACT","1339","d26bf4e3e9b7c3614370cbc4d2611e045df1f460870f439817d4ad5ec21f9d20"
"docs/PHASE-4.7-ADMINISTRATIVE-ACTION-LIFECYCLE-ATOMIC-TRANSACTION-POLICY.md","A ","DOCUMENTATION_ARTIFACT","1407","82ad149e27d4f0064cf587eb81227739d46b061c08d327e8070d49bc91699ed1"
"docs/PHASE-4.7-ADMINISTRATIVE-ACTION-LIFECYCLE-DELIVERY-CONSUMER-SPECIFICATION.md","A ","DOCUMENTATION_ARTIFACT","1404","c64bf6a2008f664eaddea24e85d1e7512fd04e8fdd07bcfd35169ac4183ca3c4"
"docs/PHASE-4.7-ADMINISTRATIVE-ACTION-LIFECYCLE-DELIVERY-CONSUMPTION-MATRIX.md","A ","DOCUMENTATION_ARTIFACT","1091","1d47913505790d02b4d29e40cac6c6bb0bb9221fccaea12e48aa9bdcca140829"
"docs/PHASE-4.7-ADMINISTRATIVE-ACTION-LIFECYCLE-DELIVERY-CONSUMPTION-RUNTIME-CERTIFICATION.md","A ","DOCUMENTATION_ARTIFACT","1284","af86ef40b5d57c0309761278b2d2af4514635f3123299c1afa7fc48c371a4122"
"docs/PHASE-4.7-ADMINISTRATIVE-ACTION-LIFECYCLE-DELIVERY-V1-SPECIFICATION.md","A ","DOCUMENTATION_ARTIFACT","710","dc3f9fc82b62b4fe53f1cba6bc9563f7fbc976d0cc3c01bc1e5fbc1cf54d75f9"
"docs/PHASE-4.7-ADMINISTRATIVE-ACTION-LIFECYCLE-EVENT-CONTRACT-ANALYSIS.md","A ","DOCUMENTATION_ARTIFACT","552","03388047d24267aad19073b1fcb3210f7b7ba9f72ccd766bd519fd76d6036ab5"
"docs/PHASE-4.7-ADMINISTRATIVE-ACTION-LIFECYCLE-EVENT-CONTRACT-CERTIFICATION.md","A ","DOCUMENTATION_ARTIFACT","864","3fb57f4035acc7272ea4876949538a5171acb3e222b518cdc8732b4846555403"
"docs/PHASE-4.7-ADMINISTRATIVE-ACTION-LIFECYCLE-EVENT-PAYLOAD-V1.md","A ","DOCUMENTATION_ARTIFACT","468","ad0ede49639749b104e3146f1cf2bde29a0ff64a41c769fc0e5a028734abc49f"
"docs/PHASE-4.7-ADMINISTRATIVE-ACTION-LIFECYCLE-EVENT-PRIVACY-POLICY.md","A ","DOCUMENTATION_ARTIFACT","374","09b9a1da9ae7c9383880d5360f3e8aa60ce11be83217f1fa1386c305d6bfcbe7"
"docs/PHASE-4.7-ADMINISTRATIVE-ACTION-LIFECYCLE-EVENT-ROUTING-ANALYSIS.md","A ","DOCUMENTATION_ARTIFACT","950","79a3bfbf2b361f95ca864cef21540d4f67aca14c401efe904f8b592db64c1fbe"
"docs/PHASE-4.7-ADMINISTRATIVE-ACTION-LIFECYCLE-EVENT-ROUTING-CERTIFICATION.md","A ","DOCUMENTATION_ARTIFACT","1141","ccecd3f7bc14e8a26a14626d95f1c4dabed61c1ea389308a1902baafb9afb055"
"docs/PHASE-4.7-ADMINISTRATIVE-ACTION-LIFECYCLE-EVENT-SERIALIZATION.md","A ","DOCUMENTATION_ARTIFACT","407","3a59390873131d8b25ad49512374be2fcd8e5e87f10415925328cd6f675a6bd2"
"docs/PHASE-4.7-ADMINISTRATIVE-ACTION-LIFECYCLE-EVENT-TRANSPORT-ANALYSIS.md","A ","DOCUMENTATION_ARTIFACT","1011","ee06f1a887ca6a1e0b12e6acdb90018ca19ad5f2daed584398f278bd6c53da82"
"docs/PHASE-4.7-ADMINISTRATIVE-ACTION-LIFECYCLE-EVENT-TRANSPORT-CERTIFICATION.md","A ","DOCUMENTATION_ARTIFACT","1023","30148878cf6c955cef86efb63bb2853d59294f29feda6d110b478f6c46bde09d"
"docs/PHASE-4.7-ADMINISTRATIVE-ACTION-LIFECYCLE-FINAL-CERTIFICATION.md","A ","DOCUMENTATION_ARTIFACT","1733","3816a16911b9bb96d56e813913688a860b7db54565ba60ed5c1c5013607d5088"
"docs/PHASE-4.7-ADMINISTRATIVE-ACTION-LIFECYCLE-HTTP-ENDPOINT-SPECIFICATION.md","A ","DOCUMENTATION_ARTIFACT","1364","e959329072ef83f5cd1f4acba45b646e0f8f61f929d370188c1051ed72c3812c"
"docs/PHASE-4.7-ADMINISTRATIVE-ACTION-LIFECYCLE-HTTP-RESULT-MATRIX.md","A ","DOCUMENTATION_ARTIFACT","471","e3e5a2e1f79053b404aceedb6f73d95a05fbbeb87eb4eed9b5d70925d7c21024"
"docs/PHASE-4.7-ADMINISTRATIVE-ACTION-LIFECYCLE-HTTP-RUNTIME-ANALYSIS.md","A ","DOCUMENTATION_ARTIFACT","1311","2756bad1a43a37e10590df96838b4eb78f1a76ce8145bf6323607f472e129591"
"docs/PHASE-4.7-ADMINISTRATIVE-ACTION-LIFECYCLE-HTTP-RUNTIME-CERTIFICATION.md","A ","DOCUMENTATION_ARTIFACT","1357","8638438ab2d411e544fc382a04c10419d49c51d2fed9f7dfe39bf5958a8e1129"
"docs/PHASE-4.7-ADMINISTRATIVE-ACTION-LIFECYCLE-INBOX-MIGRATION-ROLLBACK-GUIDE.md","A ","DOCUMENTATION_ARTIFACT","546","9205a1feb5fc128d357c5e0b3b25767bc421b0d6d0730a2a76a665c2cadf49f7"
"docs/PHASE-4.7-ADMINISTRATIVE-ACTION-LIFECYCLE-INBOX-POSTGRESQL-SPECIFICATION.md","A ","DOCUMENTATION_ARTIFACT","872","f26e6a5ece8433a07b3f4b0b41c0db98f5e16f3dc4042a4ddf5eb621aa46cf0c"
"docs/PHASE-4.7-ADMINISTRATIVE-ACTION-LIFECYCLE-MIGRATION-GUIDE.md","A ","DOCUMENTATION_ARTIFACT","522","5efb0b7e20de0d5276be25f891f52fa19a3a50f9c48126940f047b87519233bc"
"docs/PHASE-4.7-ADMINISTRATIVE-ACTION-LIFECYCLE-ORCHESTRATION-ANALYSIS.md","A ","DOCUMENTATION_ARTIFACT","635","e0b767c943771daef772d145d6a597e838c184d39c80ebc98f39f870f644a3e5"
"docs/PHASE-4.7-ADMINISTRATIVE-ACTION-LIFECYCLE-ORCHESTRATION-CERTIFICATION.md","A ","DOCUMENTATION_ARTIFACT","1043","fb7ec26b530c21b1956c458637007e257288a27cc7ada660f88128d9dab41117"
"docs/PHASE-4.7-ADMINISTRATIVE-ACTION-LIFECYCLE-ORCHESTRATION-RESULT-MATRIX.md","A ","DOCUMENTATION_ARTIFACT","589","6842a777125211de0a3eaa6cc93fd57d829ad1e5a27957f010917d4003469edb"
"docs/PHASE-4.7-ADMINISTRATIVE-ACTION-LIFECYCLE-ORCHESTRATION-RUNTIME-COMPOSITION.md","A ","DOCUMENTATION_ARTIFACT","629","547333000d47b1a9ccc2be483a601430c1a1b14ac02fa5421e0e712f41f74d11"
"docs/PHASE-4.7-ADMINISTRATIVE-ACTION-LIFECYCLE-ORCHESTRATION-SEQUENCE.md","A ","DOCUMENTATION_ARTIFACT","606","bef3680f5c8a055dc2cdb29a39ae29728bace6d7ab2150212a6497e8b702d78a"
"docs/PHASE-4.7-ADMINISTRATIVE-ACTION-LIFECYCLE-OUTBOX-COMPATIBILITY-ANALYSIS.md","A ","DOCUMENTATION_ARTIFACT","1728","956520f8b32284c1b596fa9ce6a2f6c5cae0481ffaf5bc7399f49450b6be5b57"
"docs/PHASE-4.7-ADMINISTRATIVE-ACTION-LIFECYCLE-OUTBOX-COMPATIBILITY-CERTIFICATION.md","A ","DOCUMENTATION_ARTIFACT","1350","9a664562a5ba11ec5643446b3edfed373392ae3cd8366c8682b931f347ed223b"
"docs/PHASE-4.7-ADMINISTRATIVE-ACTION-LIFECYCLE-OUTBOX-MAPPING-SPECIFICATION.md","A ","DOCUMENTATION_ARTIFACT","1775","b278438e7cbf4b0b7086650450c67bc44842099519154b912eef44ee4bd95c58"
"docs/PHASE-4.7-ADMINISTRATIVE-ACTION-LIFECYCLE-OUTBOX-OWNER-CERTIFICATION.md","A ","DOCUMENTATION_ARTIFACT","1352","0c516f318e0df966513e516c34bae067793fc0de39b50c54f5214db3b0b13abb"
"docs/PHASE-4.7-ADMINISTRATIVE-ACTION-LIFECYCLE-OUTBOX-OWNER-SCHEMA-ANALYSIS.md","A ","DOCUMENTATION_ARTIFACT","949","3e232c0648bc9fe0d8430c04ef54bfe29217faf6da87032d5dbb7a155591ca38"
"docs/PHASE-4.7-ADMINISTRATIVE-ACTION-LIFECYCLE-OUTBOX-OWNER-SCHEMA-SPECIFICATION.md","A ","DOCUMENTATION_ARTIFACT","901","e77b7a3601975695b4a07f1c371ba977a56960dcca4543dc894701df8c9376d9"
"docs/PHASE-4.7-ADMINISTRATIVE-ACTION-LIFECYCLE-PERSISTENCE-ANALYSIS.md","A ","DOCUMENTATION_ARTIFACT","816","7859d4836266b2aa085ce64650b200b77213539b26cb6c2323fe9fadda443831"
"docs/PHASE-4.7-ADMINISTRATIVE-ACTION-LIFECYCLE-PERSISTENCE-CERTIFICATION.md","A ","DOCUMENTATION_ARTIFACT","1305","a866428a09639d83ffe1fa2ffbfc1fee133d554c5e4c2f6e5458811aaaf38f9e"
"docs/PHASE-4.7-ADMINISTRATIVE-ACTION-LIFECYCLE-PERSISTENCE-MAPPING.md","A ","DOCUMENTATION_ARTIFACT","789","18496304e1c7b7480f33197b87110ea16975bbe2a8a3cc192659e8a216b8a8fa"
"docs/PHASE-4.7-ADMINISTRATIVE-ACTION-LIFECYCLE-PERSISTENCE-RESULTS.md","A ","DOCUMENTATION_ARTIFACT","517","37f37f7a1f90e2cf08db2a26250c2a73013d64d10d10b823758d41a78a917523"
"docs/PHASE-4.7-ADMINISTRATIVE-ACTION-LIFECYCLE-POSTGRESQL-SPECIFICATION.md","A ","DOCUMENTATION_ARTIFACT","708","a9bf822f2439ebbd80c84f9f5d6b55a9b386aded15e308b5939f14bcbe189012"
"docs/PHASE-4.7-ADMINISTRATIVE-ACTION-LIFECYCLE-ROUTING-CONTRACT.md","A ","DOCUMENTATION_ARTIFACT","613","00e9a860e1acc466f1a12131d815155db3f6dc0ce00e49bd121a1a853110d38e"
"docs/PHASE-4.7-ADMINISTRATIVE-ACTION-LIFECYCLE-ROUTING-RUNTIME-COMPOSITION.md","A ","DOCUMENTATION_ARTIFACT","1017","a1aca3083912461ea693aa2540bcc6733a60f8c1088ba03f6b163d2a017077b6"
"docs/PHASE-4.7-ADMINISTRATIVE-ACTION-LIFECYCLE-RUNTIME-BINDING-MATRIX.md","A ","DOCUMENTATION_ARTIFACT","599","27d0caca6847b3f9744545379ec0a23d40ee24ff77ffb42b5ca61632157890a8"
"docs/PHASE-4.7-ADMINISTRATIVE-ACTION-LIFECYCLE-RUNTIME-BINDING-SPECIFICATION.md","A ","DOCUMENTATION_ARTIFACT","920","8c332afc09d07dd3bd2bc8ebbcdde539b61bad40dbe7df0fc0f8a6ac3dd3fab6"
"docs/PHASE-4.7-ADMINISTRATIVE-ACTION-LIFECYCLE-RUNTIME-COMPOSITION-ANALYSIS.md","A ","DOCUMENTATION_ARTIFACT","911","da0279df6f8584ef3cfe48f07cd57c0c38693dcbafed40c470ae42db517fcf1f"
"docs/PHASE-4.7-ADMINISTRATIVE-ACTION-LIFECYCLE-RUNTIME-COMPOSITION-CERTIFICATION.md","A ","DOCUMENTATION_ARTIFACT","1348","1012263118482199b630f6953d669e2c4d56f7d3993ba1d79b0971ddc81c9275"
"docs/PHASE-4.7-ADMINISTRATIVE-ACTION-LIFECYCLE-RUNTIME-HEALTH-EXTENSION.md","A ","DOCUMENTATION_ARTIFACT","507","af4d9ce27017edcebfed341868c46a6d89a156f211344e51d03390c90e8d573c"
"docs/PHASE-4.7-ADMINISTRATIVE-ACTION-LIFECYCLE-WORKFLOW-ANALYSIS.md","A ","DOCUMENTATION_ARTIFACT","693","c82ce45fa4832d464068f618a5cef0167812339a9bdefd6045a6f2072e1e2d82"
"docs/PHASE-4.7-ADMINISTRATIVE-ACTION-REPLAY-DECISION-MATRIX.md","A ","DOCUMENTATION_ARTIFACT","896","343558e69ee473473134a57d8928192b39e3f98c34ad4cd618a4887717f5b7fa"
"docs/PHASE-4.7-ADMINISTRATIVE-ACTION-STATE-MACHINE.md","A ","DOCUMENTATION_ARTIFACT","595","0089151afe255c07048db8f5fff786ded10daf530861609bd035e9b62c9b494a"
"docs/PHASE-4.7-ADMINISTRATIVE-ACTION-TRANSITION-CONTEXT-CERTIFICATION.md","A ","DOCUMENTATION_ARTIFACT","1442","05f2a4146492bc6136f4c7ce49ef85e7058a6851b25b85b599a41f9d73242a2e"
"docs/PHASE-4.7-ADMINISTRATIVE-ACTION-TRANSITION-EXECUTION-CONTEXT-ANALYSIS.md","A ","DOCUMENTATION_ARTIFACT","792","134a051c6a7c43673c0373b444e44492e866df2ed38927095e14cb1eb905d476"
"docs/PHASE-4.7-ADMINISTRATIVE-ACTION-TRANSITION-EXECUTION-CONTEXT-V1-SPECIFICATION.md","A ","DOCUMENTATION_ARTIFACT","916","0803c83b02738da02416228e9c8144ed7ccf11c423ca06f5450aed5baa62e903"
"docs/PHASE-4.7-ADMINISTRATIVE-ACTION-TRANSITION-MATRIX.md","A ","DOCUMENTATION_ARTIFACT","466","68e11e4ddf5495412900dcfda468228e10cdae88610219ed82f1777561ff9226"
"docs/PHASE-4.7-ADMINISTRATIVE-ACTION-WORKFLOW-DECISION-TABLE.md","A ","DOCUMENTATION_ARTIFACT","573","528194811eb19b2ba248f77a05268d39b4002116704c283aecbea09a78e471bd"
"docs/PHASE-4.7B-R2-CERTIFICATION.md","A ","DOCUMENTATION_ARTIFACT","1350","6717f9fc9043f8033497441fbd1402c8d6ef82f2131aa689b1f1bcdd7656d2b8"
"docs/PHASE-4.7-CANDIDATE-COMPARISON-MATRIX.md","A ","DOCUMENTATION_ARTIFACT","919","6eeb5d50cc53419f16dcf41dfe98797071beb8c80a041f4610e063e302623bd9"
"docs/PHASE-4.7-CAPABILITY-CANDIDATE-ANALYSIS.md","A ","DOCUMENTATION_ARTIFACT","2191","8eae7c80cad6ce8463e819d84a44024f5e805e2447b39a7df1f6c9134ec0d933"
"docs/PHASE-4.7-CAPABILITY-DECISION.md","A ","DOCUMENTATION_ARTIFACT","1437","9640b169610aae413aa8fde4c09d1bc4e9cf2a874afd0c890643ab51b52d0903"
"docs/PHASE-4.7-COEXISTENCE-TRANSACTION-STRATEGY.md","A ","DOCUMENTATION_ARTIFACT","684","63125b311ce8cd6e2f8ff03df9f41bace2755f3443527138d73301e9daf7b6ca"
"docs/PHASE-4.7-CONTRACT-BLUEPRINT.md","A ","DOCUMENTATION_ARTIFACT","2657","95dc383a6ffb78e3954cbcb73d0c4b937a96547d7f8cac21a5af2c64ee67e453"
"docs/PHASE-4.7-DECISION-CONTEXT-CERTIFICATION.md","A ","DOCUMENTATION_ARTIFACT","1349","b9d4441676ce061ebd5ebf1de31ebeceb0fde9fba889f9435c0d72a3f3167f9f"
"docs/PHASE-4.7-DECISION-CONTEXT-RESULT-MATRIX.md","A ","DOCUMENTATION_ARTIFACT","581","61b31ce4ece62ee58e94eaa78a5479e00ae8bf5b42265defda4b62e76212c977"
"docs/PHASE-4.7-DECISION-CONTEXT-SPECIFICATION.md","A ","DOCUMENTATION_ARTIFACT","858","3ec1ef6a5ad5188ae92ed6be388184428a11f7ab72e39320e0b3e22eca4a85c2"
"docs/PHASE-4.7-DEPENDENCY-MATRIX.md","A ","DOCUMENTATION_ARTIFACT","1395","92909203a4cfdaac9376648de3fea39f17f85892de3b74c03b4e5e97af026904"
"docs/PHASE-4.7-DISCOVERY-CERTIFICATION.md","A ","DOCUMENTATION_ARTIFACT","2133","1009c30dcc627dfac8b1dbfa469bf6eb7715385ff63018b998de33f28b33a37d"
"docs/PHASE-4.7-ENROLLMENT-CANONICALIZATION-SPECIFICATION.md","A ","DOCUMENTATION_ARTIFACT","629","e77fa2858141bc0e95dbc783bef9dca7ab8fd554cfcb8445ca7ca0720d8da80a"
"docs/PHASE-4.7-FOUR-EYES-DECISION-MATRIX.md","A ","DOCUMENTATION_ARTIFACT","529","3dccdbc9a4fbf635536ac1be8eae1ad6ee05033b4f6166448a22a2755652a866"
"docs/PHASE-4.7-HISTORICAL-COEXISTENCE-CERTIFICATION.md","A ","DOCUMENTATION_ARTIFACT","1388","f6bb7ef72e50ce5d68649e1092fd925f759b7fbe07972bce9b119538c970e59c"
"docs/PHASE-4.7-HISTORICAL-COEXISTENCE-READ-WRITE-SPECIFICATION.md","A ","DOCUMENTATION_ARTIFACT","1118","914b2a2de5c84ab7953e6f9b09181a205902e973a2eda674f8e9a708de7828c1"
"docs/PHASE-4.7-HISTORICAL-MIRROR-COMPATIBILITY-MATRIX.md","A ","DOCUMENTATION_ARTIFACT","681","2ee4a6fca5807056c99a91b09c2996546a391cb4a02e99c371bfdcf3689180fb"
"docs/PHASE-4.7-HISTORICAL-MIRROR-MUTATION-CONTRACT.md","A ","DOCUMENTATION_ARTIFACT","854","e4da43a3b91e923a30737a7f87569745752723c72a0adb7be7f0eb1309f86477"
"docs/PHASE-4.7-HISTORICAL-MIRROR-TRANSACTION-CONTRACT.md","A ","DOCUMENTATION_ARTIFACT","628","5b134cced9e1f5259d519fe04ecc7fce14bffde022a6de766484978fca58e55f"
"docs/PHASE-4.7-HISTORICAL-PERSISTENCE-AUDIT.md","A ","DOCUMENTATION_ARTIFACT","1342","8e0e51253869447d589dc23c15acf759c75be067c18e5716439b431f93bc6322"
"docs/PHASE-4.7-LIFECYCLE-ENROLLMENT-CONTRACT.md","A ","DOCUMENTATION_ARTIFACT","635","3b9f08bc6cdbc9a236f93515608f6b2b8edb0fba7a79382eed74272517ed697a"
"docs/PHASE-4.7-PERSISTENCE-AUTHORITY-MATRIX.md","A ","DOCUMENTATION_ARTIFACT","687","2247d7e0572bac2c433e0b8dbcce562cc5e47ed352f89dbd6481e746e1116e0a"
"docs/PHASE-4.7-POST-ENROLLMENT-MUTATION-POLICY.md","A ","DOCUMENTATION_ARTIFACT","821","1841b7a1738c372099011566834d099acebf3a8666e2f099dcb29fd0f69516ad"
"docs/PHASE-4.7-PREVENTIVE-GATES.md","A ","DOCUMENTATION_ARTIFACT","1660","9d5e84a2a52c2b1f5925b1ebf12b760119816ba8a6b65c7f2b0f5cb60df31d31"
"docs/PHASE-4.7-RISK-MATRIX.md","A ","DOCUMENTATION_ARTIFACT","1480","9a1b8daccc35b6f4ba01b5a7e8875db7e2d7e95f3bcbae3f1a582782a2f3bcdd"
"docs/PHASE-4.7-ROADMAP.md","A ","DOCUMENTATION_ARTIFACT","2964","fdc7ddc0f71ed54dbaa87cb75d8c12b2189ee275561e7092b284f6dbbe98d5fb"
"docs/PHASE-4.7-WORKFLOW-CERTIFICATION.md","A ","DOCUMENTATION_ARTIFACT","1335","1ba11e09b4e25ca4cfb4a5fa8c9a2dfba025d3cc1f64fe5b6607ca4c9713f274"
"docs/PHASE-4.8A-R1-PLACE-MERGE-CONTEXT-CERTIFICATION.md","A ","DOCUMENTATION_ARTIFACT","2187","82c0841e138ff8e97591cc748fd7653cbb04b6798c1fd8ff637382506a65d231"
"docs/PHASE-4.8A-R2-CERTIFICATION.md","A ","DOCUMENTATION_ARTIFACT","1654","384e2eba0aa151edc2fe0658b280876a90cff872f434fefca6867af7613afa51"
"docs/PHASE-4.8A-R2-WORKFLOW-DECISION-BOUNDARY-AMENDMENT.md","A ","DOCUMENTATION_ARTIFACT","6330","e0b3d0b060dbd64b9d63932c9a925870df6e68aa8a68c04b0fde4a4a6e540fac"
"docs/PHASE-4.8A-R3-CERTIFICATION.md","A ","DOCUMENTATION_ARTIFACT","1122","a1904fff0bade600559009cc556b53a48f269aefb023b05699d20a432aa7e377"
"docs/PHASE-4.8A-R3-REPLAY-INSPECTION-TARGET-EVIDENCE-AMENDMENT.md","A ","DOCUMENTATION_ARTIFACT","5029","dc3bf21975b285ec2a14db06d5b2cf6a5824c4eeff3f52a15a50813cdf434102"
"docs/PHASE-4.8A-R4-CERTIFICATION.md","A ","DOCUMENTATION_ARTIFACT","939","ced776d0380903e2248bc359885a3158a3fd8a88f757c148a99152cb62f038f6"
"docs/PHASE-4.8A-R4-REPLAY-ATTEMPT-IDENTITY-AMENDMENT.md","A ","DOCUMENTATION_ARTIFACT","5198","0886bd823d9c23b42b134d5b02aedca5ae1f62158a226da834c18b4d51993aa4"
"docs/PHASE-4.8B-PLACE-LIFECYCLE-WORKFLOW-CERTIFICATION.md","A ","DOCUMENTATION_ARTIFACT","1491","c67dbbf9f762a7e4653ce13a089797d23e9b29fced94632f9651ca131b4e909a"
"docs/PHASE-4.8-CAPABILITY-DISCOVERY.md","A ","DOCUMENTATION_ARTIFACT","11880","d1c39156238df475372ca60626ae78fbe3d3a14e6c08a475677e4db4146226dc"
"docs/PHASE-4.8C-PLACE-LIFECYCLE-PERSISTENCE-CERTIFICATION.md","A ","DOCUMENTATION_ARTIFACT","2247","3312f20ce22bc5b7f0ae5d6b408eafbe0fa73b75988c7b7846817e0dc1b75270"
"docs/PHASE-4.8-DISCOVERY-CERTIFICATION.md","A ","DOCUMENTATION_ARTIFACT","2753","c1c39fae06c77e57d5e51ab8b8e3d7f7f83f0f010682e84a4795eaf54f82dbe9"
"docs/PHASE-4.8D-PLACE-LIFECYCLE-RUNTIME-COMPOSITION-CERTIFICATION.md","A ","DOCUMENTATION_ARTIFACT","1614","429f5ea79e8cbb32fc409890a966dc517f1523c049ee9aa18fa2f4d17d9db515"
"docs/PHASE-4.8E-PLACE-LIFECYCLE-RUNTIME-ORCHESTRATION-CERTIFICATION.md","A ","DOCUMENTATION_ARTIFACT","1632","f6cb86a31e6875d8b88e28c9bd00116ca1d93b4e9c0e7d82d8479f6a6a072e72"
"docs/PHASE-4.8-FINAL-BASELINE-MATRIX.md","A ","DOCUMENTATION_ARTIFACT","1119","7c86056006be8d9248e4d38f351199f56a0d971ed21362538600faf64aaaba79"
"docs/PHASE-4.8-FINAL-BOUNDARY-MATRIX.md","A ","DOCUMENTATION_ARTIFACT","1346","959a6c057edf81686b910f80d8a9195f65fb0661e8807d6d6dc066c5c7023023"
"docs/PHASE-4.8-FINAL-CERTIFICATION.md","A ","DOCUMENTATION_ARTIFACT","1896","c9de9894f6c03f4e328717c9aca85b861c874497a9936a714d2d5a26624dd6ba"
"docs/PHASE-4.8-FINAL-JALON-MATRIX.md","A ","DOCUMENTATION_ARTIFACT","1315","e502fc74f201650fd8eae6a2a0a42dd8ff5bf49232d7192a55a7d7b6edf09dbf"
"docs/PHASE-4.8-FINAL-MIGRATION-INVENTORY.md","A ","DOCUMENTATION_ARTIFACT","830","ab19c9641d970e85e6af30628593316ec8b8f76ce4617c36d6aa226fab68ce94"
"docs/PHASE-4.8-FINAL-RESIDUAL-RISK-REGISTER.md","A ","DOCUMENTATION_ARTIFACT","1102","67384ab292317371b6d8c362aa14957249e8659d836332f319f9b82729a8b53e"
"docs/PHASE-4.8F-PLACE-LIFECYCLE-EVENT-CONTRACT-CERTIFICATION.md","A ","DOCUMENTATION_ARTIFACT","1362","ec0ecc4db10a8303567ca833a93c3faee4470e546e9a87eb7ed617c3e9c2c57c"
"docs/PHASE-4.8-FROZEN-CONTRACT-INVENTORY.md","A ","DOCUMENTATION_ARTIFACT","1532","3ccf7a1a886c958feadbbd7a338b0420edb8a042b343aac10c7e5a2e0048ffc8"
"docs/PHASE-4.8-GOVERNANCE-DECISION.md","A ","DOCUMENTATION_ARTIFACT","1788","5edce8e340c0555ee5768cbfb9af8ba78d0e3d87414cb37298b50f7bf6419982"
"docs/PHASE-4.8G-PLACE-LIFECYCLE-EVENT-TRANSPORT-CERTIFICATION.md","A ","DOCUMENTATION_ARTIFACT","1271","324f7d3d9fc4f9e87f4fd99ec5c7993920dc47e835678ccbaa54cd26259fcc83"
"docs/PHASE-4.8H-PLACE-LIFECYCLE-EVENT-ROUTING-CERTIFICATION.md","A ","DOCUMENTATION_ARTIFACT","1502","c8a77b824e68ad2a65557ff89e0a2f418043bb5eb73fed474fa6db23dadbe4bb"
"docs/PHASE-4.8I-PLACE-LIFECYCLE-DELIVERY-CONSUMPTION-CERTIFICATION.md","A ","DOCUMENTATION_ARTIFACT","1069","488de68ceed6d50604289f72d0d2325d03529392ae5ce8753e08aa6b19286502"
"docs/PHASE-4.8J-CERTIFICATION.md","A ","DOCUMENTATION_ARTIFACT","1555","7fb22a501befb5f52bbb96cb8029b7e8910ea5821e5029ac061912a33f8d1e6a"
"docs/PHASE-4.8J-PLACE-LIFECYCLE-OUTBOX-COMPATIBILITY.md","A ","DOCUMENTATION_ARTIFACT","2167","db730602fabedf210ba280b4bf948a1fbd5fe0db283b6e81816d033e1dcdd233"
"docs/PHASE-4.8J-R1-PLACE-LIFECYCLE-OUTBOX-OWNER-CERTIFICATION.md","A ","DOCUMENTATION_ARTIFACT","1273","73bd1b8305863d9e945de65ec47c70905ba1c4c5105ba9f2c4e6bba5ed375590"
"docs/PHASE-4.8J-R2-CERTIFICATION.md","A ","DOCUMENTATION_ARTIFACT","1302","6661d715bed9b25d7ff65254095d1c3244f833b8a1a11a21526772059bd1fd26"
"docs/PHASE-4.8J-R2-GENERIC-DELIVERY-CONTRACT-COMPATIBILITY-AMENDMENT.md","A ","DOCUMENTATION_ARTIFACT","4084","27fe48760177f95119309f1a8ba0ba75c3ef1233f7adc3240d09b48754d5e787"
"docs/PHASE-4.8J-R3-CERTIFICATION.md","A ","DOCUMENTATION_ARTIFACT","1771","beb77390185bb7d12e3f9ce013cd0d42db6ee3fa1006e5fb750e760b6efdb54d"
"docs/PHASE-4.8J-R3-GENERIC-DELIVERY-OUTPUT-TYPE-AMENDMENT.md","A ","DOCUMENTATION_ARTIFACT","5206","5776285995026bc8f9602804be605e745853984fc7dd090ace9752a71c05f97f"
"docs/PHASE-4.8J-SECOND-SUSPENSION-REPORT.md","A ","DOCUMENTATION_ARTIFACT","862","1998675efc055467f81dde792a1c747f4c353396fd6059132be1d9f77b4d92e6"
"docs/PHASE-4.8J-SUSPENSION-REPORT.md","A ","DOCUMENTATION_ARTIFACT","1066","eb270df08eba449ea88aad8d6544de4bae42d603337192397809637f0425f1bf"
"docs/PHASE-4.8K-CERTIFICATION.md","A ","DOCUMENTATION_ARTIFACT","1082","2bb26895e374c5504a8d413a4fc6ae818af135a778798a40d47307a2705733e2"
"docs/PHASE-4.8K-PLACE-LIFECYCLE-ATOMIC-EVENT-INTEGRATION.md","A ","DOCUMENTATION_ARTIFACT","1664","c72e6ef5e52ead810a90cd6dedcb7bae0985a29a7c656e8b8d0d68d90f6f2860"
"docs/PHASE-4.8L-CERTIFICATION.md","A ","DOCUMENTATION_ARTIFACT","1923","2dbc23500ae5851ed6430fe1131f5c8bd44fbcefee210f94cad94113b0950c35"
"docs/PHASE-4.8L-PLACE-LIFECYCLE-HTTP-RUNTIME.md","A ","DOCUMENTATION_ARTIFACT","1662","683e71ad5e93745f2ef821278cee99dac6099e51538af03cd43a6dfe152cd5f1"
"docs/PHASE-4.8-PREVENTIVE-GATES.md","A ","DOCUMENTATION_ARTIFACT","2621","089b8e7dea83e31b870547f88ecb52cd612e9de20e592b82f48a1a017a05f045"
"docs/PHASE-4.8-RISK-MATRIX.md","A ","DOCUMENTATION_ARTIFACT","2038","514b2c28e5da76429de2bd6d48c9ab6a5e1b66e47721ce6e8f51a7c4d2fd7a49"
"docs/PHASE-4.8-ROADMAP.md","A ","DOCUMENTATION_ARTIFACT","4658","9687e50792ef1f1473ba6a24052eccaf631a2645a94985356b2fb2ef9c48ba13"
"docs/PHASE-4.9A-CERTIFICATION.md","A ","DOCUMENTATION_ARTIFACT","1974","908338165f8d0e7bac23df243a803b65efa304d686ac4a63ba17e5fb4d790eae"
"docs/PHASE-4.9A-R1-ACCOUNT-STATUS-DECISION-BOUNDARY-AMENDMENT.md","A ","DOCUMENTATION_ARTIFACT","7196","2eef1daf9b95cf4d73db5723d566f41d2b62e87bb4dd6c9a65995c239bd402db"
"docs/PHASE-4.9A-R1-CERTIFICATION.md","A ","DOCUMENTATION_ARTIFACT","1316","7e29738c7b6aab2d4b97bf3197902cf3f1ffa45143f5ffc9767aaa828a83e0d8"
"docs/PHASE-4.9B-CERTIFICATION.md","A ","DOCUMENTATION_ARTIFACT","1737","5fe01e3dc7ec36656910e4ed0529cbd778c75db1f7433d0a7469c9103ce50589"
"docs/PHASE-4.9-CAPABILITY-DISCOVERY.md","A ","DOCUMENTATION_ARTIFACT","7253","057ccf95a35d6b04b8472e3994830a044e28867de6b3f8e1337767bb8083256a"
"docs/PHASE-4.9C-CERTIFICATION.md","A ","DOCUMENTATION_ARTIFACT","2002","d1b0b142c77eaea7a2603a89f2036fc048156edb53cb696e9a2799bcb882bed7"
"docs/PHASE-4.9C-R1-ACCOUNT-STATUS-HISTORICAL-COEXISTENCE-GATE.md","A ","DOCUMENTATION_ARTIFACT","6595","8023a2ce3460d01293205925ecd036f4ead7a4507762fc08603dd915f98be44d"
"docs/PHASE-4.9C-R1-CERTIFICATION.md","A ","DOCUMENTATION_ARTIFACT","1900","92fb69ccaf9a21f68b748832a9545e67065c59a39d88b529795e5ccf94dfbf51"
"docs/PHASE-4.9C-R2-ACCOUNT-REGISTRY-RUNTIME-SOURCE-AMENDMENT.md","A ","DOCUMENTATION_ARTIFACT","5386","63a7befa8a00c213922a30207e1f20564948085b19c13702d0e211a03cd7d528"
"docs/PHASE-4.9C-R2-CERTIFICATION.md","A ","DOCUMENTATION_ARTIFACT","1391","8aee1f4ade56e1ee3774bdadd94d50c4591812759f1c3a660392e5a9254e09dd"
"docs/PHASE-4.9C-R3-CERTIFICATION.md","A ","DOCUMENTATION_ARTIFACT","1595","d00ead0fd86cd0bc04d749047032cf1c9baf72bbd3be7be34f240d3040806056"
"docs/PHASE-4.9C-R3-HISTORICAL-ACCOUNT-SOURCE-RESOLUTION-AMENDMENT.md","A ","DOCUMENTATION_ARTIFACT","5432","59e43bf9e84914d4b649bad624a0b53eec8eca61cbfa99d54b7b98b11f63c780"
"docs/PHASE-4.9C-TARGETED-RECERTIFICATION.md","A ","DOCUMENTATION_ARTIFACT","3266","5fefb4335882a6232e2cbd12853e5c17632bda4c5c4a942cc29e872bed9cb975"
"docs/PHASE-4.9D-ACCOUNT-STATUS-RUNTIME-COMPOSITION-BLOCKER.md","A ","DOCUMENTATION_ARTIFACT","4332","32a89b9d04b264ac404b57db2d30acec7539b00e15591d5b3f7497db1d553143"
"docs/PHASE-4.9D-CERTIFICATION.md","A ","DOCUMENTATION_ARTIFACT","1608","d07ee6736fffb562bc1de8ca7cb9d8d7cdef997fd10e9b919b052b42baec283d"
"docs/PHASE-4.9-DEPENDENCY-MATRIX.md","A ","DOCUMENTATION_ARTIFACT","1408","3bef6a0c4114fa1a3cde2571ec00cc0ff34b2989ed92d9a8ebc60816d7b33055"
"docs/PHASE-4.9D-SUSPENSION-CERTIFICATION.md","A ","DOCUMENTATION_ARTIFACT","1525","b17112b21008b72180437ddd942c1887d59115c19d0c1898f5907505cd379749"
"docs/PHASE-4.9E-CERTIFICATION.md","A ","DOCUMENTATION_ARTIFACT","1904","9604b2aa579651c0d19fbd782f8fb27414947b1f5962beb15ec429b8e4df6ae4"
"docs/PHASE-4.9F-CERTIFICATION.md","A ","DOCUMENTATION_ARTIFACT","1482","309e7a8adff8486261730e3d78746e109da7839fd6241a142ac6574114c7ab92"
"docs/PHASE-4.9-FINAL-CERTIFICATION.md","A ","DOCUMENTATION_ARTIFACT","5316","1de5ae39fc14ff919f4b65a1f54578baa595d6352401cafad9dc57a8c8190a77"
"docs/PHASE-4.9-FINAL-JALON-MATRIX.md","A ","DOCUMENTATION_ARTIFACT","1995","87faa9ac5c695a3a8dbef74247432c51fe49e4e2da073dfa04c515a97b8585b1"
"docs/PHASE-4.9G-CERTIFICATION.md","A ","DOCUMENTATION_ARTIFACT","1397","aa5cd64bdd01e4078a41c54e09fec8a6efe0008693b0d3e1f7fd1986b525b81d"
"docs/PHASE-4.9H-CERTIFICATION.md","A ","DOCUMENTATION_ARTIFACT","1240","404353312b753891cd75f3521bc988196f32b4b4a3079e149088b9d9cd0f837a"
"docs/PHASE-4.9I-CERTIFICATION.md","A ","DOCUMENTATION_ARTIFACT","1226","4823f6beb1898a80c6afe38dd6019156df5fa2cc7d6987f7a6f6c4cc18ff4224"
"docs/PHASE-4.9J-CERTIFICATION.md","A ","DOCUMENTATION_ARTIFACT","2200","60cc4e677fa5dc15c0b3cc2f53ee608aa446a211a25c05a494cbe8b78ba60c08"
"docs/PHASE-4.9J-R1-OUTBOX-OWNER-CERTIFICATION.md","A ","DOCUMENTATION_ARTIFACT","1461","98a0fb6216154a62d368d70d705a6bf561b32a06b44007c23e9dae047a1e15cc"
"docs/PHASE-4.9J-R2-CONSUMER-COMPATIBILITY-CERTIFICATION.md","A ","DOCUMENTATION_ARTIFACT","1714","e7e76c7e0b11183a4cffcaa668a60af320fec25cc4881ad385bf5bd2807f05c9"
"docs/PHASE-4.9J-R3-ROUTED-DELIVERY-BOUNDARY-CERTIFICATION.md","A ","DOCUMENTATION_ARTIFACT","2241","32f080f80e4b9791c83ab256701c8e0b5f250048622b89a87d809f8171d62bb0"
"docs/PHASE-4.9K-CERTIFICATION.md","A ","DOCUMENTATION_ARTIFACT","1634","68f3ddc47898ecb70fcca5c614e22a64a51670e20daa3fd317d5045e0abe90ae"
"docs/PHASE-4.9L-CERTIFICATION.md","A ","DOCUMENTATION_ARTIFACT","1479","c0148363fb0a0a827d94f5feda5f177ca7acbeeefcc868527f7affcd677c8748"
"docs/PHASE-4.9P-A-CERTIFICATION.md","A ","DOCUMENTATION_ARTIFACT","2084","ba00ceaa99717fe8d958f41a981ced72858820ccde50ae6f0860b3bed8e57868"
"docs/PHASE-4.9P-A-HISTORICAL-ACCOUNT-PERSISTENCE-DISCOVERY.md","A ","DOCUMENTATION_ARTIFACT","5660","05ef6b05f692d8a7ab66ebafa89555aa7ce5214ef510977e98ca392811aa7e8b"
"docs/PHASE-4.9P-B-CERTIFICATION.md","A ","DOCUMENTATION_ARTIFACT","2031","6c7705812f5375722aa8b492a236181e534675d5ad054abd6e9b7b0565ffb4a0"
"docs/PHASE-4.9P-C-CERTIFICATION.md","A ","DOCUMENTATION_ARTIFACT","1584","70f87065f686913536e3a08c8f0083d90da69b55050ae734a016efab28f1f188"
"docs/PHASE-4.9P-D-CERTIFICATION.md","A ","DOCUMENTATION_ARTIFACT","1440","516a2fa59e15b4badfc298bfacdd83117830c3e5c63815d45df7e505a05122a3"
"docs/PHASE-4.9P-FINAL-CERTIFICATION.md","A ","DOCUMENTATION_ARTIFACT","3270","fe36a4d67385046b09f7d3dbefcce09bc0cededa4f52fca835b0d76645dd6936"
"docs/PHASE-4.9-PREVENTIVE-GATES.md","A ","DOCUMENTATION_ARTIFACT","1352","5adc97f31cad5793ba40faa7cfc4c4a199d856d8e18e05c712390c5053f45db7"
"docs/PHASE-4.9-RESPONSIBILITY-MATRIX.md","A ","DOCUMENTATION_ARTIFACT","1705","429bb527d8410dedefde3661c56508556d051db14fd119e49940155e9815cd36"
"docs/PHASE-4.9-RISK-MATRIX.md","A ","DOCUMENTATION_ARTIFACT","1406","96f0afe3083718838024f48700cc83e9358f67b634340385043ea650a61acbc0"
"docs/PHASE-4.9-ROADMAP.md","A ","DOCUMENTATION_ARTIFACT","3755","b69fc37960d7630309afc61c470ca2c81f61d7982a4eb829634d7438e1e90fec"
"docs/PHASE-4-BUSINESS-CAPABILITIES-ROADMAP.md","A ","DOCUMENTATION_ARTIFACT","14662","62df003b7cbcc6f75821ff59dadf6fe0baa351909df5d0b9adfc1561f160c511"
"docs/PHASE-5.0A-DEPENDENCY-MATRIX.md","A ","DOCUMENTATION_ARTIFACT","4278","9d73f54d6a969c391adc9a0a0ea1eb5e6fa980651a305fbbaded9ca6a96dc161"
"docs/PHASE-5.0A-DOMAIN-MAP.md","A ","DOCUMENTATION_ARTIFACT","5450","58c06291665c88f7800e1168fc8392acd282bcaf9b01e05a9f9a0f34a8222fb6"
"docs/PHASE-5.0A-EVENT-CATALOG.md","A ","DOCUMENTATION_ARTIFACT","5641","e2ce3085a16bf7154642a4dc4347ca30fec4690c77536fc60f3b0e7b041f5807"
"docs/PHASE-5.0A-GLOBAL-DOMAIN-AUDIT.md","A ","DOCUMENTATION_ARTIFACT","12390","3e7b837c5e8ba3d24bf42bb94799a477158d4f874a40921c8c70c4be8f0f33ee"
"docs/PHASE-5.0A-OWNERSHIP-MATRIX.md","A ","DOCUMENTATION_ARTIFACT","4997","194e873bf6a85102661cddcfbff4561cd8d98d6e73a0f4511e946aa6791430d4"
"docs/PHASE-5.0B-AMENDMENT-REGISTER.md","AM","DOCUMENTATION_ARTIFACT","9775","d0f7dbcc458757f42d003be8b3a786b7b487fb1938a3a641c6f67c9adca82b46"
"docs/PHASE-5.0B-BASELINE-ALIGNMENT.md","A ","DOCUMENTATION_ARTIFACT","2961","1ac54daa97cd5ff60902923d2343e99624e2b5b71677219662866ae0ef3f3e37"
"docs/PHASE-5.0B-CERTIFICATION-RULES.md","A ","DOCUMENTATION_ARTIFACT","3306","becaf14c8463e81bb882b828d6e75a800be4cf0c1b9693691583ffa842ea5f8c"
"docs/PHASE-5.0B-FROZEN-CAPABILITIES-REGISTER.md","A ","DOCUMENTATION_ARTIFACT","6090","969d4cc50ec3165f022bc6fd2e304611cb7a76e209ba0e8ff4179481457f70f3"
"docs/PHASE-5.0B-GOVERNANCE.md","A ","DOCUMENTATION_ARTIFACT","3475","caafe05f261e51659533097082d8ccefba9f7df35f9fe45c36cb7df15ec0a83b"
"docs/PHASE-5.0B-QUALITY-BASELINE.md","A ","DOCUMENTATION_ARTIFACT","3526","d7d8c4d0baad8ac1e180e4d1fe4e8cf59cf65b2965cc9dbfecb9eefe1aa04dc2"
"docs/PHASE-5.0-ROADMAP.md","A ","DOCUMENTATION_ARTIFACT","11293","45e1025ad3b7caf90156888844797dceab28891946910c42447951c7760e5654"
"docs/PHASE-5.1A-DISCOVERY-CERTIFICATION.md","A ","DOCUMENTATION_ARTIFACT","1044","f5141bb7b9a50d51250c609d59d8329626f6172bebbf18511738652d9735b0f0"
"docs/PHASE-5.1B-ACCOUNT-AVAILABILITY-CONTRACT.md","A ","DOCUMENTATION_ARTIFACT","2145","5c9a2ce33a87446e0bdc763439f5ac1befd46940f260c50ec7893ceb4c1b8e14"
"docs/PHASE-5.1B-ACCOUNT-CLOSURE-CONTRACT.md","A ","DOCUMENTATION_ARTIFACT","2346","93a01d7bf4d4b824a8825ab6a9f2415a90459c78166fe720498a37ba1458e89a"
"docs/PHASE-5.1B-AUTHENTICATION-CONTRACT.md","A ","DOCUMENTATION_ARTIFACT","3981","1e2161d5fdf23996ae52302feb722c84f09520da1a5a51497e13b4a5f8701003"
"docs/PHASE-5.1B-CONTACT-CHANGE-CONTRACT.md","A ","DOCUMENTATION_ARTIFACT","2214","7fef1bc6eea256e03fd49f910d3f83f9140302059f7e450618ca3d3a1338e054"
"docs/PHASE-5.1B-CONTRACT-CERTIFICATION.md","A ","DOCUMENTATION_ARTIFACT","1761","e3d7e20e728f696d64297156331fa9b0740d6d69b9707300f2ab72a5fcd60fb1"
"docs/PHASE-5.1B-EVENT-CATALOG.md","A ","DOCUMENTATION_ARTIFACT","2949","aea8c3f9c33d279fb6e68ab601784d3c1be8c749898e2ba46df03e26df35a28c"
"docs/PHASE-5.1B-IDENTITY-CLAIM-CONTRACT.md","A ","DOCUMENTATION_ARTIFACT","2401","9ea6545f34b41c389421dd0cd4a117213d939781544db9421bb885a7a80bd714"
"docs/PHASE-5.1B-PASSWORD-RECOVERY-CONTRACT.md","A ","DOCUMENTATION_ARTIFACT","2703","caf86e60802537557bf275a4496c94be7215b6800fd8cb72df64cf8d7f59e438"
"docs/PHASE-5.1B-PROFILE-REVISION-CONTRACT.md","A ","DOCUMENTATION_ARTIFACT","1863","d393d4a52a57f20bef2cf0c6f27c54bc79e03d25fa575df8b134c47462578615"
"docs/PHASE-5.1B-SESSION-CONTRACT.md","A ","DOCUMENTATION_ARTIFACT","3047","d86c24f68bfe6bb923ec6b57c4a202ac6f942006da67d2207ab9a1a2c936078e"
"docs/PHASE-5.1B-USER-PROFILE-CONTRACT.md","A ","DOCUMENTATION_ARTIFACT","2432","0eec1fd5240910ae8e685d1a3e836e9daf5c01c99e726a0d9b7a20bf5f2dd3a2"
"docs/PHASE-5.1-CAPABILITY-DISCOVERY.md","A ","DOCUMENTATION_ARTIFACT","5271","c481d73ad7e5b873d957e7ea7b5b8733849f38a2a13b270672977702d6c086df"
"docs/PHASE-5.1C-CONCURRENCY-STRATEGY.md","A ","DOCUMENTATION_ARTIFACT","3296","e088c4fac41498fcd2124dc0c202a1c40f68bcf8d122c517fab9e77129366a56"
"docs/PHASE-5.1C-MIGRATION-PLAN.md","A ","DOCUMENTATION_ARTIFACT","2815","97d6c23511469e375d0cbe18b124babc4685d2cd3a7dde83542bffce29a7e591"
"docs/PHASE-5.1-CONTRACT-BLUEPRINT.md","A ","DOCUMENTATION_ARTIFACT","3352","4c203025b2a54cb8088fa67edea35235d650f3d8c702ac92cd6c38788d0bda44"
"docs/PHASE-5.1C-PERSISTENCE-BLUEPRINT.md","A ","DOCUMENTATION_ARTIFACT","5932","e53fca14525419b998d65a7217cbb8865f6cc1af36641dce26e0c149b565fe41"
"docs/PHASE-5.1C-PERSISTENCE-CERTIFICATION.md","A ","DOCUMENTATION_ARTIFACT","2149","ad1ed28ce0bd55ba85e536d16e569ba24780d5cc41505f717d1246f97541b5f4"
"docs/PHASE-5.1C-PERSISTENCE-COMPATIBILITY.md","A ","DOCUMENTATION_ARTIFACT","3050","43f34bb7625e5ee3b599f153c38d94b0e235ce822f4b44d553da263a0dfdcef9"
"docs/PHASE-5.1C-POSTGRESQL-CERTIFICATION.md","A ","DOCUMENTATION_ARTIFACT","2146","a77b520dd1063b871689881884ae92ab3ffffefe03ca8c50b2f670074797a0be"
"docs/PHASE-5.1D-AUTHORITY-REPRESENTATION.md","A ","DOCUMENTATION_ARTIFACT","1665","0971300e96646848d87048a888addb9bc21efda18210b9b23219167a7a29169b"
"docs/PHASE-5.1D-CLAIM-SEED-PLAN.md","A ","DOCUMENTATION_ARTIFACT","1301","2dbee028757000838fc3e8476c19f944b59a7b06cd61cb62395875e890854b8b"
"docs/PHASE-5.1D-CUTOVER-CERTIFICATION.md","A ","DOCUMENTATION_ARTIFACT","2086","279ed7ad5a56479a899c51a59311a39bf61932b148b73e7671e2ab68aa1e5cb6"
"docs/PHASE-5.1D-CUTOVER-PLAN.md","A ","DOCUMENTATION_ARTIFACT","1086","87a55c5ce6d3c123d3ae737b0df6191ec6ce120f024c5c19cee799e82d123275"
"docs/PHASE-5.1D-DIVERGENCE-POLICY.md","A ","DOCUMENTATION_ARTIFACT","1166","4ef0fd5278a51689304ade69e72e313af639c944ff49203436819168db3f44b4"
"docs/PHASE-5.1-DEPENDENCY-MATRIX.md","A ","DOCUMENTATION_ARTIFACT","2278","46e0b32cfb033a27e395b73ef744a3f683f222c0ab13fdab8bbea6e2ab580972"
"docs/PHASE-5.1D-ROLLBACK-PLAN.md","A ","DOCUMENTATION_ARTIFACT","1169","a6f8fd6a447a97cd58c6402b15e750e3023339250168a94b2e7cd4a8b23c3a49"
"docs/PHASE-5.1D-SEED-BLUEPRINT.md","A ","DOCUMENTATION_ARTIFACT","1757","1872a1b072bdf3d3a1ca9b59fc7ecaa295c5f698d3a14ecd8c2f9e4203828bcf"
"docs/PHASE-5.1E-ACCOUNT-AVAILABILITY-POLICY.md","A ","DOCUMENTATION_ARTIFACT","1417","aef6f69984cef5bcd67c46683c76b6733101ec874d8464cd59c98e6ed52bad20"
"docs/PHASE-5.1E-CERTIFICATION.md","A ","DOCUMENTATION_ARTIFACT","1291","e583ff5cda1f9573ff450591e47bce79c281cc0b00ec793ecc88b709396f9f0a"
"docs/PHASE-5.1E-RUNTIME-BINDINGS.md","A ","DOCUMENTATION_ARTIFACT","938","fbff52a6ea4cd9986125dd0738acc3792cc355ce3600d07231a516568bd8370d"
"docs/PHASE-5.1E-RUNTIME-COMPOSITION.md","A ","DOCUMENTATION_ARTIFACT","1169","e1276b5c24684f083871d35c6a432e9011fe1b7b063fbaf3a28b919dee4f0c09"
"docs/PHASE-5.1E-RUNTIME-HEALTH-CERTIFICATION.md","A ","DOCUMENTATION_ARTIFACT","978","378649c4e933af127666766b41f8680e76c14d85b9831c6de4078020f544bc3c"
"docs/PHASE-5.1F-ATOMIC-OPERATIONS.md","A ","DOCUMENTATION_ARTIFACT","1062","f82ac9d0d27e055a531040597d7fcb8cbddb8b705e2d3fa5489e8da3eb9f4bfd"
"docs/PHASE-5.1F-CERTIFICATION.md","A ","DOCUMENTATION_ARTIFACT","1240","6aac15bd3324af4376487730a0a84eca680e4b272b0b9df530e709adc655a0e2"
"docs/PHASE-5.1F-CONCURRENCY-CERTIFICATION.md","A ","DOCUMENTATION_ARTIFACT","828","8851cafebdf53abb20eb57f6703696a2950751f79a0d05d1326920d41a25db7d"
"docs/PHASE-5.1-FINAL-CERTIFICATION.md","A ","DOCUMENTATION_ARTIFACT","677","b07140df68646400f4522b731b02912c8bf7afef93b879d4ccce75fac213eac6"
"docs/PHASE-5.1F-ROLLBACK-POLICY.md","A ","DOCUMENTATION_ARTIFACT","835","8c77347796543668d9010c1dbbd495620f7a21c6bee5d3fa2d17c27f913b33dd"
"docs/PHASE-5.1F-RUNTIME-CERTIFICATION.md","A ","DOCUMENTATION_ARTIFACT","832","a30df0e567a79de9461275d350d28d403b2df71dc4df9bd18f66ace9bb3f7b54"
"docs/PHASE-5.1F-RUNTIME-ORCHESTRATION.md","A ","DOCUMENTATION_ARTIFACT","1251","b53dc7266746be1d1656104c0499f57addf2728ddf6ddc25f9c42fbe0a4cae1c"
"docs/PHASE-5.1G-CERTIFICATION.md","A ","DOCUMENTATION_ARTIFACT","1162","e7c8949307233b8e04f0d0eb44fed0d3b76be0f1d6bccfe1f6af9fbbbe4715ff"
"docs/PHASE-5.1G-DELIVERY-REPLAY-RETRY.md","A ","DOCUMENTATION_ARTIFACT","643","dc4a9f1a653fc8a909213d22993de6ac446ebce87411775856aa7a8d4da26488"
"docs/PHASE-5.1G-EVENT-CATALOG.md","A ","DOCUMENTATION_ARTIFACT","520","34c14b519b3f74bc00051e11eb60807715d154d028d5787c33f272d70c390929"
"docs/PHASE-5.1G-EVENT-CONTRACTS.md","A ","DOCUMENTATION_ARTIFACT","960","da975be92a5ed38b5638fc0ed217b0af381bccc88831f3678f030a6d4245f935"
"docs/PHASE-5.1G-EVENT-ROUTING.md","A ","DOCUMENTATION_ARTIFACT","560","2ca7990e3441fcb6a92623d089418ee1f30dc19e159fa9d06a435a930c75670d"
"docs/PHASE-5.1G-EVENT-TRANSPORT.md","A ","DOCUMENTATION_ARTIFACT","545","aa72a68dbf6dfedfab3d8c29c08a7adb6d2e2aea8e4f86a14d382cf5faa02377"
"docs/PHASE-5.1H-ATOMIC-EVENT-INTEGRATION.md","A ","DOCUMENTATION_ARTIFACT","940","0b9fb7029aa65374a73e04949cc8d28fcab0c284aef0060f01893e314857e51e"
"docs/PHASE-5.1H-CERTIFICATION.md","A ","DOCUMENTATION_ARTIFACT","1403","0ba777b54c85dd415edc071019ffb341bd5b12d3ce15b85b0ac5c39f88987dbc"
"docs/PHASE-5.1H-OUTBOX-OWNER.md","A ","DOCUMENTATION_ARTIFACT","611","c3f55bd5967cd0dfbc54b8a5bf2a2f291a6269cc2aa2bf2a81c06bead0c5df63"
"docs/PHASE-5.1H-OUTBOX-PERSISTENCE.md","A ","DOCUMENTATION_ARTIFACT","636","c643e65f89ebb58e0083d25177b9bbf0e591bb3e11bfd301ccc702a143dda156"
"docs/PHASE-5.1H-POSTGRESQL-CERTIFICATION.md","A ","DOCUMENTATION_ARTIFACT","934","bedbff756f23ead2c3875762eec89b94ae26d45b70a468398e4f7b6432185048"
"docs/PHASE-5.1H-RECOVERY-POLICY.md","A ","DOCUMENTATION_ARTIFACT","609","0cf0a7301a7da9bca86ed1bebc7a3e35e46d1d9a49f435430bd2927dc786c4f7"
"docs/PHASE-5.1-IAM-01-AMENDMENT.md","A ","DOCUMENTATION_ARTIFACT","3830","d5f8015813ff187f8d4dcb6bd77fb4632f4f235cedab9257f0ba9c6414714597"
"docs/PHASE-5.1-IAM-BOUNDARY-AUDIT.md","A ","DOCUMENTATION_ARTIFACT","5110","2d248f9fbfda2ae02a30da3918ff6dcd2fc04cb8a09707ab1712263375988e95"
"docs/PHASE-5.1-IAM-CLOSURE-01-AMENDMENT.md","A ","DOCUMENTATION_ARTIFACT","3455","7da7b398eb55843d7eb0e6901bf84b424b4763045a84d20a276dcfe655fa4b4b"
"docs/PHASE-5.1-IAM-CLOSURE-BOUNDARY-AUDIT.md","A ","DOCUMENTATION_ARTIFACT","4475","7355b25b3c30517416545efc1339f3b592b99b9ed64ab72987d3c4be16c9b166"
"docs/PHASE-5.1-IAM-CLOSURE-COMPATIBILITY.md","A ","DOCUMENTATION_ARTIFACT","2947","51447427ae7f0da1355edf71b7ff8cb94377f6736751faafb7409e98d70635f3"
"docs/PHASE-5.1-IAM-CLOSURE-DECISION.md","A ","DOCUMENTATION_ARTIFACT","1165","ca89d17f1974a9c97842a50c4c420ed673ed9b016abbfcd6bdd0b3c8fe61ce8d"
"docs/PHASE-5.1-IAM-COMPATIBILITY-MATRIX.md","A ","DOCUMENTATION_ARTIFACT","3977","1ad8cb467b28dfb8ce69df3bfde7bfb5cab798cb3621159e7e29e75f8d2195d3"
"docs/PHASE-5.1-IAM-DECISION.md","A ","DOCUMENTATION_ARTIFACT","1895","09153817ae04498447480a7a45f5f199974baa19ec307f7c00f8bedfa76fd695"
"docs/PHASE-5.1-IAM-IMPACT-ANALYSIS.md","A ","DOCUMENTATION_ARTIFACT","4007","e327ffff6445d447264e03d4401595cec1529e929b19fa055dc630f17a77f6b6"
"docs/PHASE-5.1-IAM-PROFILE-01-AMENDMENT.md","A ","DOCUMENTATION_ARTIFACT","3586","c0729037b32b340bc721fe4b114d6ba69a564a55be4c10cef44b270ffeccd757"
"docs/PHASE-5.1-IAM-PROFILE-BOUNDARY-AUDIT.md","A ","DOCUMENTATION_ARTIFACT","4404","9204891382d4a2ed1e9b633fb2b23b492fedc0e3bf522cd0c0edc3929c8d40b1"
"docs/PHASE-5.1-IAM-PROFILE-COMPATIBILITY.md","A ","DOCUMENTATION_ARTIFACT","2545","38571f2e062d9db20c35ce450878790b7c29624968d6af65be4f4027bb42b026"
"docs/PHASE-5.1-IAM-PROFILE-DECISION.md","A ","DOCUMENTATION_ARTIFACT","1052","61d9519680e27db5f91a9b7d2206c39262362ae1ec1168b4fa077a8607b2b492"
"docs/PHASE-5.1I-ANTI-ENUMERATION-AND-RATE-LIMIT.md","A ","DOCUMENTATION_ARTIFACT","723","710796f36374aef38e57154f4572aa2d3b184737a795f51449c756adf9aefd0d"
"docs/PHASE-5.1I-CERTIFICATION.md","A ","DOCUMENTATION_ARTIFACT","1366","ed749be5c4e86ad8802c9d7cb0eaa7ffb896193d0fa212c7ae6e9d0d07b27984"
"docs/PHASE-5.1I-ENDPOINT-CATALOG.md","A ","DOCUMENTATION_ARTIFACT","947","90a04d981f3d5c60174f1ba1fea671d826591d80ece005693320831fd695275b"
"docs/PHASE-5.1I-HTTP-RUNTIME.md","A ","DOCUMENTATION_ARTIFACT","642","f5dbab55a1465bcc04c7a48c929075b2913a4fbfc2deec9cbddacf4c115020b5"
"docs/PHASE-5.1I-HTTP-SECURITY-CERTIFICATION.md","A ","DOCUMENTATION_ARTIFACT","550","0dfc17517d2699e8ab4e1224a1bdfda64f3905df22de4e9895e5900034172f8b"
"docs/PHASE-5.1I-SESSION-COOKIE-POLICY.md","A ","DOCUMENTATION_ARTIFACT","602","cdd8ead050576b11bb8886e73c14c4cb2fd7677607185ade84b009984bbf7aee"
"docs/PHASE-5.1J-CAPABILITY-BASELINE.md","A ","DOCUMENTATION_ARTIFACT","1360","a9d42f1ea8698a4035061e6588a26b4686454f4742f6be44ffe09b7f4ce8164c"
"docs/PHASE-5.1J-CERTIFICATION-CONSOLIDATION.md","A ","DOCUMENTATION_ARTIFACT","1155","6858da15162fb991afb0bf988ba5c9e48a7eeb3127cdeeb4c304154ddd5e2e99"
"docs/PHASE-5.1J-COMPATIBILITY-MATRIX.md","A ","DOCUMENTATION_ARTIFACT","1143","e624fe3946f5754608702496dd6ef75f191d9da9dfde60c2be8599467155799a"
"docs/PHASE-5.1J-FINAL-CERTIFICATION.md","A ","DOCUMENTATION_ARTIFACT","1585","29e377ccdf76b6eb215665d49b20a19cd744551e66a3143b917ede6ba44f4323"
"docs/PHASE-5.1J-FROZEN-CAPABILITY-SPECIFICATION.md","A ","DOCUMENTATION_ARTIFACT","921","f4c4bffde67f23ecd357a8500fe5ddb42b618de95c03a158e4bc8bccd1633229"
"docs/PHASE-5.1J-OUTBOX-CONCURRENCY-RESERVATION.md","A ","DOCUMENTATION_ARTIFACT","1456","b4c03bcc3a3b0a9c2f27690c510dbcff9433e0e14eb4c5c155212e35b23f7e7d"
"docs/PHASE-5.1J-QUALITY-BASELINE.md","A ","DOCUMENTATION_ARTIFACT","826","a5f27b379cb29bea95aba73ba8415887a8a17df230977fbc16cab45248459e2b"
"docs/PHASE-5.1-PREVENTIVE-GATES.md","A ","DOCUMENTATION_ARTIFACT","2165","9974678b09a6c80f4bd4e891346afadea1bddfc807230e757dbe49c639299b2d"
"docs/PHASE-5.1-RISK-MATRIX.md","A ","DOCUMENTATION_ARTIFACT","1790","715d6df554a439d66911c3e5cb4350763ccae63850d41dd56c460d372f5b5a58"
"docs/PHASE-5.1-ROADMAP.md","A ","DOCUMENTATION_ARTIFACT","2295","f1911314d1419975efd2ed23c6d13aa3c0887d4aaa8a51082f83d8cdd10e8f62"
"docs/PHASE-5.2A-AUTHORING-OPERATIONS-CERTIFICATION.md","A ","DOCUMENTATION_ARTIFACT","1231","2b4f6e686d0da532a6fa4d09609a20beda135915a7734c2021ce71e0fbd864c4"
"docs/PHASE-5.2A-AUTHORING-OPERATIONS-FOUNDATION.md","A ","DOCUMENTATION_ARTIFACT","2215","69257bf2153f42d69c19bbdb02a67704f7900208313eb96b6e9741e9d111f8de"
"docs/PHASE-5.2A-AUTHORING-PORTFOLIO-CONTRACT.md","A ","DOCUMENTATION_ARTIFACT","998","87d23032e819bc2b52aeb8bdcf76628521c940570c8a21c1874f1b41bc155dd3"
"docs/PHASE-5.2A-BOUNDARY-AND-DEPENDENCY-MATRIX.md","A ","DOCUMENTATION_ARTIFACT","1656","5a9194a2fd06bba940cd40daaabc07d161b295986e394b46cd0aab3b5b44e1a3"
"docs/PHASE-5.2A-CAPABILITY-BASELINE.md","A ","DOCUMENTATION_ARTIFACT","1415","818e774580438753bd5af5dabb4ad96ccc662ff4a9204a29d140d5581d6184ae"
"docs/PHASE-5.2A-CERTIFICATION-CONSOLIDATION.md","A ","DOCUMENTATION_ARTIFACT","1408","6b7461338519f014f78b6aae7f5922f8c30f625e398c7068be3068f27ff24774"
"docs/PHASE-5.2A-COMPLETENESS-POLICY.md","A ","DOCUMENTATION_ARTIFACT","1026","fd604109e95ff0b78be00326ddd3980b49b9ba36f823d81b3f6f091bab21917a"
"docs/PHASE-5.2A-CONTRACTS-CERTIFICATION.md","A ","DOCUMENTATION_ARTIFACT","1218","6a65b234176b8af45549c99cdac77d73eac6ca4104dc83dba2d792666631487d"
"docs/PHASE-5.2A-CONTRACTS-FOUNDATION.md","A ","DOCUMENTATION_ARTIFACT","2112","f045597e2d298ddd850364955e8e0654b03c5088118eeeb86c7f7d6f2847e90a"
"docs/PHASE-5.2A-DISCOVERY-BLUEPRINT.md","A ","DOCUMENTATION_ARTIFACT","3454","6f93d6c409a1e8c1b1fe34ccd8731c683a9aa9b089bd1e203b26339e3e6467a3"
"docs/PHASE-5.2A-DISCOVERY-CERTIFICATION.md","A ","DOCUMENTATION_ARTIFACT","1023","3886cf0350f2a3197f7c392f1737bc6168018dc01dc902b9d7437b53c9f08098"
"docs/PHASE-5.2A-EVENT-CATALOG.md","A ","DOCUMENTATION_ARTIFACT","1660","3bbd73461dd312426b181235785d0dff728465e4eaae1544e96352f8716ead82"
"docs/PHASE-5.2A-EVENT-CONTRACTS.md","A ","DOCUMENTATION_ARTIFACT","1499","4b4a2188a34646a614301b1c6b67111439894fdcc496174b42c594d3a28040c7"
"docs/PHASE-5.2A-FINAL-CERTIFICATION.md","A ","DOCUMENTATION_ARTIFACT","1893","2dd947beefcaac217d814fed36e9fe6424eb9f61cf8745b55a8743e121169b3e"
"docs/PHASE-5.2A-FINAL-COMPATIBILITY-MATRIX.md","A ","DOCUMENTATION_ARTIFACT","1397","37e0c362955dcb2e9d82d99e971a8ba56e8b8142aea19d0423462191a69b01a5"
"docs/PHASE-5.2A-FROZEN-CAPABILITY-SPECIFICATION.md","A ","DOCUMENTATION_ARTIFACT","1128","2e61d0a7d01ebd68c5bb9253a79ac1d5021ff9d53166cbe06ac12695c2f043ea"
"docs/PHASE-5.2A-HTTP-BOUNDARY.md","A ","DOCUMENTATION_ARTIFACT","1308","0efdde4b05edee0765de53ec805348afe20a63cc79ca9b80060dff6fda8edb57"
"docs/PHASE-5.2A-HTTP-CERTIFICATION.md","A ","DOCUMENTATION_ARTIFACT","1235","adbe6376f838905c35dfc0d92886fb17458fd017d4a13f7c62dd5ea2022c671d"
"docs/PHASE-5.2A-HTTP-FOUNDATION.md","A ","DOCUMENTATION_ARTIFACT","1956","29fc18b7f14364c37b33d887fbef8418c5414b21ea02cb9f92365c067752adf8"
"docs/PHASE-5.2A-IMPLEMENTATION-CERTIFICATION.md","A ","DOCUMENTATION_ARTIFACT","1277","b0ab7e955f420e701b0a3936bdcd115f54a40f7db7f1543fb7e037145cf40202"
"docs/PHASE-5.2A-IMPLEMENTATION-FOUNDATION.md","A ","DOCUMENTATION_ARTIFACT","1249","fd952f2ce0c85c08a6c68f9fad825059660c6b35be7abdd38e1c2b685094c630"
"docs/PHASE-5.2A-LISTING-DRAFT-CONTRACT.md","A ","DOCUMENTATION_ARTIFACT","1602","e80dfee35af7e3b4e552925dde4bc656cdc750c7a34950678fb2221f7525fbb7"
"docs/PHASE-5.2A-LISTING-OWNERSHIP-CONTRACT.md","A ","DOCUMENTATION_ARTIFACT","1157","3e45302bfae87e9df3b4fa91aee7e899e73263cacc76ba9f5361c5b766590694"
"docs/PHASE-5.2A-LISTING-PUBLICATION-HANDOFF.md","A ","DOCUMENTATION_ARTIFACT","1503","2a1b66acf24a4b58a8862a35f1cbdc6572dcf7469faf2e50043d1650b901896e"
"docs/PHASE-5.2A-MIGRATION-055.md","A ","DOCUMENTATION_ARTIFACT","577","2927a1a4ed4f4c072f07397530c2cab170f03864e7f7f1ab95bca8092ff0aaa1"
"docs/PHASE-5.2A-OWNERSHIP-MATRIX.md","A ","DOCUMENTATION_ARTIFACT","2066","f730ad6c17214500abd5064e6b6f0f389ec640d390d42bb7aa4fe1f7da9eae4f"
"docs/PHASE-5.2A-PERSISTENCE-CERTIFICATION.md","A ","DOCUMENTATION_ARTIFACT","1360","e4741a58910dcf47ebe1583fb44c0f4433b92f2c9fa69f6b220233879204c2e3"
"docs/PHASE-5.2A-PERSISTENCE-CONCURRENCY.md","A ","DOCUMENTATION_ARTIFACT","1379","a5bdb6d006e867967b49a337dfc636dab4c8fc75b2c66053a87b404dc0d0d671"
"docs/PHASE-5.2A-PERSISTENCE-FOUNDATION.md","A ","DOCUMENTATION_ARTIFACT","1602","591ce7b13c5f22d1b5afca9cff742ddaecfe20c6f5e38c3880cd3d2b6a100c28"
"docs/PHASE-5.2A-PERSISTENCE-MIGRATION-PLAN.md","A ","DOCUMENTATION_ARTIFACT","1252","233602340ba196134f0cd914c9fd9f38cb4a8b97b3de8df004a00d25480b4bc6"
"docs/PHASE-5.2A-PERSISTENCE-STRATEGY.md","A ","DOCUMENTATION_ARTIFACT","1708","96ad1fb70db3b542efc7c556246a74d3e2d669cad6d0a30356a7e542d118f804"
"docs/PHASE-5.2A-PROPERTY-AUTHORING-CONTRACT.md","A ","DOCUMENTATION_ARTIFACT","1517","852260bee9b1ce3cee928214dc53c6fdd3ff4c0d358987fa21ce0d1698d38b06"
"docs/PHASE-5.2A-PUBLIC-AUTHORING-INTEGRATION.md","A ","DOCUMENTATION_ARTIFACT","1796","252fc2a5bb4465164f808010d0a25a39fe371cb84faccc9ac7a5dbb6199355f6"
"docs/PHASE-5.2A-PUBLIC-AUTHORING-INTEGRATION-CERTIFICATION.md","A ","DOCUMENTATION_ARTIFACT","1264","afcbae2fa71f7d1cefa0c10dc3f18ddaac8c37e20c5baed8577927386a24e161"
"docs/PHASE-5.2A-QUALITY-BASELINE.md","A ","DOCUMENTATION_ARTIFACT","1206","61102fe628b148a1a7b3057a484daa3fc92a6b75569eb6f46901d96098ffc1a1"
"docs/PHASE-5.2A-RISK-REGISTER.md","A ","DOCUMENTATION_ARTIFACT","1728","bd0ff178bca940e69b151157ec9b7fc087ce1709a05329b901719bf0ac3154e0"
"docs/PHASE-5.2A-RUNTIME-CERTIFICATION.md","A ","DOCUMENTATION_ARTIFACT","1092","b9ed5c7848a6c647b529b6b551f086cb107647212a39bb29f926a3b8321fc62a"
"docs/PHASE-5.2A-RUNTIME-FOUNDATION.md","A ","DOCUMENTATION_ARTIFACT","1893","21eaf9adf7e8d7c185376dc9b528bb6a3b67354238b0de5a461946374f69e7ce"
"docs/PHASE-5.2A-RUNTIME-HTTP-CONTRACTS.md","A ","DOCUMENTATION_ARTIFACT","1338","b40b979cc4ea1199e27fcaeac02272cf50cb7caa67432680788bc8332642299b"
"docs/PHASE-5.2A-RUNTIME-STRATEGY.md","A ","DOCUMENTATION_ARTIFACT","1458","d9483c2b7dec7e1fa8fb27a93c371c1dad2b895b0f4021dc85aaa9fc8fbf1760"
"docs/PHASE-5.2B-ASSET-CONTRACT.md","A ","DOCUMENTATION_ARTIFACT","1290","ca8998acb4c02475906e66268d12d78218a442ac1fbcd8601af5cb166aac0e0a"
"docs/PHASE-5.2B-ATOMIC-DELIVERY-OUTBOX-CERTIFICATION.md","A ","DOCUMENTATION_ARTIFACT","1726","3d0b7b40af4cf3644ce0df1223716289f0b865d6b355f3557e402d879c511948"
"docs/PHASE-5.2B-ATOMIC-DELIVERY-OUTBOX-FOUNDATION.md","A ","DOCUMENTATION_ARTIFACT","1638","8f8ad039b359dc607b6416e494e2230a8347c60f669be0d806b601d7a864bb57"
"docs/PHASE-5.2B-BOUNDARY-AND-DEPENDENCY-MATRIX.md","A ","DOCUMENTATION_ARTIFACT","1506","e8e774cb234cca2e95ad573c3116d84f55a6f22c8e969f6a571f5cb4583db1ad"
"docs/PHASE-5.2B-CONTRACTS-CERTIFICATION.md","A ","DOCUMENTATION_ARTIFACT","680","105bc31650af4d5c20153fea786993c647d387e0a4fb5c9b0d8399eb836aaecf"
"docs/PHASE-5.2B-CONTRACTS-FOUNDATION.md","A ","DOCUMENTATION_ARTIFACT","1812","e50b764413f9683366d5edbecd697ce2679453cb8562006a906e8c835219126c"
"docs/PHASE-5.2B-DISCOVERY-BLUEPRINT.md","A ","DOCUMENTATION_ARTIFACT","4975","766627e8102e420c2e3303d59b2a0c4dff78c309667722cc0544c4130a829743"
"docs/PHASE-5.2B-DISCOVERY-CERTIFICATION.md","A ","DOCUMENTATION_ARTIFACT","975","fa8da30b68ed422cfad3effaa9ceab975b4abeb005f12f86de20fbf97bef5fdb"
"docs/PHASE-5.2B-EVENT-CATALOG-DISCOVERY.md","A ","DOCUMENTATION_ARTIFACT","1088","fa3c7f403bf3328307348ff3d0d230f5f3e89367b0654dedc31284f6b27fa2d3"
"docs/PHASE-5.2B-EVENT-CONTRACT.md","A ","DOCUMENTATION_ARTIFACT","1086","1192ec6343018a341eff1d914dfcec8ecede02bae0f0caedf83e905796ff7626"
"docs/PHASE-5.2B-EVENT-TRANSPORT-DELIVERY-CERTIFICATION.md","A ","DOCUMENTATION_ARTIFACT","785","67c7aac46426b39d4fc6dab982901cea393b448d31966feb6ca8badc695afe35"
"docs/PHASE-5.2B-EVENT-TRANSPORT-DELIVERY-FOUNDATION.md","A ","DOCUMENTATION_ARTIFACT","1372","43be891d48003e1c700e22a57611d5c7bc5951efb439ec855327d8d886f4d276"
"docs/PHASE-5.2B-FINAL-CERTIFICATION.md","A ","DOCUMENTATION_ARTIFACT","3326","e59a4530e009b2a7051243df9b8fa1fdd385219abec64944c016808beea4e2d0"
"docs/PHASE-5.2B-FINAL-FREEZE-SPECIFICATION.md","A ","DOCUMENTATION_ARTIFACT","1986","e2e84fbb4800e14cdf813019d5fef1b13e0319b3c9ea71cffd6bf0d6bdf8f065"
"docs/PHASE-5.2B-HTTP-BOUNDARY.md","A ","DOCUMENTATION_ARTIFACT","1167","2160bbcc6bcaa7977f4045c6695008ed17f000930dac9450dc0e6edb1a14ffa8"
"docs/PHASE-5.2B-OWNERSHIP-MATRIX.md","A ","DOCUMENTATION_ARTIFACT","1258","5184ec42ba43f225f4ba8d2228c98a016454219a15b4ef508b0d1f64f2df207e"
"docs/PHASE-5.2B-PERSISTENCE-CERTIFICATION.md","A ","DOCUMENTATION_ARTIFACT","787","bc0e30d13160fa130148caa6ed4b263a037779a8eeb0c2f61bfa8ba26bab20ce"
"docs/PHASE-5.2B-PERSISTENCE-CONCURRENCY.md","A ","DOCUMENTATION_ARTIFACT","1067","eb0e251b3420c91e5bf67fb92143de69bc6be858ef9350413cb486c98d8ca1d1"
"docs/PHASE-5.2B-PERSISTENCE-FOUNDATION.md","A ","DOCUMENTATION_ARTIFACT","1123","2d740c843cbc902e692cb660bb8991d9b7794f1b433737c71a3bec3f73d786c2"
"docs/PHASE-5.2B-PERSISTENCE-MIGRATION-PLAN.md","A ","DOCUMENTATION_ARTIFACT","976","60e0bc0792e302ad5cdd09504f96aba085ad9ec3b8e439770a9888d5c12e4bed"
"docs/PHASE-5.2B-PERSISTENCE-STRATEGY.md","A ","DOCUMENTATION_ARTIFACT","1468","7825bb12671220e41f0d337e07d0dab57d79dfb6f6a4386ea4c42520355ac89e"
"docs/PHASE-5.2B-POSTGRESQL-CERTIFICATION.md","A ","DOCUMENTATION_ARTIFACT","809","5b7a2b3aea5fe3dccc23c3738628b3efe953b2d8149f4c6370f362bbbc564eee"
"docs/PHASE-5.2B-PROCESSING-CONTRACT.md","A ","DOCUMENTATION_ARTIFACT","1217","1d49bb9d1757e8adf0b640019fa3bfc2733987f9faa0cc3109d9fd27ce00ae88"
"docs/PHASE-5.2B-QUOTA-CONTRACT.md","A ","DOCUMENTATION_ARTIFACT","939","58188d38e239199728d488442e7076b7463fa3b5079635dd9eb0db3c718fa77b"
"docs/PHASE-5.2B-RISK-REGISTER.md","A ","DOCUMENTATION_ARTIFACT","1542","c65ba90d7a4b83174e976037a74a65ae22637baa19ea33d89aefa22fd233f921"
"docs/PHASE-5.2B-RUNTIME-CERTIFICATION.md","A ","DOCUMENTATION_ARTIFACT","862","c9e213b2df704512613c3e11764eb9e9917cd290245a491d8a6bc377a50ddc2b"
"docs/PHASE-5.2B-RUNTIME-FOUNDATION.md","A ","DOCUMENTATION_ARTIFACT","1229","6b397a0d26ed4890ebbb68fd3a9a277e55c6060f54660339c0774c8456a64a96"
"docs/PHASE-5.2B-RUNTIME-HTTP-CONTRACT.md","A ","DOCUMENTATION_ARTIFACT","984","2be3a1e400e307b71fb4680688ba2deafbaf8fad74524c911d28b5422df8d338"
"docs/PHASE-5.2B-RUNTIME-STRATEGY.md","A ","DOCUMENTATION_ARTIFACT","1005","901cf4a95d294ce278d2a9f38ec271cec9c93e20c87a7870a17636a9cc93b496"
"docs/PHASE-5.2B-UPLOAD-CONTRACT.md","A ","DOCUMENTATION_ARTIFACT","1336","604727ac0d006bbb7ac4c70aa15ba8fba465a968d7cc4175190cc688db18c54c"
"docs/PHASE-5.2C-BOUNDARY-AND-DEPENDENCY-MATRIX.md","A ","DOCUMENTATION_ARTIFACT","2451","bb62ef7e2b77cf2d33af0bed9b03d22dd0b40c4a17b8645cb821cabd9fa6dd57"
"docs/PHASE-5.2C-COMMANDS-AND-QUERIES.md","A ","DOCUMENTATION_ARTIFACT","3777","a0c908296121cc28e15183e12656689993e84ae0f9c08e16804ef8f51fbfdb23"
"docs/PHASE-5.2C-CONTRACTS-FOUNDATION.md","A ","DOCUMENTATION_ARTIFACT","3554","0693c256aa2164511be055d1c530cfc187bbde395ac3a6ae27fe081378fa97e6"
"docs/PHASE-5.2C-EVENT-CATALOG.md","A ","DOCUMENTATION_ARTIFACT","2532","053d969d454930ebf8ee3fd40d212cd28eacd6fbbee77f3cdacdfc9188bc235b"
"docs/PHASE-5.2C-HTTP-CERTIFICATION.md","A ","DOCUMENTATION_ARTIFACT","2401","ec166ec4251c489506f97b2d805c31c87f87a6638cf87b3af3ef7b9e7bbafcb2"
"docs/PHASE-5.2C-HTTP-CONTRACT.md","A ","DOCUMENTATION_ARTIFACT","2586","874d32644fa64e6f4fd5261c0eaebb1819e5b0b931256db157cf60468221be38"
"docs/PHASE-5.2C-HTTP-CORRECTIVE-SPECIFICATION.md","A ","DOCUMENTATION_ARTIFACT","2511","78751e1ad8de67715335196b3905e905b3c25301cd244a8ee211edd75eebfd71"
"docs/PHASE-5.2C-HTTP-DEPENDENCY-MATRIX.md","A ","DOCUMENTATION_ARTIFACT","1116","578471f4b3215ae5c3e1095b14de4becf24178a6dbc0abe5af9c00972972ce75"
"docs/PHASE-5.2C-HTTP-FOUNDATION.md","A ","DOCUMENTATION_ARTIFACT","1663","74fcada8764052580483b84ec481436103aa79d1e2cf7905d6581a74e0abc29c"
"docs/PHASE-5.2C-HTTP-TEST-PLAN.md","A ","DOCUMENTATION_ARTIFACT","1287","e207ee35e5aeedfcdea495dbd62b56f15c6da482d1c42c5f43c6b821ccf7c3c3"
"docs/PHASE-5.2C-OWNER-READ-CERTIFICATION.md","A ","DOCUMENTATION_ARTIFACT","1629","175a73f8b9260363bd375aa378659eeb0bd4d1022758b38346ef0534e8812758"
"docs/PHASE-5.2C-OWNER-READ-RUNTIME-BINDING-SPECIFICATION.md","A ","DOCUMENTATION_ARTIFACT","1312","4ada45579ba86e78e9ae49340c54ca7362eeb1c21290c961365703e8bec6bf0d"
"docs/PHASE-5.2C-OWNER-READ-RUNTIME-SPECIFICATION.md","A ","DOCUMENTATION_ARTIFACT","2569","65c0bd76d426f62690a4010758123b3eae8dfb2c0040b9e581776ee2bd5743d0"
"docs/PHASE-5.2C-OWNERSHIP-MATRIX.md","A ","DOCUMENTATION_ARTIFACT","2239","d44f51a639e72e647a46f83297d287402b28f0fbb035bee92eee171cfd508efb"
"docs/PHASE-5.2C-PERSISTENCE-CERTIFICATION.md","A ","DOCUMENTATION_ARTIFACT","1463","0b7198d408a23b7d4f2974fc908528083862775c90c6722951846fad2e56279c"
"docs/PHASE-5.2C-PERSISTENCE-FOUNDATION.md","A ","DOCUMENTATION_ARTIFACT","1417","ee2f42cc9f23a6a17cdb04685ef9d908f9e8ee10545eca92b10ca3ddc3bff2cc"
"docs/PHASE-5.2C-PERSISTENCE-POSTGRESQL-SPECIFICATION.md","A ","DOCUMENTATION_ARTIFACT","1499","4f0b194770058a8f41b8d3c5710e2eb8f465c242f5ef9fd6575687d9c7129cb4"
"docs/PHASE-5.2C-PERSISTENCE-TEST-PLAN.md","A ","DOCUMENTATION_ARTIFACT","1020","6a1106d4d5c2f250af64c2911003f19eae0d95e97d17e4f57ec1e84784ca55e8"
"docs/PHASE-5.2C-PROFESSIONAL-MANDATE-OWNER-SOURCE-CERTIFICATION.md","A ","DOCUMENTATION_ARTIFACT","1615","0e85e40e835fca3e51de4ae409199eefacd9a43ade94dcd2710141159a63e75e"
"docs/PHASE-5.2C-PROFESSIONAL-MANDATE-OWNER-SOURCE-COMPATIBILITY-MATRIX.md","A ","DOCUMENTATION_ARTIFACT","1143","9a8a08da4daacd5ed348198eea8fe3bec267252e930618819a35b001294ab3d7"
"docs/PHASE-5.2C-PROFESSIONAL-MANDATE-OWNER-SOURCE-PERSISTENCE-IMPACT.md","A ","DOCUMENTATION_ARTIFACT","1031","92c6e3c9a18634943713d7d7b3957108a1aa6811342e4b86724757af72ee4ef3"
"docs/PHASE-5.2C-PROFESSIONAL-MANDATE-OWNER-SOURCE-SPECIFICATION.md","A ","DOCUMENTATION_ARTIFACT","1861","b5a6e8f6456c324dfd3024ae993a61d8aa4aeea71dc8daf0d036369fd1c99671"
"docs/PHASE-5.2C-PROFESSIONAL-PROFILE-BLUEPRINT.md","A ","DOCUMENTATION_ARTIFACT","4183","13716518345eab6d1bbc6678d8eb1f925f768bb69780084adf19ec863b1a0bcb"
"docs/PHASE-5.2C-PROFESSIONAL-PROFILE-DISCOVERY.md","A ","DOCUMENTATION_ARTIFACT","4081","9b30891a0912a465bffdb447a318ddc1926ab3dcd59f590fd7e46850466ea131"
"docs/PHASE-5.2C-RISK-REGISTER.md","A ","DOCUMENTATION_ARTIFACT","2394","995f99aedae8cd852c205528c5c928bfd09e60ac01d9909000202ffd39f8b3c6"
"docs/PHASE-5.2C-ROADMAP.md","A ","DOCUMENTATION_ARTIFACT","3349","3e4fca26452d1d0fed121e2990f1c94e00d3f49b42805361a3f2eacd6682132b"
"docs/PHASE-5.2C-RUNTIME-CERTIFICATION.md","A ","DOCUMENTATION_ARTIFACT","1342","5f92968aa292c41487914ba8e2ed5138fa8eac241cec935329a7fbe6bb126ecd"
"docs/PHASE-5.2C-RUNTIME-CONTRACT.md","A ","DOCUMENTATION_ARTIFACT","2274","581e2a0148966ee0f7ca5a8ce5b5783a8b13c4d4eb55b980143411d0552e6e53"
"docs/PHASE-5.2C-RUNTIME-FOUNDATION.md","A ","DOCUMENTATION_ARTIFACT","1681","886ab510d2e4dc5f6c057c1536dad2cfea432ad94114f966146ab5dbc4b1678c"
"docs/PHASE-5.2C-RUNTIME-HTTP-COMPATIBILITY-MATRIX.md","A ","DOCUMENTATION_ARTIFACT","1099","4822e82f8a85fbcb13bd2e219a32c9fa636d1149435f5beff12603b1f6d2dd42"
"docs/PHASE-5.2C-RUNTIME-TEST-PLAN.md","A ","DOCUMENTATION_ARTIFACT","893","49c55899ab8a387f25faf358a68167773f7a987292472dfa62117be45d422dc9"
"docs/PHASE-5.3B-COMMANDS-AND-QUERIES.md","A ","DOCUMENTATION_ARTIFACT","3677","337b97f061f93b90c20bde3a03d594871448ba0e4fb2ad7c1adbaa9261e8f94d"
"docs/PHASE-5.3B-CONTRACT-CERTIFICATION.md","A ","DOCUMENTATION_ARTIFACT","3132","55121907ce3b5e6c95feeba4090322c62e14e464d5a103c7bc86922691183ce4"
"docs/PHASE-5.3B-CONTRACTS-FOUNDATION.md","A ","DOCUMENTATION_ARTIFACT","5875","2b0876e772f9b3d22d610498374f34e77a16847aeafeec86a4eb937cf4c5a058"
"docs/PHASE-5.3B-EVENT-CATALOG.md","A ","DOCUMENTATION_ARTIFACT","3129","ee705fdf3b545e629dc567295afe13614569482767e18c541468a7bc9f26e6a3"
"docs/PHASE-5.3B-PORT-MATRIX.md","A ","DOCUMENTATION_ARTIFACT","3601","d39e676def5ebb6976341121c29fcad1ae9c2c80e79ddb63631f3684e269608a"
"docs/PHASE-5.3B-RESULT-MATRIX.md","A ","DOCUMENTATION_ARTIFACT","3538","fe9c155fe9f0a8eb720766abf4210f21d8def805e253263e53c39f4cf4ea6992"
"docs/PHASE-5.3C-AUDIT-APPEND-BOUNDARY-AUDIT.md","A ","DOCUMENTATION_ARTIFACT","2265","48ff949b5b02dadff90fd12937e2d3693264f148343855698ff4fe3ae1d14803"
"docs/PHASE-5.3C-BOUNDARY-COMPATIBILITY-MATRIX.md","A ","DOCUMENTATION_ARTIFACT","2480","b75caaaeec8069777b14190ac56e0fa7207261ae224328e469b0db689e1953f5"
"docs/PHASE-5.3C-BOUNDARY-GATES-AUDIT.md","A ","DOCUMENTATION_ARTIFACT","4195","5088196e41e0cb3dc2518943309fe7daf7900e21f7f2742d79ef9d59bda1af11"
"docs/PHASE-5.3C-COMMAND-HANDOFF-AUDIT.md","A ","DOCUMENTATION_ARTIFACT","3293","990363804e2a89f6fb7256a8c768afa80771ee115e6c78228716a0e072877a71"
"docs/PHASE-5.3C-DECISION.md","A ","DOCUMENTATION_ARTIFACT","2641","0d1f4e40e26ad931482074d9ca85d2d42cd1b2c4f0244e13997de6ff4141efaf"
"docs/PHASE-5.3C-IAM-MODERATOR-AUTHORIZATION-AUDIT.md","A ","DOCUMENTATION_ARTIFACT","2285","be50f6f5c2202cc8163abcde3a75632e817627876897a3367627cacbacd558d5"
"docs/PHASE-5.3C-TARGET-READ-AUDIT.md","A ","DOCUMENTATION_ARTIFACT","3581","5df2177fe83f09cdfe5b34ff10777a94699757b789388f9715fe6ad9b626e3d9"
"docs/PHASE-5.3D-PERSISTENCE-CERTIFICATION.md","A ","DOCUMENTATION_ARTIFACT","2401","16268d0da6bc08b0c35ed53d5fed1b2a18035dc1cb5cb85509a5aec20ffcdf33"
"docs/PHASE-5.3D-PERSISTENCE-FOUNDATION.md","A ","DOCUMENTATION_ARTIFACT","2521","b9d49d827cd29b2b8bb44ab97f6d9a4cacece141071179ac2104bf0b714ad4b8"
"docs/PHASE-5.3D-PERSISTENCE-TEST-PLAN.md","A ","DOCUMENTATION_ARTIFACT","1540","ff504eaccf2b6f256a724518f25767c982272188c3ecd5d5968217db1f0653bc"
"docs/PHASE-5.3D-POSTGRESQL-SPECIFICATION.md","A ","DOCUMENTATION_ARTIFACT","1563","d714c804291ec10d08f6c5dccf6ecef2d41566ab4135965ebb7384f19db2d171"
"docs/PHASE-5.3E-RUNTIME-CERTIFICATION.md","A ","DOCUMENTATION_ARTIFACT","1842","f2c2f468f615ae7072cf37d1e85c3cfc58a69c70effdde5289120aa5ae30f6c8"
"docs/PHASE-5.3E-RUNTIME-QUEUE-FOUNDATION.md","A ","DOCUMENTATION_ARTIFACT","2463","901f3a5e9dd8498b67f544673414f5b00dd3985cb7843ef0c61147347712c910"
"docs/PHASE-5.3E-RUNTIME-TEST-PLAN.md","A ","DOCUMENTATION_ARTIFACT","1486","135d46c6037dafd36b526ab2a6bf41d4b75b44294f71f010765754257510f0d6"
"docs/PHASE-5.3F-ORCHESTRATION-CERTIFICATION.md","A ","DOCUMENTATION_ARTIFACT","1482","700f6c8cee44fa4e41c6ca97f1851f9feb09b36ec0c1ee3acdc4d6a4297a0adc"
"docs/PHASE-5.3F-ORCHESTRATION-FOUR-EYES-ANALYSIS.md","A ","DOCUMENTATION_ARTIFACT","3248","336946ea60247ef7bd1d63c34bf1aa3fb77fd7437f97cee3f0c6728486b3dd45"
"docs/PHASE-5.3F-ORCHESTRATION-FOUR-EYES-FOUNDATION.md","A ","DOCUMENTATION_ARTIFACT","2044","c80858e7d35196ad74a7ccafc77eca8ac10893978f03b1e309a888110e0357f5"
"docs/PHASE-5.3F-ORCHESTRATION-TEST-PLAN.md","A ","DOCUMENTATION_ARTIFACT","813","232580797b9ff6dfc08769d602cd59c9b00c5edfa311029ca1ec3a654e0b8418"
"docs/PHASE-5.3G-EVENT-DELIVERY-CERTIFICATION.md","A ","DOCUMENTATION_ARTIFACT","795","712181a847a23b9af89db70c454ba854db74b08ed9a53ac80bc30493c0253429"
"docs/PHASE-5.3G-EVENT-TRANSPORT-ROUTING-DELIVERY.md","A ","DOCUMENTATION_ARTIFACT","1002","0f3386fb3418b5141384e74a8d8d6076eed82f4b0168d587c81098320d5ab8f6"
"docs/PHASE-5.3H-OUTBOX-FOUNDATION.md","A ","DOCUMENTATION_ARTIFACT","2206","fb1b8103056a4441d506b9a9994cefbc97670344a2e8fea71a35b46ec64a6e3e"
"docs/PHASE-5.3H-OUTBOX-FOUNDATION-CERTIFICATION.md","A ","DOCUMENTATION_ARTIFACT","3068","6dae0d37dfcaa1baa7e1a8c94d4b67de3d9fea03d733681f4e112946c9ff53cc"
"docs/PHASE-5.3I-COMMAND-HANDOFF-INTEGRATION.md","A ","DOCUMENTATION_ARTIFACT","3866","8e470b0328b57edd10df0a4c1f9bab631b280ae90b1b9b282caa7f4e4a935258"
"docs/PHASE-5.3I-COMMAND-HANDOFF-INTEGRATION-CERTIFICATION.md","A ","DOCUMENTATION_ARTIFACT","2272","2ab3511fd5513211e4c84da99876017c85eceee6dd1b99c82bd0baaeb281498e"
"docs/PHASE-5.3J-HTTP-SECURITY-AUTHORIZATION-MATRIX.md","A ","DOCUMENTATION_ARTIFACT","2292","0e97144a2e0f94d1d2fe6a4b3040535ea6409fd7f0f8da4c1299952343c8db90"
"docs/PHASE-5.3J-HTTP-SECURITY-CERTIFICATION-PLAN.md","A ","DOCUMENTATION_ARTIFACT","2619","dc4dc913bf658ebb1a2762cf758bfdb53d4edc9f5a83bb13b4bdce97e99fc4ad"
"docs/PHASE-5.3J-HTTP-SECURITY-DISCOVERY.md","A ","DOCUMENTATION_ARTIFACT","5858","9118d939ae7174908cb286b6263421d6c730fd20e2f61efcafdd331933a61d32"
"docs/PHASE-5.3J-HTTP-SECURITY-ENDPOINT-MATRIX.md","A ","DOCUMENTATION_ARTIFACT","2851","9f6b609f7f2265a3b1eb3f86c6b945348be12c6f4f31934249818c9bd5961cd2"
"docs/PHASE-5.3J-HTTP-SECURITY-RESULT-MAPPING.md","A ","DOCUMENTATION_ARTIFACT","2403","8cbcee380be64aee4d715f04bc75c00fd2d3fdadd8773fbe12a496e939b10ae1"
"docs/PHASE-5.3J-HTTP-SECURITY-THREAT-MODEL.md","A ","DOCUMENTATION_ARTIFACT","2511","cace657204670ea107e08e3b479c6a6f3f58e2b7d9e3e305759f0a79237d93f4"
"docs/PHASE-5.3L-FINAL-BASELINE.md","A ","DOCUMENTATION_ARTIFACT","2213","bd4bad0ab9d17fb6bff5092a5b98153efd13b61b06cf5d12a173e279e4dac9aa"
"docs/PHASE-5.3L-FINAL-CERTIFICATION.md","A ","DOCUMENTATION_ARTIFACT","1070","ff804ff8eb08c9b9dcb67b2efa9aba9a2aeeb0507194384559e47b327fbe8e20"
"docs/PHASE-5.3L-FREEZE-CHECKLIST.md","A ","DOCUMENTATION_ARTIFACT","1002","a9360f3e72fb15c27b8877dd9daf783f0d831b511b1afbf416df5f5dd6bb061f"
"docs/PHASE-5.3L-FREEZE-REGISTER.md","A ","DOCUMENTATION_ARTIFACT","2238","d754ab826cf34c8e84ff7fd45e8d08680d5fc1600063ec8c0f024b7e5e3a7ea6"
"docs/PHASE-5.3L-GIT-INVENTORY.md","A ","DOCUMENTATION_ARTIFACT","2316","1cfc7a59a0015c41f88841a688082f1e6f1ca1df7965c27ce7bd0b9450b53816"
"docs/PHASE-5.3L-MIGRATION-ROLLBACK-MATRIX.md","A ","DOCUMENTATION_ARTIFACT","1578","43097e3f323d1ae829ef25b1bf747388c96dd9d5173389aaf23393d072f69f65"
"docs/PHASE-5.3L-RISKS-AND-EXCLUSIONS.md","A ","DOCUMENTATION_ARTIFACT","815","a170fa4569d950b406eb52d2666fbc11f4148e1b1b5ad516a931ae9b8ceb71ff"
"docs/PHASE-5.3L-SECRET-SCAN-REPORT.md","A ","DOCUMENTATION_ARTIFACT","1544","9983f86049725851a4245f5fb23708018d73b8d085f74d348b393bf13e7ab6bc"
"docs/PHASE-5.3L-TERMINAL-CAMPAIGNS.md","A ","DOCUMENTATION_ARTIFACT","1006","dbbc6a00ca31110b9602f9fb5a8e60fb9e2a4861c10856fed5e8174c461ee3c3"
"docs/PHASE-5.3L-WORKSPACE-HYGIENE-REPORT.md","A ","DOCUMENTATION_ARTIFACT","2391","76c73bfe41d44f0dbb66deea22400411c3e2a78d93ca04185d33da6f974be43d"
"docs/PHASE-5.3-MODERATION-REPORTS-BLUEPRINT.md","A ","DOCUMENTATION_ARTIFACT","28595","26e95a635c04843c054a02bbf9890053a82206e7b97b487d08a3df073107b8ea"
"docs/PLACE-LIFECYCLE-DECISION-OWNERSHIP-MATRIX.md","A ","DOCUMENTATION_ARTIFACT","1369","f813d573a7fc2bc66a3072570be393fa785f8d25511f365d834afcaf8ee966b9"
"docs/PLACE-LIFECYCLE-DELIVERY-CONSUMPTION-SPECIFICATION.md","A ","DOCUMENTATION_ARTIFACT","927","d5cbc48de5078fcd6537c7c69e0b61f158c25108a76d7952b9890334e2425fa6"
"docs/PLACE-LIFECYCLE-EVENT-CONFIDENTIALITY-POLICY.md","A ","DOCUMENTATION_ARTIFACT","661","4e2fa9a4c64f5a3466e38d63d56caa1daf26628be7f6fff9d2444d8c0ca243cb"
"docs/PLACE-LIFECYCLE-EVENT-CONTRACT-SPECIFICATION.md","A ","DOCUMENTATION_ARTIFACT","1221","c3537f479e9f794e3d8720e33c4181f417abcc184be3fad1713e8b8969236732"
"docs/PLACE-LIFECYCLE-EVENT-ROUTING-PERSISTENCE-MATRIX.md","A ","DOCUMENTATION_ARTIFACT","616","45b018e32bc3618f24c377d35a4b2ddf0c42d71d48643747cd7ceca646e49215"
"docs/PLACE-LIFECYCLE-EVENT-ROUTING-RESULT-MATRIX.md","A ","DOCUMENTATION_ARTIFACT","409","a003e75d9c64cd62b01f1f1f8ae65b807193fe6ecfba8fc5fa473c26ceaa45bb"
"docs/PLACE-LIFECYCLE-EVENT-ROUTING-SPECIFICATION.md","A ","DOCUMENTATION_ARTIFACT","1103","047a57879a20dfea5117ee2cc81b69344ec63c4b9d7638701a884feac469dace"
"docs/PLACE-LIFECYCLE-EVENT-TRANSPORT-COMPATIBILITY-MATRIX.md","A ","DOCUMENTATION_ARTIFACT","723","3c35282a60f6ef053063c260a21ca929402a40f644e7edfdd5bfe5eebea82126"
"docs/PLACE-LIFECYCLE-EVENT-TRANSPORT-SPECIFICATION.md","A ","DOCUMENTATION_ARTIFACT","1476","0ed313f7203e5d884fceebe7b51e68c5b755c0de97bd75aea6841986649f4b2c"
"docs/PLACE-LIFECYCLE-GENERIC-DELIVERY-COMPATIBILITY-DECISION-MATRIX.md","A ","DOCUMENTATION_ARTIFACT","1024","46aa031606b91ce7e041b35475acf37e6a26338020b98897d71f95e1501c7746"
"docs/PLACE-LIFECYCLE-GENERIC-DELIVERY-NINE-OWNER-COMPATIBILITY.md","A ","DOCUMENTATION_ARTIFACT","1137","2ad5c9549f3c4fa8bbbdbf5a6d29f8330f433ecf4fe633cdb3e01ce47ff09b8f"
"docs/PLACE-LIFECYCLE-GENERIC-DELIVERY-OUTPUT-MATRIX.md","A ","DOCUMENTATION_ARTIFACT","1247","841c4b293371c1bbaa7763686e3ed2b25ea1c59a48cd293e8789401a7cd3510f"
"docs/PLACE-LIFECYCLE-OUTBOX-OWNER-COLLISION-RISK-MATRIX.md","A ","DOCUMENTATION_ARTIFACT","903","c4e6b6e165ebf379beb186bc070f8ced7c8c4010121c3d7cf2ef2cbd223ba225"
"docs/PLACE-LIFECYCLE-OUTBOX-OWNER-COMPATIBILITY-MATRIX.md","A ","DOCUMENTATION_ARTIFACT","919","1fdf2d9cc28c85752f8b94402f02fcf732547dd7fcdd979c4cf98914e0d533c1"
"docs/PLACE-LIFECYCLE-OUTBOX-OWNER-GATES.md","A ","DOCUMENTATION_ARTIFACT","836","d2b0e57346d2e43cd9d94943581285f7cb36383f0afa35716d800afcfce6e1dc"
"docs/PLACE-LIFECYCLE-OUTBOX-OWNER-INVENTORY.md","A ","DOCUMENTATION_ARTIFACT","1045","b497ab313a9c5b68ae42e5a6d9229489183ede92d2b113ca4dc0a33d3a21366b"
"docs/PLACE-LIFECYCLE-OUTBOX-OWNER-SPECIFICATION.md","A ","DOCUMENTATION_ARTIFACT","1439","dc2e320a0b3efcde719e4af04373d4c0bec07e413bf75fd7cf8cb6311c00a437"
"docs/PLACE-LIFECYCLE-PERSISTENCE-RESULT-MATRIX.md","A ","DOCUMENTATION_ARTIFACT","842","caae331fb85b3050d1dc5c72fd2a50982d1f8cc704f2613bb2fc6e42cb16ce5c"
"docs/PLACE-LIFECYCLE-PERSISTENCE-SPECIFICATION.md","A ","DOCUMENTATION_ARTIFACT","1662","fe7f538ed7135190700984896f82d8845139bd39fa0eca640a845a30d857c59d"
"docs/PLACE-LIFECYCLE-REPLAY-ATTEMPT-IDENTITY-MATRIX.md","A ","DOCUMENTATION_ARTIFACT","1076","cb9d404ee72b8f85ea8822e63b2fa33542392f81eff37b5351584cdaceaaeb7f"
"docs/PLACE-LIFECYCLE-REPLAY-TARGET-EVIDENCE-OWNERSHIP-MATRIX.md","A ","DOCUMENTATION_ARTIFACT","1006","191c25c6161b0a8474d45472cea392e37c3d86bb3d7aa40622da27e5c0e59d45"
"docs/PLACE-LIFECYCLE-RUNTIME-BINDING-MATRIX.md","A ","DOCUMENTATION_ARTIFACT","826","329b2f724f7f27aa91b96b4e9017107426e084676f1e4888d6a3a45494e58a86"
"docs/PLACE-LIFECYCLE-RUNTIME-COMPOSITION-ANALYSIS.md","A ","DOCUMENTATION_ARTIFACT","868","5ff2877a789bab841a05085c82973604875c3d95b3a3a526e6a1796fedec54ed"
"docs/PLACE-LIFECYCLE-RUNTIME-ORCHESTRATION-RESULT-MATRIX.md","A ","DOCUMENTATION_ARTIFACT","1628","afeeda8cda2e2c320604c8bad6dc72882f89672ea21244cceeaba91eee1649e9"
"docs/PLACE-LIFECYCLE-RUNTIME-ORCHESTRATION-SPECIFICATION.md","A ","DOCUMENTATION_ARTIFACT","1651","a98c65a107995a13bfcd2efc6ec313d5a67abd5e50651e8321ed16fb1146b85c"
"docs/PLACE-LIFECYCLE-TRANSITION-EVENT-MATRIX.md","A ","DOCUMENTATION_ARTIFACT","709","9db87da72bbda565f42548563502be451448e6eb083f6caf27593d2e0f30c634"
"docs/PLACE-LIFECYCLE-WORKFLOW-DECISION-TABLE.md","A ","DOCUMENTATION_ARTIFACT","1312","7a22872741a6fd25bcd73dd2e2dbcf689d42846aadc11216d0fe43a327288e20"
"docs/PLACE-LIFECYCLE-WORKFLOW-SPECIFICATION.md","A ","DOCUMENTATION_ARTIFACT","1191","fe9ff58fa20a55dd74738c44a4b5ea49df1d89cec3f36342043791d4f5d8a36f"
"docs/PLACE-MERGE-CONTEXT-CONTRACT-MATRIX.md","A ","DOCUMENTATION_ARTIFACT","1337","991a71985a26696e3157c002da1cb7ed3b0b0673b14f3f31f87eb480fd8fb4fb"
"docs/PLACE-MERGE-CONTEXT-V1-SPECIFICATION.md","A ","DOCUMENTATION_ARTIFACT","2518","2878f4c3f3e1ec7f5b5885a18cf8b796be73aad84b2919921fdd762e4e69599a"
"docs/POSTGRESQL-OUTBOX-FOUNDATION.md","A ","DOCUMENTATION_ARTIFACT","3218","955c31832f397d92f05f11a3ab0b4e3e2e59f3f5a9155894dc3b0dd734ba4dc7"
"docs/POSTGRESQL-OUTBOX-TRANSACTION-ANALYSIS.md","A ","DOCUMENTATION_ARTIFACT","2110","d78af214e8c80c50ab6878dd7f53a327bcab27f248d20c3359bbddae6129ba2a"
"docs/PROFESSIONAL-STATUS-ATOMIC-EVENT-INTEGRATION-ANALYSIS.md","A ","DOCUMENTATION_ARTIFACT","334","5142f97d7dc4502d28079293fb4531d88b1d8027c459eb754321be07ac471062"
"docs/PROFESSIONAL-STATUS-ATOMIC-EVENT-INTEGRATION-CERTIFICATION.md","A ","DOCUMENTATION_ARTIFACT","1480","658ee9e828cc5135ad1d6a7bbb5a5227ed3f818ca2bd0abc5e29886630809432"
"docs/PROFESSIONAL-STATUS-ATOMIC-EVENT-SEQUENCE.md","A ","DOCUMENTATION_ARTIFACT","453","5451fcc6e760f4eebf101cb2a1e9eec41a9cd6ed25c5cc3e2f867f51d49f6fde"
"docs/PROFESSIONAL-STATUS-ATOMIC-EVENT-TRANSACTION-POLICY.md","A ","DOCUMENTATION_ARTIFACT","538","846b3d3bf28db35b8b49791bbf00ece710ebe011c1ffac10b43fdb67b62936ac"
"docs/PROFESSIONAL-STATUS-CONTEXT-TRANSACTION-IDEMPOTENCE-INVARIANTS.md","A ","DOCUMENTATION_ARTIFACT","733","ef7b73cd26fae2c2958e2d1e07a618d9dd8c8f0e40fd22cd2f5acfc2685a46ad"
"docs/PROFESSIONAL-STATUS-CONTEXTUAL-MIGRATION-ROLLBACK-GUIDE.md","A ","DOCUMENTATION_ARTIFACT","510","10bc9fed84b830a8a65095d95ae4e632733b825fb17992058c6f0f4c0a6c937f"
"docs/PROFESSIONAL-STATUS-CONTEXTUAL-PERSISTENCE-ANALYSIS.md","A ","DOCUMENTATION_ARTIFACT","722","1bf55fe17e1e72dcd6627ded3b0e27868bccdaa99d98b04ee4f694102216fead"
"docs/PROFESSIONAL-STATUS-CONTEXTUAL-PERSISTENCE-CERTIFICATION.md","A ","DOCUMENTATION_ARTIFACT","1061","97b15319a457cb31ce3a6feb1188e3a7b14920c5da08d00c871e46da2466e72f"
"docs/PROFESSIONAL-STATUS-CONTEXTUAL-PERSISTENCE-RESULT-MATRIX.md","A ","DOCUMENTATION_ARTIFACT","635","3073753598d6770d96314277d44c445c3e17af0e18bebe50a69986644d0d64b9"
"docs/PROFESSIONAL-STATUS-CONTEXTUAL-REPLAY-INSPECTION-SPECIFICATION.md","A ","DOCUMENTATION_ARTIFACT","727","bb0eb0c3e9147d0fdf88251fbad1b2024e8c0100e3f4afd22d459ea503e67394"
"docs/PROFESSIONAL-STATUS-CONTEXTUAL-STORE-SPECIFICATION.md","A ","DOCUMENTATION_ARTIFACT","547","fe222799f547d29eee6833d1b58f23433cc35312d815634ffea8eb6f1156cd58"
"docs/PROFESSIONAL-STATUS-CONTEXTUAL-TRANSACTION-CONCURRENCY.md","A ","DOCUMENTATION_ARTIFACT","589","0e0ead288159895291034ca5721d08e2ae4340270406efd9ab2597f2094069f6"
"docs/PROFESSIONAL-STATUS-DELIVERY-CONSUMER-SPECIFICATION.md","A ","DOCUMENTATION_ARTIFACT","387","c3f13f813e14da0c3b5a0f747cdb902e0f831d546c9be862c14e195b44bebfd3"
"docs/PROFESSIONAL-STATUS-DELIVERY-CONSUMPTION-POLICY.md","A ","DOCUMENTATION_ARTIFACT","534","5a15e4d46bf025f949c40775e24e4e637ff4df8d41e809ea06f25228f62fb037"
"docs/PROFESSIONAL-STATUS-DELIVERY-CONSUMPTION-RUNTIME-CERTIFICATION.md","A ","DOCUMENTATION_ARTIFACT","1275","e479ee1ae38ba95a02129b0be92dc099bf357fba7e571c60072bc4be3e397a41"
"docs/PROFESSIONAL-STATUS-DELIVERY-PAYLOAD-SPECIFICATION.md","A ","DOCUMENTATION_ARTIFACT","374","860a2339e894a8acaaebcb1e8b2dba34585b433ea9b7b7a89e45fbb0d74fe058"
"docs/PROFESSIONAL-STATUS-DIAGNOSTIC-MATRIX.md","A ","DOCUMENTATION_ARTIFACT","358","c76924f441643c72b226f548d4dced69412121f5b801a561e906607b09142df8"
"docs/PROFESSIONAL-STATUS-EVENT-CATALOG-SPECIFICATION.md","A ","DOCUMENTATION_ARTIFACT","404","9ce904ec95b68f281ea48cae6a3b90bdc4603bed2be229d69c21103e67c303aa"
"docs/PROFESSIONAL-STATUS-EVENT-CONTRACT-ANALYSIS.md","A ","DOCUMENTATION_ARTIFACT","419","373daa54beb7adc0ea99e1609357cb1ef357d748b32fa5cdc489f7f0060f13b2"
"docs/PROFESSIONAL-STATUS-EVENT-CONTRACT-CERTIFICATION.md","A ","DOCUMENTATION_ARTIFACT","1434","a80258996fd7903afe09dc763b92a56edeafbb4bc37c56a8938f1688cc525707"
"docs/PROFESSIONAL-STATUS-EVENT-IDENTITY-SERIALIZATION.md","A ","DOCUMENTATION_ARTIFACT","464","d03357f55410ab4d821387e9e9b1d93b1edc0597aff52c48ea6d792fa9a790e5"
"docs/PROFESSIONAL-STATUS-EVENT-PAYLOAD-V1-SPECIFICATION.md","A ","DOCUMENTATION_ARTIFACT","580","d05dfb926f56e1ba1cc3d8b408c5e335437c3723634fda223769432b11409417"
"docs/PROFESSIONAL-STATUS-EVENT-PRIVACY-POLICY.md","A ","DOCUMENTATION_ARTIFACT","408","51350dda2c79632b5ebc6c5215e155c0cf815a1e6ec6a980daf945f4902b534b"
"docs/PROFESSIONAL-STATUS-EVENT-ROUTING-ANALYSIS.md","A ","DOCUMENTATION_ARTIFACT","307","2116cdc3c22a890961b77fdbe4dd1cd53e113d15a1663077a301be648919c887"
"docs/PROFESSIONAL-STATUS-EVENT-ROUTING-CERTIFICATION.md","A ","DOCUMENTATION_ARTIFACT","1418","b59d941d15a1f3f5d5b4c93008ccab99725ac3bf5fc82cd2dad66c9089dd3262"
"docs/PROFESSIONAL-STATUS-EVENT-ROUTING-CONTRACT.md","A ","DOCUMENTATION_ARTIFACT","431","0630eb5d02b021bd555f46bb128725c759ab47bbfb2ae741d049244b90faa1eb"
"docs/PROFESSIONAL-STATUS-EVENT-ROUTING-RESULT-MATRIX.md","A ","DOCUMENTATION_ARTIFACT","414","ac7614c83a76669633245fb1022004253c1e1cf85557df12453f29edb1d50e04"
"docs/PROFESSIONAL-STATUS-EVENT-ROUTING-TRANSACTION-AND-RECOVERY.md","A ","DOCUMENTATION_ARTIFACT","513","5a1b28ed4c913b88c8a5964dcb11f2d926783848a558c9f7a3994d0571fa453a"
"docs/PROFESSIONAL-STATUS-EVENT-TRANSPORT-ANALYSIS.md","A ","DOCUMENTATION_ARTIFACT","427","e28681f62b75c366060d882beda0714ec2a492963ab3c340b81a7d38f36c4740"
"docs/PROFESSIONAL-STATUS-EVENT-TRANSPORT-CERTIFICATION.md","A ","DOCUMENTATION_ARTIFACT","1349","228a3c9592da9e87c43c9afc03c23ae5c66997753140de46a715890a89bfbdae"
"docs/PROFESSIONAL-STATUS-HTTP-CONTRACT.md","A ","DOCUMENTATION_ARTIFACT","662","a20823a98434aebf2f3d3d90f504266093f409b02e88d574cd9a77f2f986a15e"
"docs/PROFESSIONAL-STATUS-HTTP-RESULT-MATRIX.md","A ","DOCUMENTATION_ARTIFACT","358","576480bb2f5c992ec95043691a5df5ed93b0ee25ca0e69e50920207385d56458"
"docs/PROFESSIONAL-STATUS-HTTP-RUNTIME-ANALYSIS.md","A ","DOCUMENTATION_ARTIFACT","838","a15fbba262448949bb9b647c300475618d61456906c63deeb4e361dd5095bfcb"
"docs/PROFESSIONAL-STATUS-HTTP-RUNTIME-CERTIFICATION.md","A ","DOCUMENTATION_ARTIFACT","882","1adca5e11995263280fb7a43f4d2ffdacd8966466f0e9cc9f0f933e4caebdebf"
"docs/PROFESSIONAL-STATUS-INBOX-POSTGRESQL-SPECIFICATION.md","A ","DOCUMENTATION_ARTIFACT","496","771d47d3d767d8d43e9c52c2864a0130403fd02340b688e8e3f7b0e7137ec5e9"
"docs/PROFESSIONAL-STATUS-MIGRATION-ROLLBACK-GUIDE.md","A ","DOCUMENTATION_ARTIFACT","565","bc2870753f88a78802484baa5b62045b169242b44a199dfc20bbfd65927e41f9"
"docs/PROFESSIONAL-STATUS-ORCHESTRATION-RESULT-MATRIX.md","A ","DOCUMENTATION_ARTIFACT","558","cecf0dcef5b90f79aa45fef17d0a529ef25b127f4a3799810f5a459a7905a29a"
"docs/PROFESSIONAL-STATUS-ORCHESTRATION-RUNTIME-BINDING-MATRIX.md","A ","DOCUMENTATION_ARTIFACT","798","730dd5a71a16c43022ec3a05621b4cd1b3d7dbf3bd3db17800fe316956148be6"
"docs/PROFESSIONAL-STATUS-ORCHESTRATION-SEQUENCE-SPECIFICATION.md","A ","DOCUMENTATION_ARTIFACT","644","cf1668d11acbc6e4bf38ec9e1023545b98db8e4b262c7d560f0edf18c9c47ed9"
"docs/PROFESSIONAL-STATUS-OUTBOX-COMPATIBILITY-ANALYSIS.md","A ","DOCUMENTATION_ARTIFACT","263","806982990efc087e2eed01dff168162b49d35b5ec988a99bf7bbe41782caf4c5"
"docs/PROFESSIONAL-STATUS-OUTBOX-COMPATIBILITY-CERTIFICATION.md","A ","DOCUMENTATION_ARTIFACT","1392","b7ec4297bce12790e9d90f71dd0cf5f70c9d3549ebb3fcc7975086af146c8ecc"
"docs/PROFESSIONAL-STATUS-OUTBOX-MAPPING-SPECIFICATION.md","A ","DOCUMENTATION_ARTIFACT","403","917e3948787f7a4d062e37bacc27bcf25e9dc52f837cc56db282ec0fcfd849da"
"docs/PROFESSIONAL-STATUS-OUTBOX-OWNER-CERTIFICATION.md","A ","DOCUMENTATION_ARTIFACT","1327","fa2025a78e3da776bb26e0504c75f96e7f4329ba800d6c82ee07024213e3e10b"
"docs/PROFESSIONAL-STATUS-OUTBOX-OWNER-ISOLATION.md","A ","DOCUMENTATION_ARTIFACT","381","ab29553f82b0fc461daa3130e6b5a68e6c0c4228e3f26e60d080256950a7792d"
"docs/PROFESSIONAL-STATUS-OUTBOX-OWNER-SCHEMA-ANALYSIS.md","A ","DOCUMENTATION_ARTIFACT","282","a054efee9bebff16e9528e8a30c64421342b7cb6a830e400dd77b0ab62ad8ee8"
"docs/PROFESSIONAL-STATUS-OUTBOX-OWNER-SCHEMA-SPECIFICATION.md","A ","DOCUMENTATION_ARTIFACT","428","ed6b79e55fd44fdd269222fb5ee5acc26160dd340b962405369ecf0dff052c4a"
"docs/PROFESSIONAL-STATUS-PERSISTENCE-ANALYSIS.md","A ","DOCUMENTATION_ARTIFACT","625","ff955c56d874150b5ceaca22bf910d13ac5b38a547ac27c1c9c43be358119a03"
"docs/PROFESSIONAL-STATUS-PERSISTENCE-CERTIFICATION.md","A ","DOCUMENTATION_ARTIFACT","1366","c336ee6dd84f567adafb55d38bd79e2eec6b3cb852f40dd2351ea0b22e868588"
"docs/PROFESSIONAL-STATUS-PERSISTENCE-MAPPING-MATRIX.md","A ","DOCUMENTATION_ARTIFACT","547","a735f6c8272c2efdf877b37bae524ff48e2fb64150189b12892a08a5c2e8410b"
"docs/PROFESSIONAL-STATUS-PERSISTENCE-RESULT-MATRIX.md","A ","DOCUMENTATION_ARTIFACT","582","31948a15eb948db1216d5f74705378347fefb0fe9b41375380276b86c808fd1e"
"docs/PROFESSIONAL-STATUS-POSTGRESQL-SPECIFICATION.md","A ","DOCUMENTATION_ARTIFACT","648","a6782513732b1db59fbb90da6931da0b435da6092ef2c5cb51d0f2a8472bb26d"
"docs/PROFESSIONAL-STATUS-REPLAY-OUTCOME-MATRIX.md","A ","DOCUMENTATION_ARTIFACT","618","2888bf8f7f50e8b065ffe2665fe9f32d9e7d291e69d51f8e2cd83958e7b181b6"
"docs/PROFESSIONAL-STATUS-REPLAY-POLICY-AMENDMENT-CERTIFICATION.md","A ","DOCUMENTATION_ARTIFACT","800","5d77c1f756d70bd48995e698d2ac715ca903cbc644dcf46781177aaa61747f7e"
"docs/PROFESSIONAL-STATUS-REPLAY-POLICY-COMPATIBILITY-MATRIX.md","A ","DOCUMENTATION_ARTIFACT","612","f7c1a713ac3199525fd348b7f4da8bd1f2f7bfbbca185669d7b2f2bf47da2c29"
"docs/PROFESSIONAL-STATUS-REPLAY-POLICY-CONTRACT-AMENDMENT.md","A ","DOCUMENTATION_ARTIFACT","971","a3cf58a365ff6f35e7fafa79c59483b192821474794827cba959a0acfd2ca0d7"
"docs/PROFESSIONAL-STATUS-ROUTING-RUNTIME-COMPOSITION.md","A ","DOCUMENTATION_ARTIFACT","527","d2b60fe3dd664ec7b19b1e1483867a1df3b160e09eeee908ab3db8f59e43d118"
"docs/PROFESSIONAL-STATUS-ROUTING-RUNTIME-HEALTH.md","A ","DOCUMENTATION_ARTIFACT","350","cb0a1d23b5208144fce85690b97d60667c10894ee03552017611f5d8e8b04803"
"docs/PROFESSIONAL-STATUS-RUNTIME-BINDING-MATRIX.md","A ","DOCUMENTATION_ARTIFACT","622","1f7df6aeda4575a8ee9744d545152a4627264cb8d751cdc4f42c6db90f14606d"
"docs/PROFESSIONAL-STATUS-RUNTIME-BINDING-SPECIFICATION.md","A ","DOCUMENTATION_ARTIFACT","709","fb75ea953eaf22a43010c6c29559af629f8a6f0b3dde0dcc0997adf08e9a8cc1"
"docs/PROFESSIONAL-STATUS-RUNTIME-COMPOSITION-ANALYSIS.md","A ","DOCUMENTATION_ARTIFACT","1086","3b42df394d2ba7d6d44d1952104567b94b5414fc54891053580e501c5f470ad5"
"docs/PROFESSIONAL-STATUS-RUNTIME-COMPOSITION-CERTIFICATION.md","A ","DOCUMENTATION_ARTIFACT","1136","4a8fab18b93b164ec26f09761644eca5f9020affab7a5d55e8e3b99e1a6bd9f3"
"docs/PROFESSIONAL-STATUS-RUNTIME-HEALTH-EXTENSION-MATRIX.md","A ","DOCUMENTATION_ARTIFACT","571","2e51916303e71e11352a5e71357ab12485ac522cead4bb85de1f76243c1cb844"
"docs/PROFESSIONAL-STATUS-RUNTIME-ORCHESTRATION-ANALYSIS.md","A ","DOCUMENTATION_ARTIFACT","557","585e03edeedbe27a641c0e09c8b7801645d1923f853444371a75feff3a50c643"
"docs/PROFESSIONAL-STATUS-RUNTIME-ORCHESTRATION-CERTIFICATION.md","A ","DOCUMENTATION_ARTIFACT","974","2323cc982aff446c7c12faaab29d5eb0125ad0e9b0c177842c1556d415250ddb"
"docs/PROFESSIONAL-STATUS-STATE-MACHINE-SPECIFICATION.md","A ","DOCUMENTATION_ARTIFACT","543","f5f7876f0b233d1250032642483c20b34c0e5d015edfbb55b5e34b1ca388ce1e"
"docs/PROFESSIONAL-STATUS-TRANSITION-CONTEXT-CERTIFICATION.md","A ","DOCUMENTATION_ARTIFACT","973","94e353857bbe50af4a7e6018f810230d1d8917d654e645c49e5c6eb276106256"
"docs/PROFESSIONAL-STATUS-TRANSITION-CONTEXT-FOUNDATION-ANALYSIS.md","A ","DOCUMENTATION_ARTIFACT","1298","35c55a440de636bfd1c71bedd9ca77bcff192159ac1884bf60ed4bf8c21e22f2"
"docs/PROFESSIONAL-STATUS-TRANSITION-CONTEXT-SPECIFICATION.md","A ","DOCUMENTATION_ARTIFACT","699","6446ed9e9511f75a53647d613519b8c65474ec12de12e7bc08fb8c555304c2ff"
"docs/PROFESSIONAL-STATUS-TRANSITION-MATRIX.md","A ","DOCUMENTATION_ARTIFACT","479","cf8a481197d1eb2e8753fb3238699ce75e77774f2e88961c8619b0abec4a289f"
"docs/PROFESSIONAL-STATUS-TRANSPORT-ENVELOPE-SPECIFICATION.md","A ","DOCUMENTATION_ARTIFACT","452","b799a240f973470db2d5f96afd026115d98a1255945e4889f4805083f74e121f"
"docs/PROFESSIONAL-STATUS-WORKFLOW-ANALYSIS.md","A ","DOCUMENTATION_ARTIFACT","595","c29cc69899cd1d41e420a10852a2dce8c1331ae4c79966619c4e59c39ae9bafc"
"docs/PROFESSIONAL-STATUS-WORKFLOW-CERTIFICATION.md","A ","DOCUMENTATION_ARTIFACT","1140","f75932162a70963063d60de84f6a5f39b5d8bff2a2adce2eb9759834c31532df"
"docs/PROFESSIONAL-STATUS-WORKFLOW-DECISION-TABLE.md","A ","DOCUMENTATION_ARTIFACT","356","9347fe4e8b1e94162b93515c6a10b22a89125ad9ba5cc47c1d73f972064e1a23"
"docs/PROJECTION-RUNTIME-SOURCE-ANALYSIS.md","A ","DOCUMENTATION_ARTIFACT","1813","2af6961ccd6979bb13cfce5a95a5e979d5932de8100c6b7a4bd8efbec83a0c30"
"docs/PROJECTION-RUNTIME-SOURCE-ASSEMBLY.md","A ","DOCUMENTATION_ARTIFACT","714","0f77226c7b1ce4b25ecd93bffd09c1350f1781d6289b2ed3bdfce3a878e11420"
"docs/PROJECTION-RUNTIME-SOURCE-DEPENDENCY-MATRIX.md","A ","DOCUMENTATION_ARTIFACT","1199","c58719eea3862c7b49c4b2b5a132dcb32769c2763065342d0a8c9a6fe971ea8f"
"docs/PROPERTY-LIFECYCLE-ATOMIC-TRANSACTION-SPECIFICATION.md","A ","DOCUMENTATION_ARTIFACT","890","ff6ebf0e78a334f1673a9dcb3bff4ce891e6691e6470bbaef896853c92a2a634"
"docs/PROPERTY-LIFECYCLE-CONSUMER-COMPATIBILITY-SPECIFICATION.md","A ","DOCUMENTATION_ARTIFACT","673","11de2a0289bfd0937dc683debe19167e989ef4bd7cfaaf54a935ceb9c434eae4"
"docs/PROPERTY-LIFECYCLE-CONSUMER-OUTCOME-MATRIX.md","A ","DOCUMENTATION_ARTIFACT","614","ba3d391d1daf6b17c37ffb799a5c8e0896aa9908d4dd0cabff88d678799ee368"
"docs/PROPERTY-LIFECYCLE-DELIVERY-GUARANTEE-SPECIFICATION.md","A ","DOCUMENTATION_ARTIFACT","606","aa7b48bd45179e9395fc3f130c8aa08fd944855defa52a319f8860b98c2a58aa"
"docs/PROPERTY-LIFECYCLE-DELIVERY-PAYLOAD-SPECIFICATION.md","A ","DOCUMENTATION_ARTIFACT","515","3de42bf8232d42bac032dfe4d348c92ecd78c81e5a1dadcf02d22807992ae19d"
"docs/PROPERTY-LIFECYCLE-DIAGNOSTIC-MATRIX.md","A ","DOCUMENTATION_ARTIFACT","629","74084a7bce6095ec62da148d34bbcdb786a0c178038d915146ea0645a280fb67"
"docs/PROPERTY-LIFECYCLE-EVENT-CATALOG-SPECIFICATION.md","A ","DOCUMENTATION_ARTIFACT","693","37cd1da0abe6578d4aa5267dd86cb00669a6e0401fcf5369809c2469939413b2"
"docs/PROPERTY-LIFECYCLE-EVENT-INBOX-MIGRATION-AND-ROLLBACK-GUIDE.md","A ","DOCUMENTATION_ARTIFACT","559","be4f8834f916a8b3e1afbb107f764f8470226fdfbd4cf5ac9772dce8ec73fbc5"
"docs/PROPERTY-LIFECYCLE-EVENT-INTEGRATION-ANALYSIS.md","A ","DOCUMENTATION_ARTIFACT","1037","94eb7bad98471ff5da00e1567bd94d7a26ddcba3db49945bc467ac147472ab75"
"docs/PROPERTY-LIFECYCLE-EVENT-INTEGRATION-RUNTIME-BINDING-MATRIX.md","A ","DOCUMENTATION_ARTIFACT","742","13f9f78fd123c8c9ad07a060ce9f246878d1c1fca9a29aac3d089c4077277859"
"docs/PROPERTY-LIFECYCLE-EVENT-METADATA-SPECIFICATION.md","A ","DOCUMENTATION_ARTIFACT","584","0913fa49cae2ed472e05abecd36bbfa77de711259f669eb2a06240a39fea326b"
"docs/PROPERTY-LIFECYCLE-EVENT-PAYLOAD-SPECIFICATION.md","A ","DOCUMENTATION_ARTIFACT","553","118a78a5378eb5d58a04664b697b602d550f9d4d88511ec1567b02359dc88b8b"
"docs/PROPERTY-LIFECYCLE-EVENT-ROUTING-ANALYSIS.md","A ","DOCUMENTATION_ARTIFACT","686","8c26265f2c86c010f0e72a66d23f0061196d9532e472a2b14593ceecfee91864"
"docs/PROPERTY-LIFECYCLE-EVENT-ROUTING-CONTRACT.md","A ","DOCUMENTATION_ARTIFACT","576","f33758dfa5b37437455ad542148327abb2bdd93c919a355079ed2a44c57082d7"
"docs/PROPERTY-LIFECYCLE-EVENT-ROUTING-RUNTIME-BINDING-MATRIX.md","A ","DOCUMENTATION_ARTIFACT","601","a970767a59c6b18a471cc141bd66d8375392f8b2f244670446f3f0ae657c50eb"
"docs/PROPERTY-LIFECYCLE-EVENT-TRANSPORT-ANALYSIS.md","A ","DOCUMENTATION_ARTIFACT","938","7048d5b0391160018618e7c982ebb3e56c29f6dd286fc5a57b4081d061ebcc5d"
"docs/PROPERTY-LIFECYCLE-EVENT-VERSIONING-SPECIFICATION.md","A ","DOCUMENTATION_ARTIFACT","718","411305778c4b9b9b7d05db0980aeac7d0a5315d3ea1b469cdfa782f0fcf1b40e"
"docs/PROPERTY-LIFECYCLE-FAILURE-ROLLBACK-MATRIX.md","A ","DOCUMENTATION_ARTIFACT","803","f554840381ad5e8e05819bb9401494a434b41bdfbc281c411b922dad5955dc35"
"docs/PROPERTY-LIFECYCLE-HTTP-API-ERROR-CONTRACT.md","A ","DOCUMENTATION_ARTIFACT","547","df4a2cb7f7b005478d935cdb181980a825340772362980d561bc851f33464c79"
"docs/PROPERTY-LIFECYCLE-HTTP-ENDPOINT-SPECIFICATION.md","A ","DOCUMENTATION_ARTIFACT","661","f7eb0f154a638ccf59dff83f86fbe3ed551b6009cc310056f286bcd6024cda49"
"docs/PROPERTY-LIFECYCLE-HTTP-REQUEST-RESPONSE-MAPPING-MATRIX.md","A ","DOCUMENTATION_ARTIFACT","697","c4e8a156d5d4f8c460c4ad9baa45b07fd2d1e378090f6a21d9e4bb4758f500fc"
"docs/PROPERTY-LIFECYCLE-HTTP-RUNTIME-ANALYSIS.md","A ","DOCUMENTATION_ARTIFACT","709","5c1b17894a262ccb343b28c3247f0bb431b85ca86c8006a6d041873281a6d55f"
"docs/PROPERTY-LIFECYCLE-HTTP-STATUS-MATRIX.md","A ","DOCUMENTATION_ARTIFACT","549","d4e6eef8a0fcc429fcbba442b976d14c038bdb121a974883b9958f61c36d31d6"
"docs/PROPERTY-LIFECYCLE-IDENTITY-SEPARATION-SPECIFICATION.md","A ","DOCUMENTATION_ARTIFACT","682","39fb0fbfb10b10e2859a1be35d99849bfa8e3d6e631bebdf4c1c59e02fca1c41"
"docs/PROPERTY-LIFECYCLE-MIGRATION-AND-ROLLBACK-GUIDE.md","A ","DOCUMENTATION_ARTIFACT","687","81261b5e221f032746e4c4d6e3d87d9b874abf202492e29b4a5485a752d35e98"
"docs/PROPERTY-LIFECYCLE-ORCHESTRATION-RESULT-MATRIX.md","A ","DOCUMENTATION_ARTIFACT","915","52e8a8ec702ec063f0afccd8f9b8c3f6752755c01b047363867ea8a9e6a0f0ce"
"docs/PROPERTY-LIFECYCLE-ORCHESTRATOR-RUNTIME-BINDING-MATRIX.md","A ","DOCUMENTATION_ARTIFACT","506","51fa29d01f5cddd646372d4a38110688ef2930a31d51f557ebec1135384d86da"
"docs/PROPERTY-LIFECYCLE-OUTBOX-CATALOG-EXTENSION-SPECIFICATION.md","A ","DOCUMENTATION_ARTIFACT","671","56db48ff2cf2c2150124b590b511a2daf1912f752d460afd2dd807648bd1934e"
"docs/PROPERTY-LIFECYCLE-OUTBOX-COMPATIBILITY-ANALYSIS.md","A ","DOCUMENTATION_ARTIFACT","906","2f14edb814c5a50742d04a860c202d128acf3860e55138222ea29daf964adeea"
"docs/PROPERTY-LIFECYCLE-OUTBOX-MAPPER-COMPATIBILITY-SPECIFICATION.md","A ","DOCUMENTATION_ARTIFACT","614","2048c7b802dbdfad2a3881058b0980deadbf40a8a5e679e85375c835b07e5fdd"
"docs/PROPERTY-LIFECYCLE-OUTBOX-PRODUCTION-MATRIX.md","A ","DOCUMENTATION_ARTIFACT","575","f664485f73affced28039942b990a4578a26659020eeb79da21a644195bfc973"
"docs/PROPERTY-LIFECYCLE-PERSISTENCE-ANALYSIS.md","A ","DOCUMENTATION_ARTIFACT","1107","c1cf292807a9614d1f766a968f2a73627e71dd0497d941bc3bc1dfb9fd43edcf"
"docs/PROPERTY-LIFECYCLE-PERSISTENCE-MAPPING-MATRIX.md","A ","DOCUMENTATION_ARTIFACT","701","e1c4ac794ce359fd1159a4938c049d8247cfe8400647fe85ac0f4c25fcdf347b"
"docs/PROPERTY-LIFECYCLE-PERSISTENCE-RESULT-MATRIX.md","A ","DOCUMENTATION_ARTIFACT","602","39890e43a55355ef48a04cf512caf16ff9b3c8cb5e8867272d86ee92b4c6f11b"
"docs/PROPERTY-LIFECYCLE-POSTGRESQL-SPECIFICATION.md","A ","DOCUMENTATION_ARTIFACT","886","923dee1ce96530aaccce317ea4bf5cecd455c1880e29743e99985a7ea32ce275"
"docs/PROPERTY-LIFECYCLE-PRODUCTION-ROUTING-SPECIFICATION.md","A ","DOCUMENTATION_ARTIFACT","665","24299c00948b1d63dcc44ed92a274a562327010eddeb1ac2b517315cf3575999"
"docs/PROPERTY-LIFECYCLE-ROUTER-OUTCOME-MATRIX.md","A ","DOCUMENTATION_ARTIFACT","457","c86f7eecaa9118bda05985c46c8e45d9a87c7e9b3b9155a42ddefc57376ef848"
"docs/PROPERTY-LIFECYCLE-RUNTIME-BINDING-MATRIX.md","A ","DOCUMENTATION_ARTIFACT","580","2b1587de46bff5dab500fc9213ea00b00a9a978bd34ddcfd8b8414dae4ff4424"
"docs/PROPERTY-LIFECYCLE-RUNTIME-BINDING-SPECIFICATION.md","A ","DOCUMENTATION_ARTIFACT","659","547e8a1ee008b6d725c35f3a9cffef1043b923bb22cef3268c46f0ba10e6c75a"
"docs/PROPERTY-LIFECYCLE-RUNTIME-COMPOSITION-ANALYSIS.md","A ","DOCUMENTATION_ARTIFACT","1045","e626fdbdfe8f6457175c8b913f226e31c9bfa868a1623ed95b1da8f541550cfb"
"docs/PROPERTY-LIFECYCLE-RUNTIME-HEALTH-EXTENSION-MATRIX.md","A ","DOCUMENTATION_ARTIFACT","602","9a6b0717c85c317ca67cc87f32619e3cfd358aea7600074e164136e7832cb764"
"docs/PROPERTY-LIFECYCLE-RUNTIME-HTTP-SEQUENCE.md","A ","DOCUMENTATION_ARTIFACT","590","d6a0f95914efac39b3187ac5848073d5d3bc43106c7d40aa6f8de48c9e6a6e72"
"docs/PROPERTY-LIFECYCLE-RUNTIME-ORCHESTRATION-ANALYSIS.md","A ","DOCUMENTATION_ARTIFACT","1113","a1d8cd2b170f346568da3f84fe46aa68a5920bf95909a88bbad20baa73c3c9c3"
"docs/PROPERTY-LIFECYCLE-RUNTIME-ORCHESTRATION-SPECIFICATION.md","A ","DOCUMENTATION_ARTIFACT","814","17aacd5839ab25256cdcf0c5dd531c585cc1e748901faab99946bf7ef0dd7e1b"
"docs/PROPERTY-LIFECYCLE-RUNTIME-SEQUENCE.md","A ","DOCUMENTATION_ARTIFACT","939","cedb4d1e371933851d64956f84882f082aef17fcd5bf4c70d1157408a8b0eee1"
"docs/PROPERTY-LIFECYCLE-SERIALIZATION-COMPATIBILITY-MATRIX.md","A ","DOCUMENTATION_ARTIFACT","775","bed6d7dbf44cb9812f3daf3db38a69023354952b44a8b83c56266eed66414e74"
"docs/PROPERTY-LIFECYCLE-STATE-MACHINE-SPECIFICATION.md","A ","DOCUMENTATION_ARTIFACT","938","486f422bfd05f895842813bc423c15fafe47270a5ccb80ad14a288d82c541c7a"
"docs/PROPERTY-LIFECYCLE-TRANSITION-EVENT-MATRIX.md","A ","DOCUMENTATION_ARTIFACT","1251","8675a7e2f8e36cd5a354c97f0072c736f1ff7f14111a24868358a7a34652178b"
"docs/PROPERTY-LIFECYCLE-TRANSITION-MATRIX.md","A ","DOCUMENTATION_ARTIFACT","730","322d0347767cca9442fb8f26385fe265e90f8325adacc8855ba2ad5100e94dda"
"docs/PROPERTY-LIFECYCLE-TRANSPORT-SERIALIZATION-MATRIX.md","A ","DOCUMENTATION_ARTIFACT","758","7dd2e940a98f1da4204b728043876e062d4554517db50a711534e01b6195e71a"
"docs/PROPERTY-LIFECYCLE-WORKER-REGISTRATION-MATRIX.md","A ","DOCUMENTATION_ARTIFACT","597","44162cfb1891187125abd8af5d18a326205855eb4e1460b57ab7c65faf64208a"
"docs/PROPERTY-LIFECYCLE-WORKFLOW-ANALYSIS.md","A ","DOCUMENTATION_ARTIFACT","1265","53d9d2317593075c51400399d450acec8e6ce8162f45d52885b47c5ba9b4062d"
"docs/PROPERTY-LIFECYCLE-WORKFLOW-DECISION-TABLE.md","A ","DOCUMENTATION_ARTIFACT","629","fc7c2006ddf8cda01beb5a6932de6c98d197eab3c0ca68995e358545c233b027"
"docs/PROPERTY-LIFECYCLE-WORKFLOW-EVENT-SEQUENCE.md","A ","DOCUMENTATION_ARTIFACT","825","25e2b7ddfa4ba9b68e537386370dd22214f21cfcbb21e3f4118389154d755b59"
"docs/PROPERTY-LISTINGS-CARDINALITY-MATRIX.md","A ","DOCUMENTATION_ARTIFACT","514","b328207f28b371d4c0d41c049416a8f8a24a6bc604fcc44e624131ba435c91fc"
"docs/PROPERTY-LISTINGS-POSTGRESQL-STRATEGY.md","A ","DOCUMENTATION_ARTIFACT","652","13203873e34f8476f6549d4598b126d0e38f2029e13c58e8c2b7c27cea636ecf"
"docs/PROPERTY-LISTINGS-RESOLUTION.md","A ","DOCUMENTATION_ARTIFACT","792","640d6881d40de70ab526519df5dd777d8eb5f74060ba6b9bdb1197f58f66f106"
"docs/PROPERTY-LISTINGS-RESOLUTION-ANALYSIS.md","A ","DOCUMENTATION_ARTIFACT","1343","c366e7d273c6b77c9bc4606d7de0d68e4935b221da4c675963227e6888f0a958"
"docs/PUBLICATION-PIPELINE.md","A ","DOCUMENTATION_ARTIFACT","2692","86c4c54ced5bc6d682e0e5e6b1fcde5fed497f5d832c32418fc492b874a7a5aa"
"docs/PUBLICATION-PIPELINE-ANALYSIS.md","A ","DOCUMENTATION_ARTIFACT","5247","5383f08385675048b7083b917b0d664128903f0de16903c9b76623c5a4168a40"
"docs/PUBLIC-GEOGRAPHY-DURABLE-SOURCE.md","A ","DOCUMENTATION_ARTIFACT","435","458c6eb2fc53547aa02f77eb92ccb817c4e36627df2a321f858dbfee01d1e185"
"docs/PUBLIC-GEOGRAPHY-DURABLE-SOURCE-ANALYSIS.md","A ","DOCUMENTATION_ARTIFACT","813","92ae726965ba42f13eae1c3cf0e8dbd8b696023d3038e7af024df24fef6ae221"
"docs/PUBLIC-GEOGRAPHY-POSTGRESQL-STRATEGY.md","A ","DOCUMENTATION_ARTIFACT","428","9cf39e0c913d6cabffc16f2b03ac9be157f69bb5dbce36626820fd9b0b884c99"
"docs/PUBLIC-GEOGRAPHY-PROMOTION-DECISIONS.md","A ","DOCUMENTATION_ARTIFACT","522","f8eb251a7b83fd51555400f839306221336f707e8ac1b4d8ea588c828fa54aa4"
"docs/PUBLIC-GEOGRAPHY-READ-WRITE-MATRIX.md","A ","DOCUMENTATION_ARTIFACT","424","8c5b9aad2a8302c3082f57515d1ba7e342749e27e1015c37ab442a39361c2ca4"
"docs/PUBLIC-GEOGRAPHY-REVISION-ANALYSIS.md","A ","DOCUMENTATION_ARTIFACT","1365","225c9356b8f1ec968e73044e7d7d6aa8561dcf18e79b5cd3d39c60e04ed49525"
"docs/PUBLIC-GEOGRAPHY-REVISION-STRATEGY.md","A ","DOCUMENTATION_ARTIFACT","1405","2363bc42cd0db20bd028332b21fc259f16553f33221cef1133cd067a152bcf39"
"docs/PUBLIC-LISTING-PROJECTION-RUNTIME-SOURCE.md","A ","DOCUMENTATION_ARTIFACT","1017","65a95e09a600559bbd2c423386bffc1b5b5bc5f7f62d387d6ebfbd413be38537"
"docs/PUBLIC-LISTING-QUERY-PRODUCTION-ANALYSIS.md","A ","DOCUMENTATION_ARTIFACT","10321","ee8581c44b12373cf04de9bb42c9e0e242c6fd39405a4328316b4dc6d4894079"
"docs/PUBLIC-LISTING-QUERY-PRODUCTION-PLAN.md","A ","DOCUMENTATION_ARTIFACT","5191","a26b1a05a2f01f0f64364238825079c4200d5102a55e64c47bc90715cacf60a0"
"docs/PUBLIC-LISTING-READ-MODEL.md","A ","DOCUMENTATION_ARTIFACT","2155","f298cf2cca22964db7c5cb5925af588d5ce193137a1b0428c07c7f1b39a50bfb"
"docs/PUBLIC-LISTING-READ-MODEL-ANALYSIS.md","A ","DOCUMENTATION_ARTIFACT","2964","059d8c8d6db6f67ecdb16439c00168f86be9c11eb95c5e6ff8a26b35230239bb"
"docs/PUBLIC-MEDIA-DURABLE-SOURCE.md","A ","DOCUMENTATION_ARTIFACT","1217","4dfe821a2e69de12b361d7f7bb67eab4d67f9545032f3c5faee0deb03ee11f9d"
"docs/PUBLIC-MEDIA-DURABLE-SOURCE-ANALYSIS.md","A ","DOCUMENTATION_ARTIFACT","1750","cf08033fb071f7bf9db9bd94398ce1f61708c320a57d2c5e8dce2cdbb6b3e291"
"docs/PUBLIC-MEDIA-POSTGRESQL-STRATEGY.md","A ","DOCUMENTATION_ARTIFACT","1288","a59276600304a7444188fb657036a181db14ff27b9596697a63154124c9b8ddd"
"docs/PUBLIC-MEDIA-PROMOTION-DECISIONS.md","A ","DOCUMENTATION_ARTIFACT","533","477beacf9da87bd69af1b19b7900d7a60a3355ba0e3bac4b10e3bc3a894f4738"
"docs/PUBLIC-MEDIA-READ-WRITE-MATRIX.md","A ","DOCUMENTATION_ARTIFACT","866","473e445b6a0f261a93eb4469e4d22657ade51a2e9d18672f969fe885fea750e8"
"docs/PUBLIC-MEDIA-REVISION-ANALYSIS.md","A ","DOCUMENTATION_ARTIFACT","1144","73b1aff643113d9937eac14f8cff2edc24807d57c85462fe9e9c259e7b7d2032"
"docs/PUBLIC-MEDIA-REVISION-STRATEGY.md","A ","DOCUMENTATION_ARTIFACT","1135","b134227f58c20d8db5cbf00251dae4a0fe07f9e84fd115f146e05733428b540e"
"docs/PUBLIC-PAGE-ADAPTER.md","A ","DOCUMENTATION_ARTIFACT","1921","64af7385d5e3d38c682b18927f5c709ffab0c73b131086829f34c0cd36932015"
"docs/PUBLIC-PAGE-ADAPTER-ANALYSIS.md","A ","DOCUMENTATION_ARTIFACT","4269","bc941f70e7932e30c85400ba5ae5b22390bd0302282cb9628f5a8779aff5351e"
"docs/PUBLIC-PROJECTION-DELIVERY-CONTRACT.md","A ","DOCUMENTATION_ARTIFACT","4626","4577812a0c0dc3ca11ddf5660afe9f48425e152e967b1cad4958f995639337eb"
"docs/PUBLIC-PROJECTION-DELIVERY-CONTRACT-ANALYSIS.md","A ","DOCUMENTATION_ARTIFACT","2986","9fde100482ec5e455d14365f788876ed2901f2487c28fa4ad855b4466e348617"
"docs/PUBLIC-PROJECTION-DELIVERY-DURABILITY-ANALYSIS.md","A ","DOCUMENTATION_ARTIFACT","11414","965bbd83c2cbeafdd630c68570d12ac495a68840ef1326ef89db6c2370cc08a6"
"docs/PUBLIC-PROJECTION-DELIVERY-ROADMAP.md","A ","DOCUMENTATION_ARTIFACT","8038","fc568bc13cca82cab0e775e6a8e7cdef96592c0d6e804da222c32bdab791bd32"
"docs/PUBLIC-PROJECTION-END-TO-END-RUNTIME-SEQUENCE.md","A ","DOCUMENTATION_ARTIFACT","1049","2a83467a8ac79d861e2abf47011c29d5d39e06f00fdca169c8468e4710cdf053"
"docs/PUBLIC-PROJECTION-GENERATION-STRATEGY.md","A ","DOCUMENTATION_ARTIFACT","1049","e3839632f4c79a4c85a6a9645d600f04bd29bdf2ebc9b2a6257b6a26a6ce42f4"
"docs/PUBLIC-PROJECTION-OUTBOX-CONTRACT.md","A ","DOCUMENTATION_ARTIFACT","4059","3586e182e1ac23a52fc6710dec40297e388a4158b84610cd1ffb095c17581cbb"
"docs/PUBLIC-PROJECTION-POSTGRESQL-ANALYSIS.md","A ","DOCUMENTATION_ARTIFACT","1462","a4752f99fdea50b476316d804a3c3f7d4a5f6b02eb7bf9ff99913b3fece55c94"
"docs/PUBLIC-PROJECTION-POSTGRESQL-STORE.md","A ","DOCUMENTATION_ARTIFACT","1207","b635ca96adacfb9ff3fe457ec9376d56f56888086710e6c20c1071ce1014e225"
"docs/PUBLIC-PROJECTION-POSTGRESQL-STRATEGY.md","A ","DOCUMENTATION_ARTIFACT","659","8331369f6f5c6a889fcb60f285e9e88cd604c7f8e819ca7d60b8f687ec66e351"
"docs/PUBLIC-PROJECTION-REBUILD-ANALYSIS.md","A ","DOCUMENTATION_ARTIFACT","1761","6d24221899c1259d582ca5279151e38a1cf7197d41b629711d89a4b8dd348084"
"docs/PUBLIC-PROJECTION-REBUILD-AND-GENERATIONS.md","A ","DOCUMENTATION_ARTIFACT","1460","0f10a20f916723be1e501c55cae85b4d11455b61bda9aa21fcb227622a18bed8"
"docs/PUBLIC-PROJECTION-RECONCILIATION-ANALYSIS.md","A ","DOCUMENTATION_ARTIFACT","1284","7ac4619f5f70ed637fa446d98b4189d25cae37c6549c018bf093f4fb3bfa0d55"
"docs/PUBLIC-PROJECTION-RECONCILIATION-AND-REPLAY.md","A ","DOCUMENTATION_ARTIFACT","1736","23f767f22c67d21beef3a204cc18719c2160b6208d2c6b7f3db15977cd9295bb"
"docs/PUBLIC-PROJECTION-RETRY-ANALYSIS.md","A ","DOCUMENTATION_ARTIFACT","1442","58875d92e1f5889973f2c5ef4af2edc9b3b339437271989a0243473989c9b6c1"
"docs/PUBLIC-PROJECTION-RETRY-AND-QUARANTINE.md","A ","DOCUMENTATION_ARTIFACT","2296","ff3c4ec4a514b607d37b971ceab8e94306a5f4dcbb178df1591b77cd18823909"
"docs/PUBLIC-PROJECTION-ROUTED-DELIVERY-BOUNDARY-V1.md","A ","DOCUMENTATION_ARTIFACT","2078","9ccc7ade5ee5f2e08318b65eb4811396cb56fb3cc015f7c448d26ab9efdc711c"
"docs/PUBLIC-PROJECTION-ROUTED-DELIVERY-COMPATIBILITY-MATRIX.md","A ","DOCUMENTATION_ARTIFACT","1893","f33c0339ef9d2928877d7391d5a25ac1f86dc79b05623cb4567e9c668ecb0863"
"docs/PUBLIC-PROJECTION-RUNTIME-CERTIFICATION.md","A ","DOCUMENTATION_ARTIFACT","1447","6df1bb999493504eaf5c4cd5fed032d45d3f33fa66ad6f3ec60149ae6cfba635"
"docs/PUBLIC-PROJECTION-RUNTIME-CERTIFICATION-ANALYSIS.md","A ","DOCUMENTATION_ARTIFACT","1362","3e977328535e16b4f76bb169cc00f2c03ace606760431cf880a198365714bf0a"
"docs/PUBLIC-PROJECTION-RUNTIME-CERTIFICATION-REPORT.md","A ","DOCUMENTATION_ARTIFACT","1153","55a5b05de152dd51b6a3c6a00f4265f00e05e0070bc01d1b0962c2cf48f7c7a1"
"docs/PUBLIC-PROJECTION-RUNTIME-CERTIFICATION-RESULT-MATRIX.md","A ","DOCUMENTATION_ARTIFACT","873","9a8c8316148af6cf7542a595159d0ee2e301fa607a182e29f1b91ee3435bf33e"
"docs/PUBLIC-PROJECTION-RUNTIME-CERTIFICATION-SPECIFICATION.md","A ","DOCUMENTATION_ARTIFACT","1061","722112baa1492e91d1ef0140bd08c5a241c698d512952276ed3e4a41bb87631e"
"docs/PUBLIC-PROJECTION-SOURCE-LOOKUP.md","A ","DOCUMENTATION_ARTIFACT","583","ef2aa53fed651f7a40ad2024666fd8ae2b358bf3e551f3bc25c537548e52b552"
"docs/PUBLIC-PROJECTION-SOURCE-LOOKUP-ANALYSIS.md","A ","DOCUMENTATION_ARTIFACT","838","0a9392fcbcdae2350d3e4c5b479a32921daeb145d8f50507ed9450944b24cba4"
"docs/PUBLIC-PROJECTION-SOURCE-LOOKUP-READINESS-MATRIX.md","A ","DOCUMENTATION_ARTIFACT","673","e856334e860585d3e36d7fb31a54d807c3430f162156b08531da353ea63323c4"
"docs/PUBLIC-PROJECTION-STORE-CONTRACT.md","A ","DOCUMENTATION_ARTIFACT","6890","a7e8e8b239c5781fef08a65059549f9ee615c5ec982ce90a45c2c5c1f52ab516"
"docs/PUBLIC-PROJECTION-STORE-ROADMAP.md","A ","DOCUMENTATION_ARTIFACT","8694","d5f8d83e7f1f4c3dfd3bb79befdddf76d2d68125909bf2f04c2ffa07cf79d285"
"docs/PUBLIC-PROJECTION-UPDATER.md","A ","DOCUMENTATION_ARTIFACT","3488","e290b0ba4e94c6ea819c5368631b644d672344ffc4e5128a49219af8b3e7ebaa"
"docs/PUBLIC-PROJECTION-UPDATER-INTEGRATION.md","A ","DOCUMENTATION_ARTIFACT","2037","6ef92df9127e3b64b2fe760db1234a2dda4c854498ac00ab38e94f3c44371130"
"docs/PUBLIC-PROJECTION-UPDATER-INTEGRATION-ANALYSIS.md","A ","DOCUMENTATION_ARTIFACT","1481","cab9e82bf6b8dc6d9ec6d655edecd011736c4980058cc2d1aca040c0c7a30b0f"
"docs/PUBLIC-PROJECTION-WORKER-ANALYSIS.md","A ","DOCUMENTATION_ARTIFACT","2086","e389920edb81a0e52f32e975327dea720d6bf5d509d2ea6980bc3aca71c1fb0e"
"docs/PUBLIC-PROJECTION-WORKER-FOUNDATION.md","A ","DOCUMENTATION_ARTIFACT","2898","c47e302fc5cd0195a9905ea6a7f3c36478820f928715f1ae23ffb34ebaee5862"
"docs/PUBLIC-WEB-ADAPTER.md","A ","DOCUMENTATION_ARTIFACT","3097","3a0e516d75cf9ba960736d20a2e0200f768eacaf3b1c664760a05a49acd3312a"
"docs/PUBLIC-WEB-ADAPTER-ANALYSIS.md","A ","DOCUMENTATION_ARTIFACT","4068","68c85a01874c16f4645b37e458dcc2d81d9d2edbdbfbb25e1a7844131d2de463"
"docs/PUBLIC-WEB-DELIVERY-CONTRACT.md","A ","DOCUMENTATION_ARTIFACT","3229","0da31843634cda96ce64641623c7a9d5eeb898eb4b1d4a1b701a2bd37a3446a0"
"docs/PUBLIC-WEB-DELIVERY-CONTRACT-ANALYSIS.md","A ","DOCUMENTATION_ARTIFACT","3591","e18726ecdf1e3dcbad4e8e1b653d217c2e9e24df06712be1ec917595649b007e"
"docs/REBUILD-RUNTIME-CANDIDATE-FACTORY.md","A ","DOCUMENTATION_ARTIFACT","642","c5b3c17126fef93ed14a27fd1041fc7cae7ecdb65eb75acf2e0506f4840d2a13"
"docs/REBUILD-RUNTIME-CHECKPOINT-STRATEGY.md","A ","DOCUMENTATION_ARTIFACT","587","45a24915935f8ba0c0b429f86d6c4a5bbd06b9a13d3b90bb657e608444c00bfb"
"docs/REBUILD-RUNTIME-ENUMERATOR.md","A ","DOCUMENTATION_ARTIFACT","762","210cc1b2b78aa404cad8d68200f21d5d0de6e4e368180c304358703facf01484"
"docs/REBUILD-RUNTIME-SCOPE-RESULT-MATRIX.md","A ","DOCUMENTATION_ARTIFACT","776","3c53ce09aaa4efcbcbb9b855842d309b9480d3704a72569c2492cb2212d83d10"
"docs/REBUILD-RUNTIME-SOURCES-ANALYSIS.md","A ","DOCUMENTATION_ARTIFACT","1530","a66f27a73bdd45d360f057db2cf73088dadce1f2a07e169ecc92e126d7f7eb1f"
"docs/REPOSITORY-TRANSACTION-BINDING-MATRIX.md","A ","DOCUMENTATION_ARTIFACT","922","29173b1c5e42ffdca6279cbc065460f4a6994e03df4695c0e01ff30db455c836"
"docs/RESERVATION-LIFECYCLE-ATOMIC-EVENT-INTEGRATION-ANALYSIS.md","A ","DOCUMENTATION_ARTIFACT","999","d950d0df4ab6314939d5e2b978cc08721bee36cbf963ec6fb7cce8a159d94c78"
"docs/RESERVATION-LIFECYCLE-ATOMIC-INTEGRATION-SEQUENCE.md","A ","DOCUMENTATION_ARTIFACT","674","573e3525ed03b2e347058522323752f2e699545b534d348d062b475b3e1fa2a0"
"docs/RESERVATION-LIFECYCLE-ATOMIC-ROLLBACK-MATRIX.md","A ","DOCUMENTATION_ARTIFACT","752","3cd08c37c6d3df350b41818c5f86a7cd032664199b14b733bcf2ac616d84bc7f"
"docs/RESERVATION-LIFECYCLE-ATOMIC-TRANSACTION-SPECIFICATION.md","A ","DOCUMENTATION_ARTIFACT","847","a6c13f6dc0f9c7a20927f82692372be794bd08612e67feecf9787cf6f2f082c7"
"docs/RESERVATION-LIFECYCLE-DELIVERY-CONSUMER-SPECIFICATION.md","A ","DOCUMENTATION_ARTIFACT","703","214b16c8d093f38c34654862f05816487897e681360a1fcb1e7c171d3f92b2c2"
"docs/RESERVATION-LIFECYCLE-DELIVERY-CONSUMPTION-MATRIX.md","A ","DOCUMENTATION_ARTIFACT","1033","ac0b004238b4d8e81e593b3a6171e66b9cd1ff124e5fa511565cf48d65b547f7"
"docs/RESERVATION-LIFECYCLE-DELIVERY-CONSUMPTION-RUNTIME-AMENDMENT-ANALYSIS.md","A ","DOCUMENTATION_ARTIFACT","1348","b330eb97df95b6aab80c317779419ea44b691615bb1388db7552996af5bf91ae"
"docs/RESERVATION-LIFECYCLE-DELIVERY-PAYLOAD-SPECIFICATION.md","A ","DOCUMENTATION_ARTIFACT","968","1dbc07f2720bb1f86146881fde3c203df76901b2be51a4d2d975524fe31ae459"
"docs/RESERVATION-LIFECYCLE-DIAGNOSTIC-MATRIX.md","A ","DOCUMENTATION_ARTIFACT","585","890f1cfb1d9ef4745bd91454e20683933bbaf16d001795633a666ee477d17040"
"docs/RESERVATION-LIFECYCLE-EVENT-CATALOG-SPECIFICATION.md","A ","DOCUMENTATION_ARTIFACT","1469","68f18a716ed4fdb67fb0aa877e1801ff955e6924685b5d8e147cc1b6ebad1492"
"docs/RESERVATION-LIFECYCLE-EVENT-CONTRACT-ANALYSIS.md","A ","DOCUMENTATION_ARTIFACT","1523","66a48060f3d4e0a8d226d10bc9f7cea572367fc8f5ee1950e93170c7a2f13c13"
"docs/RESERVATION-LIFECYCLE-EVENT-PAYLOAD-V1-SPECIFICATION.md","A ","DOCUMENTATION_ARTIFACT","1409","4645994e163fb6b5e1caf30c7f4b2180c4d9f1e0ff792e0a381b292d021da409"
"docs/RESERVATION-LIFECYCLE-EVENT-PRODUCTION-MATRIX.md","A ","DOCUMENTATION_ARTIFACT","1110","5c21a212c42fe1f5051338dd3979dac3ab34e2fb89dcf6fb2e8554502cb41f00"
"docs/RESERVATION-LIFECYCLE-EVENT-ROUTING-ANALYSIS.md","A ","DOCUMENTATION_ARTIFACT","1561","1258f1759380e0ce56f0157c86e993f5f6fcf8313029d30eea46c722324f3fa4"
"docs/RESERVATION-LIFECYCLE-EVENT-SERIALIZATION-SPECIFICATION.md","A ","DOCUMENTATION_ARTIFACT","950","8293144c86031855832b84169246697c1c0e6a68066aa8fa5edd3681b7f3ccda"
"docs/RESERVATION-LIFECYCLE-EVENT-TRANSPORT-ANALYSIS.md","A ","DOCUMENTATION_ARTIFACT","1402","d2e995da1f6b7525e220f2c6c115b588e607eb1164c9a37002002b03850124c9"
"docs/RESERVATION-LIFECYCLE-EVENT-TRANSPORT-COMPATIBILITY-MATRIX.md","A ","DOCUMENTATION_ARTIFACT","1801","6b3295e2ce2ba061d91b93a596195e9fd59379e699e8098e60cd8a45a388a9b4"
"docs/RESERVATION-LIFECYCLE-HTTP-ENDPOINT-SPECIFICATION.md","A ","DOCUMENTATION_ARTIFACT","527","fbc24525fc9fe89db34081fbb2ccf430ef4ffc67b53a1a864cfb32f2da90e64e"
"docs/RESERVATION-LIFECYCLE-HTTP-REQUEST-VALIDATION-SPECIFICATION.md","A ","DOCUMENTATION_ARTIFACT","586","a0a03ac96e6c1080348df35575eccccbc10d521e1568b20b8b973f7d89f447be"
"docs/RESERVATION-LIFECYCLE-HTTP-RESULT-MAPPING-MATRIX.md","A ","DOCUMENTATION_ARTIFACT","434","49614f67bfd9f8dcfda0b637e3fac0f6fabb5fbb728c163c87098d67b5ba5dfb"
"docs/RESERVATION-LIFECYCLE-HTTP-RUNTIME-ANALYSIS.md","A ","DOCUMENTATION_ARTIFACT","745","674bdbe42211e8c686422a7b9d02ad3998858a3662b55e119a79d180e196d44f"
"docs/RESERVATION-LIFECYCLE-HTTP-RUNTIME-SEQUENCE.md","A ","DOCUMENTATION_ARTIFACT","482","e0aee8bcf3e723da557354641bf1e9bd463989dab02d3828b839d5d030fed213"
"docs/RESERVATION-LIFECYCLE-INBOX-MIGRATION-AND-ROLLBACK-GUIDE.md","A ","DOCUMENTATION_ARTIFACT","1064","9059b38675008bc027a92e5bbb3f2acc68850bf26b054fb66f329b4f282f4324"
"docs/RESERVATION-LIFECYCLE-INBOX-POSTGRESQL-SPECIFICATION.md","A ","DOCUMENTATION_ARTIFACT","1108","06f41e8238b7ed9cba6cf62cf580af7616b3eac80d7baed6156ae62e6f17e15a"
"docs/RESERVATION-LIFECYCLE-MIGRATION-AND-ROLLBACK-GUIDE.md","A ","DOCUMENTATION_ARTIFACT","633","8f374c3a4e5646da9486fe55b9503edad61a7fb8e3f67bc223b4b0ba8911d288"
"docs/RESERVATION-LIFECYCLE-ORCHESTRATION-DEPENDENCY-GRAPH.md","A ","DOCUMENTATION_ARTIFACT","701","32747343f8b9bcecbe72ce2873194b8cd1a2ad9847e41a72dab99b11cb703579"
"docs/RESERVATION-LIFECYCLE-ORCHESTRATION-RESULT-MATRIX.md","A ","DOCUMENTATION_ARTIFACT","719","b5879f10e9622ff8c5a64f13de746f9f6ff3c50f89f8e58cfcdefee0779a18b5"
"docs/RESERVATION-LIFECYCLE-ORCHESTRATION-SEQUENCE-SPECIFICATION.md","A ","DOCUMENTATION_ARTIFACT","710","192a8ddbf9a1f70f5a3a190b1f7f41cfbc897c72a67c726d9e81f10d685d3739"
"docs/RESERVATION-LIFECYCLE-OUTBOX-ADDITIVE-MIGRATION-SPECIFICATION.md","A ","DOCUMENTATION_ARTIFACT","948","5948d2de1b13ce8f80d1039e529d8ca0cfdc2024069ef1b02766cb6091c20dac"
"docs/RESERVATION-LIFECYCLE-OUTBOX-COMPATIBILITY-ANALYSIS.md","A ","DOCUMENTATION_ARTIFACT","752","d75a65d811ba3b1acd070322b32736e6e21d091792da706dc0d7d1a9d08aedd2"
"docs/RESERVATION-LIFECYCLE-OUTBOX-COMPATIBILITY-SPECIFICATION.md","A ","DOCUMENTATION_ARTIFACT","708","de3607645e2fe88b7a6c6e8714dc1cb0be8aa76bc83b38a1ee5376887e72bc51"
"docs/RESERVATION-LIFECYCLE-OUTBOX-OWNER-ISOLATION-MATRIX.md","A ","DOCUMENTATION_ARTIFACT","693","ab761aa7acfadd1227181d6f2990cb2de0b59b196eded082ac5e3d8a9f9a94de"
"docs/RESERVATION-LIFECYCLE-OUTBOX-OWNER-MIGRATION-ROLLBACK-GUIDE.md","A ","DOCUMENTATION_ARTIFACT","914","5895560828cdd469af9c9b2e6fb9879232e07c890154e7a6561e2ac8db22fac3"
"docs/RESERVATION-LIFECYCLE-OUTBOX-OWNER-SCHEMA-ANALYSIS.md","A ","DOCUMENTATION_ARTIFACT","1219","cf38b3fe9b6cc241bd6b52ddf30efd3bfb4c15d7eee1d6dd8582defcac88c941"
"docs/RESERVATION-LIFECYCLE-OUTBOX-OWNER-SCHEMA-RESOLUTION-SPECIFICATION.md","A ","DOCUMENTATION_ARTIFACT","798","9f1d154f4210b03967fcb87281e677687a465c106f151afbd740d8bd5282370e"
"docs/RESERVATION-LIFECYCLE-OUTBOX-WRITER-READER-COMPATIBILITY-MATRIX.md","A ","DOCUMENTATION_ARTIFACT","937","3f825cb5a4c300d28c875d68994321d2748d935bed85fa5236bf092fbffceb55"
"docs/RESERVATION-LIFECYCLE-PERSISTENCE-ANALYSIS.md","A ","DOCUMENTATION_ARTIFACT","998","d23c37a74dc1c3ea6163685e399b358b10a51f84f471ff95895ca6c324650c1d"
"docs/RESERVATION-LIFECYCLE-PERSISTENCE-MAPPING-MATRIX.md","A ","DOCUMENTATION_ARTIFACT","721","3e8310ba42499bd162c5a015e893ae7feb01cd5b7e76b583aa10b9da3d6e3183"
"docs/RESERVATION-LIFECYCLE-PERSISTENCE-RESULT-MATRIX.md","A ","DOCUMENTATION_ARTIFACT","664","92fd46e6f2080f897801c098ed7ca2dd861e39e8fcdb4b7af7394c51014ade36"
"docs/RESERVATION-LIFECYCLE-POSTGRESQL-SPECIFICATION.md","A ","DOCUMENTATION_ARTIFACT","922","fe467fe82403c44528003b539a51fd860374d82ff4e1e0098152f0528fa08ad7"
"docs/RESERVATION-LIFECYCLE-ROUTER-PORT-AMENDMENT-SPECIFICATION.md","A ","DOCUMENTATION_ARTIFACT","690","e5327460464f93c2bc5f583ded87b9b166d8bf91b8e74edd3b5ae25ad3129678"
"docs/RESERVATION-LIFECYCLE-ROUTING-CONTRACT-COMPATIBILITY-MATRIX.md","A ","DOCUMENTATION_ARTIFACT","989","51c657ff92428bd77c52297f8debf9ea5ad0f36ec362b5658d70c7a22e43d6f3"
"docs/RESERVATION-LIFECYCLE-ROUTING-OUTCOME-CONTRACT-AMENDMENT-ANALYSIS.md","A ","DOCUMENTATION_ARTIFACT","1371","4bc43efe279aa8053bcfc1a5f1e9daab17a119c0061f47065f959fab73c726fa"
"docs/RESERVATION-LIFECYCLE-ROUTING-RESULT-MATRIX.md","A ","DOCUMENTATION_ARTIFACT","859","4a7535e17132a04eda37a0425764a1489515290d0ad2892061fc61b6e33dd4fa"
"docs/RESERVATION-LIFECYCLE-ROUTING-RESULT-SPECIFICATION.md","A ","DOCUMENTATION_ARTIFACT","881","0af45cf8a988e23630956d0a94102074c2a957e2108664e98dda01d6e9565f00"
"docs/RESERVATION-LIFECYCLE-ROUTING-RUNTIME-BINDING-SPECIFICATION.md","A ","DOCUMENTATION_ARTIFACT","1011","530b92c4e27528555e5c3d30614ab7176232f17b36df85feb69083a42d2f61b5"
"docs/RESERVATION-LIFECYCLE-ROUTING-RUNTIME-HEALTH-DECISION.md","A ","DOCUMENTATION_ARTIFACT","1077","858b067bb30044f2dd91c38ac7e1f7ea3b07caaf7d6cd502f9934ed7dbd1d436"
"docs/RESERVATION-LIFECYCLE-ROUTING-SEQUENCE-SPECIFICATION.md","A ","DOCUMENTATION_ARTIFACT","1070","0aa898ec1d232299dc8b9bb11f3664e5d4a84a2f907ef4483cc520dea0df008d"
"docs/RESERVATION-LIFECYCLE-RUNTIME-BINDING-MATRIX.md","A ","DOCUMENTATION_ARTIFACT","714","8dce020e9375db9733c419622585ab3acb9e8783c3a1ef67e82fbdd8d4da3673"
"docs/RESERVATION-LIFECYCLE-RUNTIME-BINDING-SPECIFICATION.md","A ","DOCUMENTATION_ARTIFACT","619","4daecbfb6189a15395b7f79710c61f4af712412d96d9d3094e8e6ff15780177b"
"docs/RESERVATION-LIFECYCLE-RUNTIME-COMPOSITION-ANALYSIS.md","A ","DOCUMENTATION_ARTIFACT","748","d432fce838e9556c11e6595a2cade3853bb569403181b20a4f121c3cea5de8c4"
"docs/RESERVATION-LIFECYCLE-RUNTIME-HEALTH-EXTENSION-MATRIX.md","A ","DOCUMENTATION_ARTIFACT","569","df4d04ff6682753c41271d214f6624d62bfc1e7e9b741683ad155d3e24e8793d"
"docs/RESERVATION-LIFECYCLE-RUNTIME-ORCHESTRATION-ANALYSIS.md","A ","DOCUMENTATION_ARTIFACT","939","cdac4d3405ad3645cb04e2359273b4ece132ae4dad31a3ab33eca6556f7fbb2d"
"docs/RESERVATION-LIFECYCLE-STATE-MACHINE-SPECIFICATION.md","A ","DOCUMENTATION_ARTIFACT","986","8eb788119c0d6043c3f12682f6d295a21b3ad346bb574b27e17ea17a841deea3"
"docs/RESERVATION-LIFECYCLE-TRANSITION-MATRIX.md","A ","DOCUMENTATION_ARTIFACT","707","43a3273b66189c1fd006b2ce11cc34de380aa23f4833fae58048e24a096c663e"
"docs/RESERVATION-LIFECYCLE-TRANSITION-TO-EVENT-MATRIX.md","A ","DOCUMENTATION_ARTIFACT","1217","cfc6a188868ee7b238baeb2d2f8e37dbd449aae0f432eaf46b4a0f5e167c16e4"
"docs/RESERVATION-LIFECYCLE-TRANSPORT-ENVELOPE-SPECIFICATION.md","A ","DOCUMENTATION_ARTIFACT","932","21097ba81612eda433593e605278d03588fd69f958671ad268e1439b482cc3e0"
"docs/RESERVATION-LIFECYCLE-TRANSPORT-RESTORATION-MATRIX.md","A ","DOCUMENTATION_ARTIFACT","877","0fa8726192999debdddf67b88cc4bd94ed42a4b6755a3f52bd1adb36f42fb878"
"docs/RESERVATION-LIFECYCLE-TRANSPORT-SERIALIZATION-SPECIFICATION.md","A ","DOCUMENTATION_ARTIFACT","899","fbf8cf0f035d40bac35c49142651060b24dbdd9665e1bc35c788bb06f4200882"
"docs/RESERVATION-LIFECYCLE-WORKER-REGISTRATION-MATRIX.md","A ","DOCUMENTATION_ARTIFACT","623","df59c59eff8b6b3f908a70f80f2544950c18c07b214324e19d0c791e3c11d1fd"
"docs/RESERVATION-LIFECYCLE-WORKFLOW-ANALYSIS.md","A ","DOCUMENTATION_ARTIFACT","1178","4d884f57430b5b66dbf0244e6f8e4a7f317c68580f92c08bcabf78868700cebb"
"docs/RESERVATION-LIFECYCLE-WORKFLOW-DECISION-TABLE.md","A ","DOCUMENTATION_ARTIFACT","986","a8a8238553d30931cbd2bd1212574c958054c54619992a210daed62431b2721e"
"docs/RUNTIME-BINDING-MATRIX.md","A ","DOCUMENTATION_ARTIFACT","1434","03e2b8e5b031c2e1a94623ec6bf474762e894ee30bc90610ae1c1f1f38a44581"
"docs/RUNTIME-HEALTH-ANALYSIS.md","A ","DOCUMENTATION_ARTIFACT","828","17bcd5663b122dbb6a23c0646d6faf8f79d1c3921310240804c5fb652849d8ee"
"docs/RUNTIME-HEALTH-RESULT-MATRIX.md","A ","DOCUMENTATION_ARTIFACT","551","f4f68687a08be1e5224bdaddc89fd337e3b47e13007767070bc6ebbbc26792c5"
"docs/RUNTIME-HEALTH-SPECIFICATION.md","A ","DOCUMENTATION_ARTIFACT","813","839121ba082c39a1436fc297202a4989ebc47dd5dd3c20b8d9e011f335866f11"
"docs/SEARCH-DECISION-POSTGRESQL-STRATEGY.md","A ","DOCUMENTATION_ARTIFACT","955","bb8a324c8ac555d04df537ee2ab0b08db60d942f9c88ef0ef65209fdb8fd876f"
"docs/SEARCH-DECISION-READ-ANALYSIS.md","A ","DOCUMENTATION_ARTIFACT","1483","77fcd8d777c3333c82c573a875ddefc868fe501fcb08794206ffbaeb39498199"
"docs/SEARCH-DECISION-READER.md","A ","DOCUMENTATION_ARTIFACT","990","c890727dbe457f2d95bf46090d2cf11486b798aa6ae172f03c0675069ee564d2"
"docs/SEARCH-DECISION-READ-STATE-MATRIX.md","A ","DOCUMENTATION_ARTIFACT","640","ba53275ed55a9b287bc360ca26bba20d738f4ce3c8c8818a3bbe1ab72444f621"
"docs/SEARCH-PROJECTION.md","A ","DOCUMENTATION_ARTIFACT","2124","7721c5ee91cfc94cf724e85ff73ec484a5461776aaaf4a9aedd423caf6a54182"
"docs/SEARCH-PROJECTION-ANALYSIS.md","A ","DOCUMENTATION_ARTIFACT","4413","44198306b925b66a45b493a0b7d14d261ebd27b002397b3e22fb469260e469e9"
"docs/SEO-LISTING-PROJECTION.md","A ","DOCUMENTATION_ARTIFACT","1998","85101cf44c0f5ba5af2deae967c81c1ae8297e3de72e38eee79e321b19c51c7a"
"docs/SEO-LISTING-PROJECTION-ANALYSIS.md","A ","DOCUMENTATION_ARTIFACT","2912","4b1518fadd9884408bd88c26366db6ab1de35a919cb3fd8d6d80117df901ae00"
"docs/SEO-POLICY.md","  ","DOCUMENTATION_ARTIFACT","47444","760cd2308eb54542a92733b8c4dbb2f25216435ff730c767b8f48b44bd6a0e5a"
"docs/SEO-PROJECTION.md","A ","DOCUMENTATION_ARTIFACT","2455","104cb0f4b41777d365c0f5e4a33e0d1d6f9286ec6a5ab6e3ccf59c4189ceac8b"
"docs/SEO-PROJECTION-ANALYSIS.md","A ","DOCUMENTATION_ARTIFACT","4812","d9396d275a35fc898e9ab54d8e83b96ff082fcb3e73ff8cccbf3b7a836946010"
"docs/TRANSACTIONAL-RUNTIME-COMPOSITION-SPECIFICATION.md","A ","DOCUMENTATION_ARTIFACT","944","77ebd0469ce9797a389596b2dcd6f6497b80f8020f5a81fae0286afb3a4decd8"
"package.json","  ","HISTORICAL_TRACKED_BASELINE","384","10a54d6736b26384ac68636e11f958360e6d18fb9c41e91e05707a918ad58622"
"package-lock.json","A ","HISTORICAL_TRACKED_BASELINE","64165","1a717514aba144013fe85101e951f18cc74de01f311c9f9b5378b767d00ed26a"
"phpstan.neon","  ","HISTORICAL_TRACKED_BASELINE","165","1510c81d79c253a914716353c09dbb31f684393e53b6d0694a03f4dcf657eae0"
"phpunit.postgresql.xml","A ","EXPECTED_TEST_CONFIGURATION","504","bba7c02d98f66c552ee0948a60826283d4d19401923760a595a42a4ec9c047bc"
"phpunit.xml","  ","HISTORICAL_TRACKED_BASELINE","1447","bf2b3a583129510d835f84ab1f0040cb31dfe9bf952351154ec2857f5f9a9c8c"
"pint.json","  ","HISTORICAL_TRACKED_BASELINE","28","9b67c821c1ca863f04e29f2fdc42c7d938c1256e11cebfe41a8126a32d6c9cc5"
"public/.htaccess","  ","HISTORICAL_TRACKED_BASELINE","740","b7e379c77639fd56144947dbae84c84eb466d9c686ea81f2f013ae85421da923"
"public/favicon.ico","  ","HISTORICAL_TRACKED_BASELINE","0","e3b0c44298fc1c149afbf4c8996fb92427ae41e4649b934ca495991b7852b855"
"public/index.php","  ","HISTORICAL_TRACKED_BASELINE","543","eba77cba39695b6bd091fe5211d481f7ebb2ce2d8d26230b5a609465d0a4aff9"
"README.md","M ","DOCUMENTATION_ARTIFACT","7122","774e418d57804071aa6e3ea38b2a35b03e284663c0eb3988a44f6142c3e18946"
"resources/css/app.css","  ","HISTORICAL_TRACKED_BASELINE","339","02db84e827e06d8349293e9797eb8d81465e109e91976775964c4bf873b6fab5"
"resources/js/app.js","M ","HISTORICAL_TRACKED_BASELINE","25","aa419e1fce7ac950255cd8cca0b5d507ab4acf122d67adb8bb739f699fa7ced0"
"resources/js/authoring.js","A ","HISTORICAL_TRACKED_BASELINE","2196","ceaf3140a0ae4e0460168bf1bfe56a694a6e60ee57b5a17f629725c38fe8d8f4"
"resources/views/authoring-workspace.blade.php","A ","HISTORICAL_TRACKED_BASELINE","3711","d7e85bc7e89fc676caaa5984605a1adac114d73bdf28f5315b0720059ffed9cb"
"resources/views/public-listing.blade.php","A ","HISTORICAL_TRACKED_BASELINE","1414","1654477aec6e2d3c4a43963508798719b8ac5e4a0545fb5ac9d204a0684eb7b8"
"ROADMAP.md","A ","DOCUMENTATION_ARTIFACT","4279","80b89fddf38c18107381ac53be038d45803c0f17576aff372248e0707ce8e4d4"
"routes/console.php","  ","HISTORICAL_TRACKED_BASELINE","75","88c57e8ff30b7df4880d60a729ec844d5ed43412095b79e7d53c988b433d93d5"
"routes/web.php","M ","HISTORICAL_TRACKED_BASELINE","13649","c6484cc9a8018a9c09c4f7756a0205089e1cd5ce9835f4dffa8ebf2d4173727d"
"src/Modules/AdministrationAudit/.gitkeep","D ","EXPECTED_PLACEHOLDER_RETIREMENT","0",""
"src/Modules/AdministrationAudit/Application/AdministrativeActionDecisionContext/AdministrativeActionDecisionAuthority.php","A ","EXPECTED_PHASE_5_3_ARTIFACT","1244","5c215f99356aaa837e120d0629601b1de7eaf4d6be7f0c50913e3067e2826ae5"
"src/Modules/AdministrationAudit/Application/AdministrativeActionDecisionContext/AdministrativeActionDecisionContext.php","A ","EXPECTED_PHASE_5_3_ARTIFACT","859","6e8ac96cb5ea244a5ef76a43641a9205bc5229e509cd6fc22cc8eb5590433fbf"
"src/Modules/AdministrationAudit/Application/AdministrativeActionDecisionContext/AdministrativeActionDecisionContextChecksum.php","A ","EXPECTED_PHASE_5_3_ARTIFACT","597","f7cdf0b8e71afda9103640133117d8c48adcb1dcf9f3c95babedcca4c06a6f65"
"src/Modules/AdministrationAudit/Application/AdministrativeActionDecisionContext/AdministrativeActionDecisionContextResolution.php","A ","EXPECTED_PHASE_5_3_ARTIFACT","890","5cc0c8df7784a2e440f54bc3c887a21a1d4eca71260b7c8fd49640ee7c3e6c87"
"src/Modules/AdministrationAudit/Application/AdministrativeActionDecisionContext/AdministrativeActionDecisionContextResolutionStatus.php","A ","EXPECTED_PHASE_5_3_ARTIFACT","243","e905d02878d83aef3e7dfbb4ea253bc30caded8e45a845d7fe86befa1522d8a5"
"src/Modules/AdministrationAudit/Application/AdministrativeActionDecisionContext/AdministrativeActionDecisionContextTechnicalDiagnostic.php","A ","EXPECTED_PHASE_5_3_ARTIFACT","276","a9a16d0acc54cb4446e2e53db7c5d6b7063e493481cb216d90dc421112c61d20"
"src/Modules/AdministrationAudit/Application/AdministrativeActionDecisionContext/AdministrativeActionDecisionContextVersion.php","A ","EXPECTED_PHASE_5_3_ARTIFACT","176","8412113d8e6e7b18dbcb04f56cde65bcb370969a9b4df5c5125443b31061345c"
"src/Modules/AdministrationAudit/Application/AdministrativeActionDecisionContext/AdministrativeActionReasonEvidence.php","A ","EXPECTED_PHASE_5_3_ARTIFACT","214","f2bd75ca0ae2a6571f4416ac4614fd2503e77ad3e148175c733327561b7e4402"
"src/Modules/AdministrationAudit/Application/AdministrativeActionDecisionContext/AdministrativeActionRecordingDisposition.php","A ","EXPECTED_PHASE_5_3_ARTIFACT","279","6a0ec6fb604281f00b99bd52de36584663c683b4c39ca1d1a10bb93d0653e247"
"src/Modules/AdministrationAudit/Application/AdministrativeActionHistoricalMirror/AdministrativeActionEnrollmentCanonicalizer.php","A ","EXPECTED_PHASE_5_3_ARTIFACT","1610","eda055d93502a0a1e4ac5f075f3c041075c4da65b87c67ea8495c9d26cc2b6e3"
"src/Modules/AdministrationAudit/Application/AdministrativeActionHistoricalMirror/AdministrativeActionEnrollmentCanonicalVersion.php","A ","EXPECTED_PHASE_5_3_ARTIFACT","230","64c24312fa080fc94bfe4c368b75dd8e1b44318337b93b3cdf9c2a3fe731e92f"
"src/Modules/AdministrationAudit/Application/AdministrativeActionHistoricalMirror/AdministrativeActionEnrollmentMutationPolicy.php","A ","EXPECTED_PHASE_5_3_ARTIFACT","2136","e248b84f6d95e55092a631ed58d4516bc704d77cd374763723bf5a6b35366f0e"
"src/Modules/AdministrationAudit/Application/AdministrativeActionHistoricalMirror/AdministrativeActionEnrollmentMutationPolicyResult.php","A ","EXPECTED_PHASE_5_3_ARTIFACT","420","e8c0d49c7a108a9c2539443a9d38353d5ed55959f883c4e74bc154e01c9a46c9"
"src/Modules/AdministrationAudit/Application/AdministrativeActionHistoricalMirror/AdministrativeActionHistoricalMirrorContractVersion.php","A ","EXPECTED_PHASE_5_3_ARTIFACT","186","31aac7d15dbe2db9615430aeb65fd3e9649b900fd3401d3424c50a5b71e92300"
"src/Modules/AdministrationAudit/Application/AdministrativeActionHistoricalMirror/AdministrativeActionHistoricalMirrorMutation.php","A ","EXPECTED_PHASE_5_3_ARTIFACT","5170","3c70b630b0009b1a944035d5be02677a1ff7000ae54eaae63dc8e553a435d42f"
"src/Modules/AdministrationAudit/Application/AdministrativeActionHistoricalMirror/AdministrativeActionHistoricalMirrorMutationChecksum.php","A ","EXPECTED_PHASE_5_3_ARTIFACT","617","4bc40de1049b496f911da61ac28d5022c623e77082d87fcf46e1a3877a3c2faa"
"src/Modules/AdministrationAudit/Application/AdministrativeActionHistoricalMirror/AdministrativeActionHistoricalMirrorMutationKind.php","A ","EXPECTED_PHASE_5_3_ARTIFACT","255","e2aea790847df1807335e2376046087a88916869da8cc09e214929e69be6d158"
"src/Modules/AdministrationAudit/Application/AdministrativeActionHistoricalMirror/AdministrativeActionHistoricalMirrorOccurredAt.php","A ","EXPECTED_PHASE_5_3_ARTIFACT","694","a3d2c1cf7a478ca834a5e8aad7cf27a0e265b62703343ab86b46c4a1a7a607dc"
"src/Modules/AdministrationAudit/Application/AdministrativeActionHistoricalMirror/AdministrativeActionHistoricalMirrorWriteResult.php","A ","EXPECTED_PHASE_5_3_ARTIFACT","530","9292535c6619e675613836ca58ade71bbd3d891c8e942c5df2d8dba2d8cd1d81"
"src/Modules/AdministrationAudit/Application/AdministrativeActionHistoricalMirror/AdministrativeActionPersistenceTransactionMode.php","A ","EXPECTED_PHASE_5_3_ARTIFACT","225","78a6ccf29fb73dc551fdaf69511d42dba5a6ffd509c2ebeac41713c4b50c7261"
"src/Modules/AdministrationAudit/Application/AdministrativeActionHistoricalMirror/Contract/AdministrativeActionLifecycleAtomicPersistenceTransaction.php","A ","EXPECTED_PHASE_5_3_ARTIFACT","463","9ce4569b722320f3b3e309a5df06b267f702a7185de0571af90c504225c6f08c"
"src/Modules/AdministrationAudit/Application/AdministrativeActionLifecycle/AdministrativeActionLifecycleAction.php","A ","EXPECTED_PHASE_5_3_ARTIFACT","265","a9e7c3795022426938e4c785f052565fd5dd6424aff9533f7a86f4303eea4d74"
"src/Modules/AdministrationAudit/Application/AdministrativeActionLifecycle/AdministrativeActionLifecycleDecision.php","A ","EXPECTED_PHASE_5_3_ARTIFACT","816","79a8a9f9f4d4dfb530468fd660e7345ea1c67b9286cdf97f2d9103a044afb595"
"src/Modules/AdministrationAudit/Application/AdministrativeActionLifecycle/AdministrativeActionLifecycleDiagnostic.php","A ","EXPECTED_PHASE_5_3_ARTIFACT","389","5ddab836cac0ffb8ce9a636eb14830b38435771b05eb61088765f07d77b5ed28"
"src/Modules/AdministrationAudit/Application/AdministrativeActionLifecycle/AdministrativeActionLifecycleState.php","A ","EXPECTED_PHASE_5_3_ARTIFACT","317","a2b0b584a0081f11b71fe4436b1d7bfcf5e4b37d3fe43d7778458c15d6de14c6"
"src/Modules/AdministrationAudit/Application/AdministrativeActionLifecycle/AdministrativeActionLifecycleTransition.php","A ","EXPECTED_PHASE_5_3_ARTIFACT","375","e2007c9340ce0ac85cb53ee240cfb0f57ab03c317a36ea142a62fccd0188f399"
"src/Modules/AdministrationAudit/Application/AdministrativeActionLifecycle/AdministrativeActionLifecycleWorkflow.php","A ","EXPECTED_PHASE_5_3_ARTIFACT","4855","5982e6997a6e554a9938f843fa74a32c1080073637a16731539451728cae77d8"
"src/Modules/AdministrationAudit/Application/AdministrativeActionLifecycle/AdministrativeActionLifecycleWorkflowResult.php","A ","EXPECTED_PHASE_5_3_ARTIFACT","215","08e1f5c2f7e11b6d6828811d6d8420001cec3a4a4da111f4da13f95e8d27c7cc"
"src/Modules/AdministrationAudit/Application/AdministrativeActionLifecycleEvent/AdministrativeActionLifecycleEvent.php","A ","EXPECTED_PHASE_5_3_ARTIFACT","2106","29452125ef8b36e44d94f1644093cbf25005b351766139843a20178c19f964c3"
"src/Modules/AdministrationAudit/Application/AdministrativeActionLifecycleEvent/AdministrativeActionLifecycleEventCatalog.php","A ","EXPECTED_PHASE_5_3_ARTIFACT","1738","75e1287bfa650bd8b5c7bfee70b5b366f9a0ab722f84b0305e771071ac0913a1"
"src/Modules/AdministrationAudit/Application/AdministrativeActionLifecycleEvent/AdministrativeActionLifecycleEventChecksum.php","A ","EXPECTED_PHASE_5_3_ARTIFACT","520","f489858042e6098799b83e2483a855ced085e94fe86f8153818a001c00d2faef"
"src/Modules/AdministrationAudit/Application/AdministrativeActionLifecycleEvent/AdministrativeActionLifecycleEventId.php","A ","EXPECTED_PHASE_5_3_ARTIFACT","1262","88ff4e78b1ecd0bef1073c56687caef88aebc10c4b2b447bf295f5b2a963b8ac"
"src/Modules/AdministrationAudit/Application/AdministrativeActionLifecycleEvent/AdministrativeActionLifecycleEventMetadata.php","A ","EXPECTED_PHASE_5_3_ARTIFACT","1363","345a6135899bede468f96f31b198328d4fecd1e928ece18c521a5e621757ef50"
"src/Modules/AdministrationAudit/Application/AdministrativeActionLifecycleEvent/AdministrativeActionLifecycleEventPayload.php","A ","EXPECTED_PHASE_5_3_ARTIFACT","1862","b51a52c69b032fb6e62b581a174916777a0f620dad9e9f99517d7a44a809a732"
"src/Modules/AdministrationAudit/Application/AdministrativeActionLifecycleEvent/AdministrativeActionLifecycleEventPayloadVersion.php","A ","EXPECTED_PHASE_5_3_ARTIFACT","181","494a4c3e73f9c97f91de59b13976869e364678cc222df552a24cb1974e788dd9"
"src/Modules/AdministrationAudit/Application/AdministrativeActionLifecycleEvent/AdministrativeActionLifecycleEventSerializer.php","A ","EXPECTED_PHASE_5_3_ARTIFACT","419","e73b076809cee04a0371650104cb920046a849963aa8006f1be4f7796f821942"
"src/Modules/AdministrationAudit/Application/AdministrativeActionLifecycleEvent/AdministrativeActionLifecycleEventType.php","A ","EXPECTED_PHASE_5_3_ARTIFACT","432","2299cfc7e5e5d5c3881dafd8a199c3fbb8c7060f0dc0391514146f2eb4e7a018"
"src/Modules/AdministrationAudit/Application/AdministrativeActionLifecycleOrchestration/AdministrativeActionLifecycleOrchestrationResult.php","A ","EXPECTED_PHASE_5_3_ARTIFACT","497","8dba6d602ad184f92f64d3521920813128d831f6e73ef0786e7706a1071bc45e"
"src/Modules/AdministrationAudit/Application/AdministrativeActionLifecycleOrchestration/AdministrativeActionLifecycleOrchestrationStatus.php","A ","EXPECTED_PHASE_5_3_ARTIFACT","563","f4d3352a74b93786bea8f496ca2b8702b6f4ab2c12fcd0f7813ab32524b7f98c"
"src/Modules/AdministrationAudit/Application/AdministrativeActionLifecycleOrchestration/AdministrativeActionLifecycleTransitionRequest.php","A ","EXPECTED_PHASE_5_3_ARTIFACT","742","ca66693a5def117310f461eb4f7f4d39ec93b2c090890198de320e99e6081c88"
"src/Modules/AdministrationAudit/Application/AdministrativeActionLifecycleOrchestration/Contract/AdministrativeActionLifecycleOrchestrator.php","A ","EXPECTED_PHASE_5_3_ARTIFACT","597","e90f6443f4389da4733b4d9293701cbf4fd6233efd78536f67bf370ea878a35c"
"src/Modules/AdministrationAudit/Application/AdministrativeActionLifecycleOrchestration/DeterministicAdministrativeActionLifecycleOrchestrator.php","A ","EXPECTED_PHASE_5_3_ARTIFACT","6692","27e2a39b20056305ceee89dec2fa1a572d19475ce8f6f5ab22ff45a8e21c20fa"
"src/Modules/AdministrationAudit/Application/AdministrativeActionLifecyclePersistence/AdministrativeActionLifecyclePersistenceReadResult.php","A ","EXPECTED_PHASE_5_3_ARTIFACT","1115","c86774e74e223e1f0237cce65ca9b1aa37db53d7e0ac068bc930db7f9178127a"
"src/Modules/AdministrationAudit/Application/AdministrativeActionLifecyclePersistence/AdministrativeActionLifecyclePersistenceReadStatus.php","A ","EXPECTED_PHASE_5_3_ARTIFACT","274","eca67c7e418785e3ce2f7765c4fec8eae8e99604dacd11f08034bf8c70129774"
"src/Modules/AdministrationAudit/Application/AdministrativeActionLifecyclePersistence/AdministrativeActionLifecycleStoredState.php","A ","EXPECTED_PHASE_5_3_ARTIFACT","589","b898d0fcec07185ec1985d1367433035dc63b9907896fa85c4c526d0f12260d6"
"src/Modules/AdministrationAudit/Application/AdministrativeActionLifecyclePersistence/Contract/AdministrativeActionLifecycleWorkflowStore.php","A ","EXPECTED_PHASE_5_3_ARTIFACT","1387","b724274c7935ec06f092af03ac67df00b9e31df13ff3f28143ff30b89e3c4af5"
"src/Modules/AdministrationAudit/Application/AdministrativeActionPersistenceCoexistence/AdministrativeActionLifecycleEnrollmentCheckpoint.php","A ","EXPECTED_PHASE_5_3_ARTIFACT","825","a78c5f3175b626828f52852f3a6ec48c24ac190ed6d2aebf2e11ae853df98722"
"src/Modules/AdministrationAudit/Application/AdministrativeActionPersistenceCoexistence/AdministrativeActionLifecycleEnrollmentResult.php","A ","EXPECTED_PHASE_5_3_ARTIFACT","506","122c364b0ae49e80ed19371da149fe25858aba7ee2c06e5ae92f8c8e68d1d189"
"src/Modules/AdministrationAudit/Application/AdministrativeActionPersistenceCoexistence/AdministrativeActionLifecycleSourceChecksum.php","A ","EXPECTED_PHASE_5_3_ARTIFACT","605","eda9f9d7777c7c799d33eca65fa414151a00a2a867727cc5e5effde560aab398"
"src/Modules/AdministrationAudit/Application/AdministrativeActionPersistenceCoexistence/AdministrativeActionPersistenceCoexistenceContract.php","A ","EXPECTED_PHASE_5_3_ARTIFACT","3391","1c10fc1aeb711afc81baaf55570ba0a5e9cd0fbe7c314b415b65c62f976decb3"
"src/Modules/AdministrationAudit/Application/AdministrativeActionPersistenceCoexistence/AdministrativeActionPersistenceCoexistenceRule.php","A ","EXPECTED_PHASE_5_3_ARTIFACT","470","17e1a24694df2b1197aab2f36f4b7cc613817b31f4e40d8829d9fce80cec13ae"
"src/Modules/AdministrationAudit/Application/AdministrativeActionPersistenceCoexistence/AdministrativeActionPersistenceOperation.php","A ","EXPECTED_PHASE_5_3_ARTIFACT","504","2b7bebe46d37c97573603ded68afd01106b4040a05d8ccca6700a3f690be5cad"
"src/Modules/AdministrationAudit/Application/AdministrativeActionPersistenceCoexistence/AdministrativeActionPersistenceOwner.php","A ","EXPECTED_PHASE_5_3_ARTIFACT","265","b9352ea9c73b54d72eb9499ab86419617356511e90ddb1214f6b4204ae12a7bc"
"src/Modules/AdministrationAudit/Application/AdministrativeActionPersistenceCoexistence/AdministrativeActionPersistenceWriteMode.php","A ","EXPECTED_PHASE_5_3_ARTIFACT","363","1319c13dbc9cf4d7bafa3e351cacec7f77cc28b4c5852cf805cd3ed45e4c788e"
"src/Modules/AdministrationAudit/Application/AdministrativeActionTransitionContext/AdministrativeActionContextualAppend.php","A ","EXPECTED_PHASE_5_3_ARTIFACT","710","f65bd6e47f3b7893f8b6b49da2df3b46f101b24806a40189ba131dc98b3ac70a"
"src/Modules/AdministrationAudit/Application/AdministrativeActionTransitionContext/AdministrativeActionContextualAppendInspection.php","A ","EXPECTED_PHASE_5_3_ARTIFACT","894","ee91decb05984bccd86891de1ed6138adb1072cc3b8bb52fa1bb28d234d2dc3d"
"src/Modules/AdministrationAudit/Application/AdministrativeActionTransitionContext/AdministrativeActionContextualInspectionResult.php","A ","EXPECTED_PHASE_5_3_ARTIFACT","1096","a689653bfdb75dfee171b3cf28fe583eaf708285134c01041ef654f5880a746e"
"src/Modules/AdministrationAudit/Application/AdministrativeActionTransitionContext/AdministrativeActionContextualInspectionStatus.php","A ","EXPECTED_PHASE_5_3_ARTIFACT","258","66a63a2e2ec683dc83216b0d40a60c6f73db2836b72252ae2e5f66b4953e119d"
"src/Modules/AdministrationAudit/Application/AdministrativeActionTransitionContext/AdministrativeActionContextualWriteResult.php","A ","EXPECTED_PHASE_5_3_ARTIFACT","584","54838660570e6cc3f4012a5eddd1792fce627d30f5a1bc92f6c332c495406246"
"src/Modules/AdministrationAudit/Application/AdministrativeActionTransitionContext/AdministrativeActionExpectedVersion.php","A ","EXPECTED_PHASE_5_3_ARTIFACT","475","d015456d7bdee804bf2778c956af0a6291e08cf9ba665834c2b8bc917208efbd"
"src/Modules/AdministrationAudit/Application/AdministrativeActionTransitionContext/AdministrativeActionReplayOutcome.php","A ","EXPECTED_PHASE_5_3_ARTIFACT","355","ae3e612d30ba1ee0ce06d54159c12ad5fbc3ed984a5672c86c8f16456433ba1d"
"src/Modules/AdministrationAudit/Application/AdministrativeActionTransitionContext/AdministrativeActionReplayPolicy.php","A ","EXPECTED_PHASE_5_3_ARTIFACT","1209","8337e30db886bd83340cc54ea929ca06d7f5c934f0173fdd2eeb3d563c1d906b"
"src/Modules/AdministrationAudit/Application/AdministrativeActionTransitionContext/AdministrativeActionTransitionContextChecksum.php","A ","EXPECTED_PHASE_5_3_ARTIFACT","603","a2e5a762c36d093bb72fc51efae25df8f4caf40e7cebc6684058ead55d32bc37"
"src/Modules/AdministrationAudit/Application/AdministrativeActionTransitionContext/AdministrativeActionTransitionContextVersion.php","A ","EXPECTED_PHASE_5_3_ARTIFACT","180","b393de2da864947a9b522453da6cc966f162481f475055f02e1bb985981ac051"
"src/Modules/AdministrationAudit/Application/AdministrativeActionTransitionContext/AdministrativeActionTransitionDecisionIdentities.php","A ","EXPECTED_PHASE_5_3_ARTIFACT","1122","1a7d6544f46dea6369d0157e378efa70459b8531d181741db65c2591de6c811d"
"src/Modules/AdministrationAudit/Application/AdministrativeActionTransitionContext/AdministrativeActionTransitionExecutionContext.php","A ","EXPECTED_PHASE_5_3_ARTIFACT","4649","3177abd633c36d09f0e735440d6eea8cf605f4213c221df272a02be72d1c67c8"
"src/Modules/AdministrationAudit/Application/AdministrativeActionTransitionContext/Contract/AdministrativeActionContextualReplayInspector.php","A ","EXPECTED_PHASE_5_3_ARTIFACT","510","f7cb4b190020a0f72bb91a62f44ecd085f57098d495c52e61a2d3414601d94d8"
"src/Modules/AdministrationAudit/Application/AdministrativeActionTransitionContext/Contract/AdministrativeActionContextualTransitionStore.php","A ","EXPECTED_PHASE_5_3_ARTIFACT","889","eb7e9fbd608f81c2a5033efae894d6499ed69cbf240ad709b2c4d74cc49abe0d"
"src/Modules/AdministrationAudit/Application/Contract/AdministrativeActionRegistry.php","A ","EXPECTED_PHASE_5_3_ARTIFACT","990","ac274e54b8b0c63f946c3032cd6fc9d72c1536e6e108df51cb099a3e1c4969c3"
"src/Modules/AdministrationAudit/Application/PublicAuditAppend/AdministrationAuditAppendResultV1.php","A ","EXPECTED_PHASE_5_3_ARTIFACT","348","4c684a45972fbac304c62bf982bc3ff5eb32130fc42ab9663d6c9dfd54338401"
"src/Modules/AdministrationAudit/Application/PublicAuditAppend/AdministrationAuditOperationV1.php","A ","EXPECTED_PHASE_5_3_ARTIFACT","469","9062c6323232139c63af6f37d98aeb14bfbc45e7e3033b47622e96722e5ed24e"
"src/Modules/AdministrationAudit/Application/PublicAuditAppend/AdministrationAuditOutcomeV1.php","A ","EXPECTED_PHASE_5_3_ARTIFACT","362","7231e7817c384767a007b257951521dee9da28008b4c7f2d9834cdd6efb54e4e"
"src/Modules/AdministrationAudit/Application/PublicAuditAppend/AdministrationAuditRecordChecksumV1.php","A ","EXPECTED_PHASE_5_3_ARTIFACT","1293","2c7ba3ec2eb1a6fc5155c63a15eb3d916534c1c28bf674709370443ba256bb3e"
"src/Modules/AdministrationAudit/Application/PublicAuditAppend/AdministrationAuditRecordIdV1.php","A ","EXPECTED_PHASE_5_3_ARTIFACT","1298","d6eccc160e67f2f27f7cf1c9dde93f982641b857e34dc55dd73e121600dfeafa"
"src/Modules/AdministrationAudit/Application/PublicAuditAppend/AdministrationAuditRecordV1.php","A ","EXPECTED_PHASE_5_3_ARTIFACT","2498","6dbd7470cbdce95bee5537d97e69ec89bbd6c09889d35cbad9a35ea0cd943a9c"
"src/Modules/AdministrationAudit/Application/PublicAuditAppend/AdministrationAuditSourceOwnerV1.php","A ","EXPECTED_PHASE_5_3_ARTIFACT","184","f770a6485db60004cdf4804883bbc99c0c5b2c8661f06245bd73140ff5ddb46e"
"src/Modules/AdministrationAudit/Application/PublicAuditAppend/Contract/AdministrationAuditAppendV1.php","A ","EXPECTED_PHASE_5_3_ARTIFACT","829","c96fbbe346fe63e0ad8a8763aaf1610e3a9c0442de294dc48379d39de2723876"
"src/Modules/AdministrationAudit/Application/UseCase/AddAuditReason.php","A ","EXPECTED_PHASE_5_3_ARTIFACT","702","c8c7599a242ba8659dd042ce27084c2ea121e322601641a6b69b298968cf8c9d"
"src/Modules/AdministrationAudit/Application/UseCase/AdministrativeActionUseCase.php","A ","EXPECTED_PHASE_5_3_ARTIFACT","905","788ace6d99b53e3d430af44a9c6782b72616aae886c13452d9140fa3fbcc2641"
"src/Modules/AdministrationAudit/Application/UseCase/ApproveAdministrativeAction.php","A ","EXPECTED_PHASE_5_3_ARTIFACT","1024","7839ada3c5819cdb562fab23a092bb35b97a1c4052439f1a47bb5e9596fcadba"
"src/Modules/AdministrationAudit/Application/UseCase/CreateAdministrativeAction.php","A ","EXPECTED_PHASE_5_3_ARTIFACT","1146","643da26c550fe0eb3d9c2040bcf30118584c7e87553e8fd209d55d83756746eb"
"src/Modules/AdministrationAudit/Application/UseCase/RecordAdministrativeAction.php","A ","EXPECTED_PHASE_5_3_ARTIFACT","610","d7cdd74092e9ac8725a5b5f5f7edfa9f0c89f08f02f7c7548889112f3b65b869"
"src/Modules/AdministrationAudit/Application/UseCase/RejectAdministrativeAction.php","A ","EXPECTED_PHASE_5_3_ARTIFACT","915","4347dfa92c3494c1b06b645f977df888f27eb5ce5a2aab39d25cfa8fb8f267e5"
"src/Modules/AdministrationAudit/Domain/Event/AbstractAdministrativeActionEvent.php","A ","EXPECTED_PHASE_5_3_ARTIFACT","1070","8a28e5c72534d216dd46d464ae924ae0067246d4ad3dfc4954532f4f33519ca4"
"src/Modules/AdministrationAudit/Domain/Event/AdministrativeActionApproved.php","A ","EXPECTED_PHASE_5_3_ARTIFACT","700","ac94c61f5b6a8c0efbace6ed2fb4f2eeec57fbb873ce4ae69eab0eade0f2363e"
"src/Modules/AdministrationAudit/Domain/Event/AdministrativeActionEvent.php","A ","EXPECTED_PHASE_5_3_ARTIFACT","409","85181de126203bc94e1c64017d9a719b9cfa67b96e1e00b2e31a71b4c90e1a3d"
"src/Modules/AdministrationAudit/Domain/Event/AdministrativeActionEventMetadata.php","A ","EXPECTED_PHASE_5_3_ARTIFACT","214","0680ed7bf18bfe55ad1651dc57fedd582eebbeca7122a4e92bd954215f7389c0"
"src/Modules/AdministrationAudit/Domain/Event/AdministrativeActionRecorded.php","A ","EXPECTED_PHASE_5_3_ARTIFACT","708","aa0bb250d9b140ca12044d5c7686587dc49671893c57c28f9f20e5446b0d9f98"
"src/Modules/AdministrationAudit/Domain/Event/AdministrativeActionRejected.php","A ","EXPECTED_PHASE_5_3_ARTIFACT","599","9e286d06f0f4d588fc1a3ac30606d16c978a45ae570198b4c1f99e150a36dba7"
"src/Modules/AdministrationAudit/Domain/Event/AuditEntryRecorded.php","A ","EXPECTED_PHASE_5_3_ARTIFACT","627","769ebad8f3a89c467dead2fea9b94d9c22f91155ae342f5e7fde7927430284f9"
"src/Modules/AdministrationAudit/Domain/Event/FourEyesSatisfied.php","A ","EXPECTED_PHASE_5_3_ARTIFACT","513","e861e9e0292d805ff007560800896fbf049bbe222430bf4c01bf5894ebfb05d6"
"src/Modules/AdministrationAudit/Domain/Exception/AdministrationAuditException.php","A ","EXPECTED_PHASE_5_3_ARTIFACT","164","32ff65bf7857bfe16258302ef609d9fc2a909cdbcf70abf781c817df390a5403"
"src/Modules/AdministrationAudit/Domain/Exception/AdministrativeActionIdentityConflict.php","A ","EXPECTED_PHASE_5_3_ARTIFACT","290","4894c3d6755f45df0fade3b9f931bcf49a72997cabc176d9d8b4d6d2d6ea64ca"
"src/Modules/AdministrationAudit/Domain/Exception/AdministrativeActionNotFound.php","A ","EXPECTED_PHASE_5_3_ARTIFACT","272","2aa8fd14e0776c9f2e32b3cf642a40b89295ef924f3d77298fc78d920924027c"
"src/Modules/AdministrationAudit/Domain/Exception/AdministrativeActionViolation.php","A ","EXPECTED_PHASE_5_3_ARTIFACT","963","ea533cc6c96c8105533c25587360258089d6c5a8e12b6e1ab71debb1560b54b8"
"src/Modules/AdministrationAudit/Domain/Exception/ConcurrentAdministrativeActionModification.php","A ","EXPECTED_PHASE_5_3_ARTIFACT","293","7750e3e13106859d1f90da76ee40d204204ff980af45e3dbb296b8048aba461b"
"src/Modules/AdministrationAudit/Domain/Exception/InvalidAuditValue.php","A ","EXPECTED_PHASE_5_3_ARTIFACT","264","001635a13aacb95a9a43544c1baf86b60eca4c2e3acf44ac7fc8f67a6c50825b"
"src/Modules/AdministrationAudit/Domain/Model/AdministrativeAction.php","A ","EXPECTED_PHASE_5_3_ARTIFACT","9022","6010c0ccd7f9731604da4989ff4475a16abf336d9bcedf2c41568339e33d176d"
"src/Modules/AdministrationAudit/Domain/Model/Approval.php","A ","EXPECTED_PHASE_5_3_ARTIFACT","386","64d75db5b9eb2d12c758ca9aa3241568de232f688f7706ab0f2e1f9686426646"
"src/Modules/AdministrationAudit/Domain/Model/AuditEntry.php","A ","EXPECTED_PHASE_5_3_ARTIFACT","891","0c620e879b8c869544b0e7145a8aa23648243605a2068a464cbd6636a396f3de"
"src/Modules/AdministrationAudit/Domain/Model/Decision.php","A ","EXPECTED_PHASE_5_3_ARTIFACT","591","4f8df90082a2d780a114e97142e914bef8ab5935b1468720522bcea9cd8e86a3"
"src/Modules/AdministrationAudit/Domain/Policy/ActionTypeFourEyesPolicy.php","A ","EXPECTED_PHASE_5_3_ARTIFACT","786","0372b86f8658c5a1fc9ffbc9756583f3f1c48ac88f61fa05fb405485c9af4266"
"src/Modules/AdministrationAudit/Domain/Policy/FourEyesPolicy.php","A ","EXPECTED_PHASE_5_3_ARTIFACT","236","c8aa6da901361855587ec69e001e166c3032942f6c031c2173ef796ffc230bad"
"src/Modules/AdministrationAudit/Domain/ValueObject/ActionType.php","A ","EXPECTED_PHASE_5_3_ARTIFACT","531","8af3ff950ee65db5699a25a198b6260d98c5e56191720d7ebdfe433ec5b0f70b"
"src/Modules/AdministrationAudit/Domain/ValueObject/ActorId.php","A ","EXPECTED_PHASE_5_3_ARTIFACT","630","6ca21f9778cfd5f5c6155fa6b865b0fd28159236836b1492e25d59ff72d6c047"
"src/Modules/AdministrationAudit/Domain/ValueObject/AdministrativeActionId.php","A ","EXPECTED_PHASE_5_3_ARTIFACT","711","ad1cf8120a5f2e6c1fc5b0b2babf69e97e54989e7341dc4929394eb74ffdda22"
"src/Modules/AdministrationAudit/Domain/ValueObject/AdministrativeActionStatus.php","A ","EXPECTED_PHASE_5_3_ARTIFACT","286","654a2eb88e40d29fe39454ff2d0a03d2d550fa6ea0526cac1e71758762246be5"
"src/Modules/AdministrationAudit/Domain/ValueObject/ApprovalId.php","A ","EXPECTED_PHASE_5_3_ARTIFACT","580","dc89047f05c9977b65045bfb321700a85b694b5ee37763dd4337d80aa6142370"
"src/Modules/AdministrationAudit/Domain/ValueObject/AuditReason.php","A ","EXPECTED_PHASE_5_3_ARTIFACT","569","6a4672cde326ad84f7a4bf2a85644103c337467a580ea8e3bcaceef66532604d"
"src/Modules/AdministrationAudit/Domain/ValueObject/DecisionId.php","A ","EXPECTED_PHASE_5_3_ARTIFACT","580","4d1405e10246b5200d21ea0c8f33b626ee8f6077e2894d57d9f12d346e9736b1"
"src/Modules/AdministrationAudit/Domain/ValueObject/DecisionOutcome.php","A ","EXPECTED_PHASE_5_3_ARTIFACT","170","432ac87537879c0c842f2d15fa262860a76b5933a5c264a4709c6aff1cc16ccb"
"src/Modules/AdministrationAudit/Domain/ValueObject/TargetResourceId.php","A ","EXPECTED_PHASE_5_3_ARTIFACT","565","8bae7575eb69b397e380185601ab7d882878cea39a158f7a7aad5e5bfea22c32"
"src/Modules/AdministrationAudit/Infrastructure/Persistence/AdministrativeActionLifecycleWorkflowMapper.php","A ","EXPECTED_PHASE_5_3_ARTIFACT","4713","e17364927022e31a58bd969ccfdd8fbee3e62bfc8aa3d5ba60ecd8d332836873"
"src/Modules/AdministrationAudit/Infrastructure/Persistence/AdministrativeActionMapper.php","A ","EXPECTED_PHASE_5_3_ARTIFACT","7226","8aa302c830763be09f9906fd51a6bb38c14604d8328b91dd210eebc68b00100e"
"src/Modules/AdministrationAudit/Infrastructure/Persistence/AdministrativeActionSnapshot.php","A ","EXPECTED_PHASE_5_3_ARTIFACT","655","42096eda0811c9f16ef2e700827331b05605310240e09c6026bc87f396d8ac20"
"src/Modules/AdministrationAudit/Infrastructure/Persistence/AdministrativeActionTransaction.php","A ","EXPECTED_PHASE_5_3_ARTIFACT","193","e8b7388b6bdf3dd5717b2529f07df35761652f4ba339bc5fa731a4f83a8d6de1"
"src/Modules/AdministrationAudit/Infrastructure/Persistence/AdministrativeActionTransitionContextMapper.php","A ","EXPECTED_PHASE_5_3_ARTIFACT","3991","2afc1e9362f84e1629cab3cd2dbf03a85752c7469449e4f4822a2fa0d68f0a63"
"src/Modules/AdministrationAudit/Infrastructure/Persistence/ApprovalSnapshot.php","A ","EXPECTED_PHASE_5_3_ARTIFACT","262","9dd6a66813b8750f60b030c3154154454494ff6192370aba0f54689581b8683f"
"src/Modules/AdministrationAudit/Infrastructure/Persistence/AuditEntrySnapshot.php","A ","EXPECTED_PHASE_5_3_ARTIFACT","324","ab7f225f7e3ea45ac07e3a95b7c7bc091145b9d66668bc9e0b877f9a94b003d8"
"src/Modules/AdministrationAudit/Infrastructure/Persistence/DecisionSnapshot.php","A ","EXPECTED_PHASE_5_3_ARTIFACT","323","cbde1adf06833a9469f512b922d18b6dbace43f6d41a2ddf4fd4e951f2707a01"
"src/Modules/AdministrationAudit/Infrastructure/Persistence/PersistentAdministrativeActionIntegrity.php","A ","EXPECTED_PHASE_5_3_ARTIFACT","341","59e7d7d58686802ca4e2fa51a1e5a24062dddb880ceae373985383ad29d58749"
"src/Modules/AdministrationAudit/Infrastructure/Persistence/PostgreSql/AdministrationAuditAppendConnection.php","A ","EXPECTED_PHASE_5_3_ARTIFACT","301","ba0fb88cd3783303880465149ed259ebb0bf79012751fe62a7f06fa5a16a6868"
"src/Modules/AdministrationAudit/Infrastructure/Persistence/PostgreSql/Migrations/001_administrative_action.sql","A ","EXPECTED_PHASE_5_3_ARTIFACT","1773","0f099872948cf3a36b800f99176740efa2dd5c8e2276a9483da02b0dbfeb7885"
"src/Modules/AdministrationAudit/Infrastructure/Persistence/PostgreSql/Migrations/034_administrative_action_lifecycle_workflow.down.sql","A ","EXPECTED_PHASE_5_3_ARTIFACT","87","5989519c7891f60ac06f6a4b26a735179690f4c1d3e5ec5dd19159b40ec2bd02"
"src/Modules/AdministrationAudit/Infrastructure/Persistence/PostgreSql/Migrations/034_administrative_action_lifecycle_workflow.sql","A ","EXPECTED_PHASE_5_3_ARTIFACT","1849","f01f18cdb9a6f062e0cc19a6867e7df644d94cf13935227caaaf53af8d1bc40b"
"src/Modules/AdministrationAudit/Infrastructure/Persistence/PostgreSql/Migrations/035_administrative_action_lifecycle_context.down.sql","A ","EXPECTED_PHASE_5_3_ARTIFACT","95","1d875b4859d36f6011ccfe7a7c12faa3aabee1f1ac54a27fb4de023ae066cf77"
"src/Modules/AdministrationAudit/Infrastructure/Persistence/PostgreSql/Migrations/035_administrative_action_lifecycle_context.sql","A ","EXPECTED_PHASE_5_3_ARTIFACT","2194","1e14b3b3b5dc8946d328246f0d5e1ba9655d84e43440733cdadaf3639358be10"
"src/Modules/AdministrationAudit/Infrastructure/Persistence/PostgreSql/Migrations/071_administration_audit_public_append.down.sql","A ","EXPECTED_PHASE_5_3_ARTIFACT","65","8044c04ec0aed1cc563893e970b729e0dd22c1e983a2259a240fc345dbbf651c"
"src/Modules/AdministrationAudit/Infrastructure/Persistence/PostgreSql/Migrations/071_administration_audit_public_append.sql","A ","EXPECTED_PHASE_5_3_ARTIFACT","1127","038bd120607d09a7cd44957675ea04e220d4f9c6c64a1eccac59232292fbbc80"
"src/Modules/AdministrationAudit/Infrastructure/Persistence/PostgreSql/PostgreSqlAdministrationAuditAppendV1.php","A ","EXPECTED_PHASE_5_3_ARTIFACT","5245","faaa57fdf5e7068ee4ba01748c27f03c5253f5942bc556dd607a5d2f2cece9c4"
"src/Modules/AdministrationAudit/Infrastructure/Persistence/PostgreSql/PostgreSqlAdministrativeActionContextualReplayInspector.php","A ","EXPECTED_PHASE_5_3_ARTIFACT","7693","078551de2c00a7ea366c3b493f702d78d6e66f6a56f38b2722e703493a284281"
"src/Modules/AdministrationAudit/Infrastructure/Persistence/PostgreSql/PostgreSqlAdministrativeActionContextualTransitionRepository.php","A ","EXPECTED_PHASE_5_3_ARTIFACT","6394","c43a1b013f0f2c87376f8741e80e62e6864e089fbc1a5859a308d7b64c36814b"
"src/Modules/AdministrationAudit/Infrastructure/Persistence/PostgreSql/PostgreSqlAdministrativeActionLifecycleAtomicPersistenceTransaction.php","A ","EXPECTED_PHASE_5_3_ARTIFACT","1450","484e7d6787a0d898ea4763b3c72a93fe9a9797e45f253c8f2aee4ae0417bc6f2"
"src/Modules/AdministrationAudit/Infrastructure/Persistence/PostgreSql/PostgreSqlAdministrativeActionLifecycleRepository.php","A ","EXPECTED_PHASE_5_3_ARTIFACT","18583","02e1ca6e76111f800abb92c874f24cf306a4ac83ed840125db2554478411a8ef"
"src/Modules/AdministrationAudit/Infrastructure/Persistence/PostgreSql/PostgreSqlAdministrativeActionRepository.php","A ","EXPECTED_PHASE_5_3_ARTIFACT","12293","c303c7595cdce36ed1fa255d8a76d4cdc5be4eeafe54b7a02b3fda58e2f0803f"
"src/Modules/AdministrationAudit/Infrastructure/Persistence/PostgreSql/PostgreSqlAdministrativeActionTransaction.php","A ","EXPECTED_PHASE_5_3_ARTIFACT","819","3d073869a5f961e1ad0b7f9552c20aab21bbd9f84cec8ecef7eadc6a0dcf95b5"
"src/Modules/AdministrationAudit/Infrastructure/Persistence/PublicAuditAppend/AdministrationAuditAppendMapperV1.php","A ","EXPECTED_PHASE_5_3_ARTIFACT","1981","ccb753b631a943a681b6f2dad577663b3a73df452bdc0d39e631dbf9399ec55e"
"src/Modules/ContactsLeads/.gitkeep","D ","EXPECTED_PLACEHOLDER_RETIREMENT","0",""
"src/Modules/ContactsLeads/Application/Contract/AdvertiserCatalog.php","A ","HISTORICAL_TRACKED_BASELINE","427","ad0d1da829436567c83d5dde75825583a9dd6a0a96e81cd1dad2128e18058690"
"src/Modules/ContactsLeads/Application/Contract/LeadRegistry.php","A ","HISTORICAL_TRACKED_BASELINE","763","944dfcedec7c9aee63b754177c9958598f61b7e293df65b3a3beccbbeb75b94e"
"src/Modules/ContactsLeads/Application/Contract/ListingCatalog.php","A ","HISTORICAL_TRACKED_BASELINE","320","b73cab85344b34b8480ff29f3578b97d442a03d806662b030670c493cb209e7a"
"src/Modules/ContactsLeads/Application/LeadEligibilitySourceData/Contract/LeadEligibilityDecisionMaterializer.php","A ","HISTORICAL_TRACKED_BASELINE","478","a6e7f3951786d37088c45a39d16e255bdbaf507b3af4f10b411f8f660a0a4a0c"
"src/Modules/ContactsLeads/Application/LeadEligibilitySourceData/Contract/LeadEligibilitySourceDataReader.php","A ","HISTORICAL_TRACKED_BASELINE","605","21f0a7dd7be53184f497c26fb4936ee16474a9cc438bc04512d55ec17d6bb297"
"src/Modules/ContactsLeads/Application/LeadEligibilitySourceData/LeadEligibilityMaterialization.php","A ","HISTORICAL_TRACKED_BASELINE","901","64b999ce5dd55868b3b13bd2a948fbcd696561cce10a6196986b6639e788a48c"
"src/Modules/ContactsLeads/Application/LeadEligibilitySourceData/LeadEligibilityMaterializationResult.php","A ","HISTORICAL_TRACKED_BASELINE","474","d7b142ac0790323a37bf650bffbb130991574917d03fa7107f24aafc5bf85bf2"
"src/Modules/ContactsLeads/Application/LeadEligibilitySourceData/LeadEligibilitySourceReadResult.php","A ","HISTORICAL_TRACKED_BASELINE","915","1b89c60b0655336b60363367b3ffdf901ccef6448fd7985aaaf61508b61f7731"
"src/Modules/ContactsLeads/Application/LeadEligibilitySourceData/LeadEligibilitySourceReadStatus.php","A ","HISTORICAL_TRACKED_BASELINE","236","a54c27ba229df99ea228d43f042915b13333885cd042d5c14729f40a69d4c647"
"src/Modules/ContactsLeads/Application/LeadEligibilitySourceData/LeadEligibilitySourceRecord.php","A ","HISTORICAL_TRACKED_BASELINE","835","9df9e492049a3be54f439967b50fd138876f33ddcb9524e5dbac29accb5880bc"
"src/Modules/ContactsLeads/Application/LeadLifecycle/LeadLifecycleAction.php","A ","HISTORICAL_TRACKED_BASELINE","225","d50dbad235b3f26b2e5a788dc44ec6ecd57e915c1a37b798bc941a35f9abb581"
"src/Modules/ContactsLeads/Application/LeadLifecycle/LeadLifecycleDecision.php","A ","HISTORICAL_TRACKED_BASELINE","666","72dc5a0384edc2c7080a8580ce42257ca02a5b114a07e04b9a6df5b369227600"
"src/Modules/ContactsLeads/Application/LeadLifecycle/LeadLifecycleDiagnostic.php","A ","HISTORICAL_TRACKED_BASELINE","307","b8458fe5fc3a891f2bcd61e108be142d9b5afcffc61d3a42597537bec3cb6514"
"src/Modules/ContactsLeads/Application/LeadLifecycle/LeadLifecycleState.php","A ","HISTORICAL_TRACKED_BASELINE","234","b4cbe848c0429cf4c36aa5d58f42f1ae0f866bf9af506edb9456bb5a847933f1"
"src/Modules/ContactsLeads/Application/LeadLifecycle/LeadLifecycleTransition.php","A ","HISTORICAL_TRACKED_BASELINE","289","15031af3927c81fb7199394251ffce76e2e38774e61bc269e65697186fea1bbe"
"src/Modules/ContactsLeads/Application/LeadLifecycle/LeadLifecycleWorkflow.php","A ","HISTORICAL_TRACKED_BASELINE","1593","ea20b60480c7b53d45665a54bfd5bac1ae25d9b9db1f879f194243c394f8296e"
"src/Modules/ContactsLeads/Application/LeadLifecycle/LeadLifecycleWorkflowResult.php","A ","HISTORICAL_TRACKED_BASELINE","177","2f996f9dd6025c91cabeec30d1e970509ef432c69231392b405dc13c7a1bfcb7"
"src/Modules/ContactsLeads/Application/LeadLifecycleEvent/LeadLifecycleEvent.php","A ","HISTORICAL_TRACKED_BASELINE","1608","35e189baf9911b9445792b751e868fa646d489af59a1324ef4bd773577f5c26a"
"src/Modules/ContactsLeads/Application/LeadLifecycleEvent/LeadLifecycleEventCatalog.php","A ","HISTORICAL_TRACKED_BASELINE","1146","328361087203d7ca862ffd1db06041f040b2ba08e77814310aa65aad69535c55"
"src/Modules/ContactsLeads/Application/LeadLifecycleEvent/LeadLifecycleEventId.php","A ","HISTORICAL_TRACKED_BASELINE","1074","7c1fca0d5f94afdedc1b5af4f0279488c03719135da2d6943ff0941f585ac7e8"
"src/Modules/ContactsLeads/Application/LeadLifecycleEvent/LeadLifecycleEventMetadata.php","A ","HISTORICAL_TRACKED_BASELINE","1075","e98ccde4e903903873fc9434ba531bad113f723ea6cb63ec0074745e834217b7"
"src/Modules/ContactsLeads/Application/LeadLifecycleEvent/LeadLifecycleEventPayload.php","A ","HISTORICAL_TRACKED_BASELINE","1391","9b0cca929095a08f2654ef70aac6e784f2a62f47b0940e8610e5922f80af3297"
"src/Modules/ContactsLeads/Application/LeadLifecycleEvent/LeadLifecycleEventPayloadVersion.php","A ","HISTORICAL_TRACKED_BASELINE","143","8a13466ae162c8c03f6808b81ada6e08ce27f77c0db965d132013f2f540b453c"
"src/Modules/ContactsLeads/Application/LeadLifecycleEvent/LeadLifecycleEventSerializer.php","A ","HISTORICAL_TRACKED_BASELINE","330","83feec837603bcada52fc9267ad64632cc94379a5a83aeee6c7bafa9aa769836"
"src/Modules/ContactsLeads/Application/LeadLifecycleEvent/LeadLifecycleEventType.php","A ","HISTORICAL_TRACKED_BASELINE","258","a5711182831f8f823b41489e0eebac0ffc20ee5f2da554bdf5e73b61c71857c5"
"src/Modules/ContactsLeads/Application/LeadLifecycleOrchestration/Contract/LeadLifecycleOrchestrator.php","A ","HISTORICAL_TRACKED_BASELINE","451","df0846c2f02a18801638d63a74c76154abb8a2369ae9f12ec3ebfb39f307e6d0"
"src/Modules/ContactsLeads/Application/LeadLifecycleOrchestration/DeterministicLeadLifecycleOrchestrator.php","A ","HISTORICAL_TRACKED_BASELINE","4944","c7912e6bae3856d2a7c88ea7aa82da6e9b5f9fbed225cafce944251cf7428e2a"
"src/Modules/ContactsLeads/Application/LeadLifecycleOrchestration/LeadLifecycleOrchestrationResult.php","A ","HISTORICAL_TRACKED_BASELINE","366","1553947b4eaf42eafb1a915c0b6ca621a8d0cad237b985b8453d50fb6a3f8aa4"
"src/Modules/ContactsLeads/Application/LeadLifecycleOrchestration/LeadLifecycleOrchestrationStatus.php","A ","HISTORICAL_TRACKED_BASELINE","468","9e3f4e52bfeac1605073c8b7b496fbf5661c0a5342f40894b5858fc1367374ef"
"src/Modules/ContactsLeads/Application/LeadLifecycleOrchestration/LeadLifecycleTransitionRequest.php","A ","HISTORICAL_TRACKED_BASELINE","900","a5d014f38f0d77da9f70f66a49d1e8cd7f3a64e5c17a8b48c510ccc939349981"
"src/Modules/ContactsLeads/Application/LeadLifecyclePersistence/Contract/LeadLifecycleWorkflowStore.php","A ","HISTORICAL_TRACKED_BASELINE","914","0dc1048daaea3ed2d55caf4b2750b855354324dcf1e718cff34b33aca61dffc6"
"src/Modules/ContactsLeads/Application/LeadLifecyclePersistence/LeadId.php","A ","HISTORICAL_TRACKED_BASELINE","563","e678be219f643cb275a60627882fe8e103d2ae3c0c852a092dfca51e6e1e60cc"
"src/Modules/ContactsLeads/Application/LeadLifecyclePersistence/LeadLifecyclePersistenceReadResult.php","A ","HISTORICAL_TRACKED_BASELINE","830","bfc9a9d46e4ad6e2844191d2cab57c005217682977a0c99d70f9c145ea54f72c"
"src/Modules/ContactsLeads/Application/LeadLifecyclePersistence/LeadLifecyclePersistenceReadStatus.php","A ","HISTORICAL_TRACKED_BASELINE","227","dfd72743d050a5fd2de15ffc8e7ac3b0eff9e7eeb3a264940da3d1506f19341d"
"src/Modules/ContactsLeads/Application/LeadLifecyclePersistence/LeadLifecyclePersistenceWriteResult.php","A ","HISTORICAL_TRACKED_BASELINE","356","31fcfacc43075def8448c3a8db76ac1aa79d6d3e25613b4c1f4676789fbcfd8f"
"src/Modules/ContactsLeads/Application/LeadLifecyclePersistence/LeadLifecycleStoredState.php","A ","HISTORICAL_TRACKED_BASELINE","359","35ebc84ee8894048b0e37b60300e579459343d556b2ea1916929aeb249dcc23d"
"src/Modules/ContactsLeads/Application/LeadLifecycleTransitionContract/Contract/LeadLifecycleContextualReplayInspector.php","A ","HISTORICAL_TRACKED_BASELINE","443","3ed1dbc2f9f901adab91e11c7134e8f0433d2535362d5ea69829e672e692aaa0"
"src/Modules/ContactsLeads/Application/LeadLifecycleTransitionContract/Contract/LeadLifecycleContextualTransitionStore.php","A ","HISTORICAL_TRACKED_BASELINE","742","43c1b733304b075e290252713b5110462a5f7f112dfaa560af6ff05325744a3b"
"src/Modules/ContactsLeads/Application/LeadLifecycleTransitionContract/LeadLifecycleContextChecksum.php","A ","HISTORICAL_TRACKED_BASELINE","558","52cb2c9d4ed9a2bc35a8c2427de3b2a0fc9329da403896c4eee35e2edcb5160f"
"src/Modules/ContactsLeads/Application/LeadLifecycleTransitionContract/LeadLifecycleContextualAppend.php","A ","HISTORICAL_TRACKED_BASELINE","809","0db97b8dac969eab9d1426dc71abab84edf64199ab3462fcbff9933deaab45e2"
"src/Modules/ContactsLeads/Application/LeadLifecycleTransitionContract/LeadLifecycleContextualAppendInspection.php","A ","HISTORICAL_TRACKED_BASELINE","759","be3e778f35b3fd30ec71c6d17adc054df7f68087dd4b5ffe4e8fd7cd36449ab8"
"src/Modules/ContactsLeads/Application/LeadLifecycleTransitionContract/LeadLifecycleContextualInspectionResult.php","A ","HISTORICAL_TRACKED_BASELINE","971","23562b17a99f5795a4c71ce5d33eb5c78dba689524716a0370fe58b6aa1be95c"
"src/Modules/ContactsLeads/Application/LeadLifecycleTransitionContract/LeadLifecycleContextualInspectionStatus.php","A ","HISTORICAL_TRACKED_BASELINE","239","9d9bf9a04ebd582e2b227fa119161554768faaa4c3f18fcf84facfc60b4face4"
"src/Modules/ContactsLeads/Application/LeadLifecycleTransitionContract/LeadLifecycleContextualWriteResult.php","A ","HISTORICAL_TRACKED_BASELINE","447","dc2884161ac8732b24422117ea27bd44e6747de1fc4cc0245bf062c3245ed5eb"
"src/Modules/ContactsLeads/Application/LeadLifecycleTransitionContract/LeadLifecycleEligibilityRequirement.php","A ","HISTORICAL_TRACKED_BASELINE","184","08496ae83ccbe16d54c0b5f51ae0a6d57456c92cff257686f337b728b4ff6f4e"
"src/Modules/ContactsLeads/Application/LeadLifecycleTransitionContract/LeadLifecycleTransitionContext.php","A ","HISTORICAL_TRACKED_BASELINE","438","b2e6f17c91576ab7ac16c2405707b6f6d5c2e9b27de0d8da5d320a6c12e58708"
"src/Modules/ContactsLeads/Application/LeadLifecycleTransitionContract/LeadLifecycleTransitionEligibilityPolicy.php","A ","HISTORICAL_TRACKED_BASELINE","715","3fb1395a967a78c927039741cc36c34ee6ffde918dfc7f836de83aa2afb81c8d"
"src/Modules/ContactsLeads/Application/UseCase/CloseLead.php","A ","HISTORICAL_TRACKED_BASELINE","446","e5dff2c6a50a2e15f49db3dbcd5a7df85e97063f7d85f14df6007b1135f139a9"
"src/Modules/ContactsLeads/Application/UseCase/CreateLead.php","A ","HISTORICAL_TRACKED_BASELINE","2216","d0adb34af491eb0bc2fd181527c4fa023100e250769cc7775528c78249f2a156"
"src/Modules/ContactsLeads/Application/UseCase/DeliverLead.php","A ","HISTORICAL_TRACKED_BASELINE","450","95c7e242136a5181547ae1549399a81dd5d3f88d88b458a6e3c113f628f4eefc"
"src/Modules/ContactsLeads/Application/UseCase/LeadUseCase.php","A ","HISTORICAL_TRACKED_BASELINE","625","76a7da98e19885142fb498ce11f9e3e0ff0c42cea35705a71354143f1a33e9cd"
"src/Modules/ContactsLeads/Application/UseCase/RejectLead.php","A ","HISTORICAL_TRACKED_BASELINE","559","54e2018b24d0ee25832592efd07e7d8db99619cf80b1fa339f98783bcf6bc62c"
"src/Modules/ContactsLeads/Domain/Event/AbstractLeadEvent.php","A ","HISTORICAL_TRACKED_BASELINE","1386","cc9b5fd8cab2f91a6d34064162a5cc50c5e1faecea42c201c87fbc90215d9f44"
"src/Modules/ContactsLeads/Domain/Event/LeadClosed.php","A ","HISTORICAL_TRACKED_BASELINE","122","5abe3c43812cd8853a0f555fa4e7c8c774041cd7c30b9ac84b66e58a106e5d9f"
"src/Modules/ContactsLeads/Domain/Event/LeadCreated.php","A ","HISTORICAL_TRACKED_BASELINE","768","86e4dfbe3406e232ff7c1e9634fe2770658ca47d3560cb001f0234df1f31b394"
"src/Modules/ContactsLeads/Domain/Event/LeadDelivered.php","A ","HISTORICAL_TRACKED_BASELINE","125","5a0d0d73c7b32f2c1bffe56524bb0ba7eb03b0091df0c33d00ea30fe1cdff64b"
"src/Modules/ContactsLeads/Domain/Event/LeadEvent.php","A ","HISTORICAL_TRACKED_BASELINE","612","1064907bd769670535588c9b0caad08ed72ad1a1acbc51f87e8f0ac5bece41a3"
"src/Modules/ContactsLeads/Domain/Event/LeadEventMetadata.php","A ","HISTORICAL_TRACKED_BASELINE","192","a808e797185f8e2a1487341232be233c1ef70ff25603fc4db1993f95b224ea34"
"src/Modules/ContactsLeads/Domain/Event/LeadRejected.php","A ","HISTORICAL_TRACKED_BASELINE","678","58e36e068f5fd92ff3ac6d9aa6e4cdb4e71746ff9f53342190e19dc1da3ccf75"
"src/Modules/ContactsLeads/Domain/Exception/AdvertiserNotEligible.php","A ","HISTORICAL_TRACKED_BASELINE","124","626078623acc74a2ea42d069da7f6290923c918d6fc1f9412d5c13db5b23896d"
"src/Modules/ContactsLeads/Domain/Exception/ConcurrentLeadModification.php","A ","HISTORICAL_TRACKED_BASELINE","129","2f66da302c2f0a0af7218630e105107e503444f97f740419f1153c761b4186af"
"src/Modules/ContactsLeads/Domain/Exception/InvalidLeadValue.php","A ","HISTORICAL_TRACKED_BASELINE","244","18a96b4bc602bd7275adc940dc42710fa25f21c32cd225c8476cb07620aa3e15"
"src/Modules/ContactsLeads/Domain/Exception/LeadException.php","A ","HISTORICAL_TRACKED_BASELINE","134","c5dc30b15dcf670f6060da1a1a7ba210ffa234efff6774dfbfb6580f0c3d3076"
"src/Modules/ContactsLeads/Domain/Exception/LeadIdentityConflict.php","A ","HISTORICAL_TRACKED_BASELINE","123","61131067454360fdfae41b9d72dbfb04f7210c1aa86bcc4c8120fc49953cb45b"
"src/Modules/ContactsLeads/Domain/Exception/LeadNotFound.php","A ","HISTORICAL_TRACKED_BASELINE","115","70a02c3a8f4f797c470b3bec9ba08179418a2b1e795b8261fcb1f0ce109b1c4b"
"src/Modules/ContactsLeads/Domain/Exception/LeadViolation.php","A ","HISTORICAL_TRACKED_BASELINE","116","787afb914714cd2c77c7aec4d1af2ec90c197cbd6475b03ab50a19ae7f888b3f"
"src/Modules/ContactsLeads/Domain/Exception/ListingNotContactable.php","A ","HISTORICAL_TRACKED_BASELINE","124","98d2ded1ddb7ab84b7aba05703da5eb4a70040292d6c01d9ed3dcab69ee3b3a1"
"src/Modules/ContactsLeads/Domain/Exception/LogicalLeadDuplicate.php","A ","HISTORICAL_TRACKED_BASELINE","123","2a716e676feabb0656e78323e6efd7bbfb7b5aa7e95dd050f33ef49c3b079f6a"
"src/Modules/ContactsLeads/Domain/Model/Lead.php","A ","HISTORICAL_TRACKED_BASELINE","7340","3758fd1a027b505a476fa936c16d845244ef6ba5cc4fe534da2416c730c06614"
"src/Modules/ContactsLeads/Domain/Model/LeadHistoryEntry.php","A ","HISTORICAL_TRACKED_BASELINE","354","a92bbfbe3afd513d2fed2068467cda9e01fc16a77d6f5dfdb1ba74158b9036db"
"src/Modules/ContactsLeads/Domain/Policy/ContactChannelPolicy.php","A ","HISTORICAL_TRACKED_BASELINE","821","01a9275a7f2e1d7bc5220b509fe2c9a160048ee7e413a70bfd9c9583cbbbc164"
"src/Modules/ContactsLeads/Domain/Policy/LeadDeduplicationPolicy.php","A ","HISTORICAL_TRACKED_BASELINE","432","c7e486fe64fcf24bf2eff2836cd4a13db5561ed3faf8fb399370d84dfb736991"
"src/Modules/ContactsLeads/Domain/Policy/LeadSignaturePolicy.php","A ","HISTORICAL_TRACKED_BASELINE","805","f90c7c3c73602e1e62829b24411cd09f1800e21fed8697311a1dae2dbc0fca66"
"src/Modules/ContactsLeads/Domain/ValueObject/AdvertiserEligibility.php","A ","HISTORICAL_TRACKED_BASELINE","277","98d3a463e0543c4be1c9d76f5e65d825d6ff4b82370f3fb56f949176084ed7d1"
"src/Modules/ContactsLeads/Domain/ValueObject/AdvertiserEligibilityEvidence.php","A ","HISTORICAL_TRACKED_BASELINE","232","b6399442c8b7b1d84e9bf449798b7d55371b25f8390a9e8966fba3932f974fd9"
"src/Modules/ContactsLeads/Domain/ValueObject/AdvertiserId.php","A ","HISTORICAL_TRACKED_BASELINE","570","be9407b7258ff2f01ef9eb221d184023c4dd4b79ebac333ff22c815ab30c7b44"
"src/Modules/ContactsLeads/Domain/ValueObject/ConsentDecision.php","A ","HISTORICAL_TRACKED_BASELINE","158","b609f3c249124b5872017ea64d4f3460c4a44f82dfc869d62a18bde95f6f9701"
"src/Modules/ContactsLeads/Domain/ValueObject/ConsentProof.php","A ","HISTORICAL_TRACKED_BASELINE","1057","000747ac54595f10d94629e00d05a6028fffe499b76ffcfc8a6579b2d5bc5e84"
"src/Modules/ContactsLeads/Domain/ValueObject/ConsentPurpose.php","A ","HISTORICAL_TRACKED_BASELINE","144","0457a78755de8471004acf517b64bff7aa94a7cb581d46794aeda98eebaf3176"
"src/Modules/ContactsLeads/Domain/ValueObject/ContactChannel.php","A ","HISTORICAL_TRACKED_BASELINE","183","435b44f0eabb6fee63c0d08a7f8f4ae3461feecd6af93525554db57d51e9a216"
"src/Modules/ContactsLeads/Domain/ValueObject/ContactCoordinates.php","A ","HISTORICAL_TRACKED_BASELINE","983","e914dd6a30de5b7a0bba9f235b9f649c9b73916f2cd2906909e6dcf7d3101965"
"src/Modules/ContactsLeads/Domain/ValueObject/ContactMessage.php","A ","HISTORICAL_TRACKED_BASELINE","547","8f42037da7469edea14f6ed2ab18744087ea7dd4da74dad2a17d61e4a516034c"
"src/Modules/ContactsLeads/Domain/ValueObject/ContactSubject.php","A ","HISTORICAL_TRACKED_BASELINE","240","513b001a79ac3171aa04c92981501362d4783e75180e032a46f9aeef9a972fb9"
"src/Modules/ContactsLeads/Domain/ValueObject/EligibilityRevision.php","A ","HISTORICAL_TRACKED_BASELINE","789","33009bbfb6c87bb4b8340f74b5142d3d474af973ae0e763f89593adbc4f9d89a"
"src/Modules/ContactsLeads/Domain/ValueObject/LeadDeduplicationClaim.php","A ","HISTORICAL_TRACKED_BASELINE","217","3fdaed15e7242e0e7d2a17a0d4ea97d14f2ad7414976cc6d608b6af0edf28eeb"
"src/Modules/ContactsLeads/Domain/ValueObject/LeadEligibilityProof.php","A ","HISTORICAL_TRACKED_BASELINE","1017","2760755a0ff3c0e3a6a3ab6760f8813eb643a4a3bb04687b2a9a6a902c5778b5"
"src/Modules/ContactsLeads/Domain/ValueObject/LeadId.php","A ","HISTORICAL_TRACKED_BASELINE","558","7be02c3ff819c685779896d44b9b2e4be3b104f5994a13e4c4d5544da8e23c88"
"src/Modules/ContactsLeads/Domain/ValueObject/LeadLifecycleActorId.php","A ","HISTORICAL_TRACKED_BASELINE","575","c50473806f1d54f526b796b7dd55fe144f7d440c5c710c75b17a785b5e654a1d"
"src/Modules/ContactsLeads/Domain/ValueObject/LeadLifecycleOccurredAt.php","A ","HISTORICAL_TRACKED_BASELINE","530","810a7095df55d995deb91d9ccdc875aeca0e2349a2bb270526375ceb30940732"
"src/Modules/ContactsLeads/Domain/ValueObject/LeadRejectionReason.php","A ","HISTORICAL_TRACKED_BASELINE","299","5cbcce25a9975bc0abb5a766a464e38b3ccf49010983e9ee07a62d47d1674da8"
"src/Modules/ContactsLeads/Domain/ValueObject/LeadSignature.php","A ","HISTORICAL_TRACKED_BASELINE","293","27fddfae3f20b94aec536f17f3f6cad535f46697db9dbfbee5ceb0e19c419821"
"src/Modules/ContactsLeads/Domain/ValueObject/LeadStatus.php","A ","HISTORICAL_TRACKED_BASELINE","219","3db896b165f4c2a72a9759f2dee20f26f555984c1d5c14271cab68200c7b3829"
"src/Modules/ContactsLeads/Domain/ValueObject/LeadTimestamp.php","A ","HISTORICAL_TRACKED_BASELINE","518","809f35a566b21272a51115227680cc64c80616b96cc29c0c98043d04ece3bb1a"
"src/Modules/ContactsLeads/Domain/ValueObject/ListingContactability.php","A ","HISTORICAL_TRACKED_BASELINE","243","7ddf2051ecb595cf21546b060fdcd445836a78fb186ce705fa8841e8ba28b22a"
"src/Modules/ContactsLeads/Domain/ValueObject/ListingContactEvidence.php","A ","HISTORICAL_TRACKED_BASELINE","225","4f414095c93e79c68a1939b247f60e84ba46acf9402598a7615e052960f947f9"
"src/Modules/ContactsLeads/Domain/ValueObject/ListingId.php","A ","HISTORICAL_TRACKED_BASELINE","564","bf2dea36747fc95bb0de6d9954a778fa7aab36d1dd30376bfa7f26dc4d2bbc4e"
"src/Modules/ContactsLeads/Domain/ValueObject/VisitorIdentity.php","A ","HISTORICAL_TRACKED_BASELINE","1121","e645c1572017acf21fa535554b9a16000b379de8f3edbdea0d085df2195630ce"
"src/Modules/ContactsLeads/Domain/ValueObject/VisitorIdentityId.php","A ","HISTORICAL_TRACKED_BASELINE","581","859cee91fb67bfe7496c5bc1e616cc0662e23af06508f8a9de060f059cd8b8f1"
"src/Modules/ContactsLeads/Domain/ValueObject/VisitorIdentityType.php","A ","HISTORICAL_TRACKED_BASELINE","180","19f23c337eb4d77745d65f918f8ba81a1090dd733311e9d9f9e520d4c39df855"
"src/Modules/ContactsLeads/Infrastructure/EligibilitySource/MaterializedAdvertiserCatalog.php","A ","HISTORICAL_TRACKED_BASELINE","2044","ea8671b92db3cce5ce63cb796a680da5acdcb79b6a5548a5acc7234ebb9c7957"
"src/Modules/ContactsLeads/Infrastructure/EligibilitySource/MaterializedListingCatalog.php","A ","HISTORICAL_TRACKED_BASELINE","1666","561dddfd0a80566b043cc6e349622901851fc3d9583941c4f7db59f438f159ff"
"src/Modules/ContactsLeads/Infrastructure/Persistence/LeadEligibilitySourceDataMapper.php","A ","HISTORICAL_TRACKED_BASELINE","3903","1b26e315baea0ae6477dba2bc363ed254911354873d206b88a794fd35253cb1b"
"src/Modules/ContactsLeads/Infrastructure/Persistence/LeadLifecycleContextMapper.php","A ","HISTORICAL_TRACKED_BASELINE","981","9444d395f14cfc34aa2984b68f59eab4fb2707fbeeb8ee2909c84caa113ba87b"
"src/Modules/ContactsLeads/Infrastructure/Persistence/LeadLifecycleWorkflowMapper.php","A ","HISTORICAL_TRACKED_BASELINE","2630","e4273e92e06fa916d8b90e3b2983894ddaa76ab51fb82c121a448850d6489085"
"src/Modules/ContactsLeads/Infrastructure/Persistence/PostgreSql/Migrations/022_lead_lifecycle_workflow.down.sql","A ","HISTORICAL_TRACKED_BASELINE","64","4e48be6f19713cb01892e4b2992480917e449f553579de500dc8e8a83a665eda"
"src/Modules/ContactsLeads/Infrastructure/Persistence/PostgreSql/Migrations/022_lead_lifecycle_workflow.sql","A ","HISTORICAL_TRACKED_BASELINE","1195","d77f4ba311034e98e9a7d49cd07ba406403aab2a3f979956a3f67c763a74ca87"
"src/Modules/ContactsLeads/Infrastructure/Persistence/PostgreSql/Migrations/023_lead_eligibility_source_data.down.sql","A ","HISTORICAL_TRACKED_BASELINE","64","db6d5754840ae08763fce8be3013984f78de1559e18e718a5619f0988ad67745"
"src/Modules/ContactsLeads/Infrastructure/Persistence/PostgreSql/Migrations/023_lead_eligibility_source_data.sql","A ","HISTORICAL_TRACKED_BASELINE","1190","0108bfce7889690548314b4d92711eba1c5921e22238dbab75f25c6e2c41e9f9"
"src/Modules/ContactsLeads/Infrastructure/Persistence/PostgreSql/Migrations/024_lead_lifecycle_context.down.sql","A ","HISTORICAL_TRACKED_BASELINE","72","7f65cab2e8873d83903dc650d4f18112f71b15133223899adbed63ff38f776da"
"src/Modules/ContactsLeads/Infrastructure/Persistence/PostgreSql/Migrations/024_lead_lifecycle_context.sql","A ","HISTORICAL_TRACKED_BASELINE","632","d5e50e66b90e44c6cfa62d02763ed5af6833d3a5c6d6c7acf6b23e9ec21a21c5"
"src/Modules/ContactsLeads/Infrastructure/Persistence/PostgreSql/PostgreSqlLeadEligibilityDecisionStore.php","A ","HISTORICAL_TRACKED_BASELINE","6748","be014d73ce972ed0d4e5fcfd79d8bee2a73f9320cccfd5fc6696d3d21d3ebf54"
"src/Modules/ContactsLeads/Infrastructure/Persistence/PostgreSql/PostgreSqlLeadLifecycleContextualReplayInspector.php","A ","HISTORICAL_TRACKED_BASELINE","3672","ddc45bfd7f63d6fc5348495b2b3ec0b929114e3196ea1210f71182a879b22bf6"
"src/Modules/ContactsLeads/Infrastructure/Persistence/PostgreSql/PostgreSqlLeadLifecycleContextualTransitionRepository.php","A ","HISTORICAL_TRACKED_BASELINE","5670","54b19a0e36b38a1dd0bfe4303c963f097c85f42714273ba244d971c80ef456e5"
"src/Modules/ContactsLeads/Infrastructure/Persistence/PostgreSql/PostgreSqlLeadLifecycleWorkflowRepository.php","A ","HISTORICAL_TRACKED_BASELINE","5761","a2d6f415fb47e126e959be20a51a0d98f9e820df3b4be4a599a81263f1ad04d1"
"src/Modules/ContentSeo/.gitkeep","D ","EXPECTED_PLACEHOLDER_RETIREMENT","0",""
"src/Modules/ContentSeo/Application/Contract/ContentSeoSourceSnapshotReader.php","A ","HISTORICAL_TRACKED_BASELINE","340","be48eb5e3407d96df5deab42abceae80651eefce849e1d6c427adda1479ec686"
"src/Modules/ContentSeo/Application/Contract/ContentSeoSourceSnapshotWriter.php","A ","HISTORICAL_TRACKED_BASELINE","365","74378663c78a4881b7cd155025a798540c2c3fd7f8841dab2a3bd83898e72235"
"src/Modules/ContentSeo/Application/Contract/HistoricalCanonicalQualifier.php","A ","HISTORICAL_TRACKED_BASELINE","370","9d0beafabc37b342e7db511f020f978f5ad51b014fa31ca3d0f7c4e197802b6e"
"src/Modules/ContentSeo/Application/Contract/HistoricalRedirectResolver.php","A ","HISTORICAL_TRACKED_BASELINE","372","d0c75f27d579c8c245842c8425b597fd51965502454de83299df59016dcdbd4c"
"src/Modules/ContentSeo/Application/Contract/ListingCatalog.php","A ","HISTORICAL_TRACKED_BASELINE","285","c82b9dfa4dbef231311c9aaef11f1873696b247a9d9218f4561f4eedc1844ca1"
"src/Modules/ContentSeo/Application/Contract/PropertyCatalog.php","A ","HISTORICAL_TRACKED_BASELINE","288","bdd9263f2a336f831e29b5867ca120163c9641dac506574f58d5dd019efb524c"
"src/Modules/ContentSeo/Application/Contract/PublicGeographyCatalog.php","A ","HISTORICAL_TRACKED_BASELINE","309","c630b886437c7943c4cb912b6862d2e88fb1acc5debdcbc05a76e485813b23fa"
"src/Modules/ContentSeo/Application/Contract/PublicMediaCatalog.php","A ","HISTORICAL_TRACKED_BASELINE","297","29939d590c41a7f06f4ba5433ff70b63fb8c78f481269ee6ccae15abacccef8e"
"src/Modules/ContentSeo/Application/Contract/SearchCatalog.php","A ","HISTORICAL_TRACKED_BASELINE","282","e09446c619981fdf4b37054eea4a88a3a1838c268fb6df0daeb46062b2508727"
"src/Modules/ContentSeo/Application/Contract/SeoProjectionRegistry.php","A ","HISTORICAL_TRACKED_BASELINE","727","4158a25cfd902cb262b0fa3e4a8510042582b095a058135f55a2dd7e7e0c7bff"
"src/Modules/ContentSeo/Application/HistoricalCanonicalQualification/HistoricalCanonicalQualification.php","A ","HISTORICAL_TRACKED_BASELINE","2023","f8a8fc8e36f682fafc54d9b10b28da2b0b6b954554764bebab3d8330dd2f123a"
"src/Modules/ContentSeo/Application/HistoricalCanonicalQualification/HistoricalCanonicalQualificationDiagnostic.php","A ","HISTORICAL_TRACKED_BASELINE","753","e45d51e247d5823fb6b428168073071fdf62f3c810c16e3e2782d83c46baaf6f"
"src/Modules/ContentSeo/Application/HistoricalCanonicalQualification/HistoricalCanonicalQualificationDiagnosticCode.php","A ","HISTORICAL_TRACKED_BASELINE","331","c58fc8260f919be7e1fc131cad8840015508b19810a216a99572e114b2f925e9"
"src/Modules/ContentSeo/Application/HistoricalCanonicalQualification/HistoricalCanonicalQualificationStatus.php","A ","HISTORICAL_TRACKED_BASELINE","310","37da24941cc55b38f274b568eb72b0cc68e87efc366c9cd7132d7faaa7f05e70"
"src/Modules/ContentSeo/Application/HistoricalRedirect/Exception/InvalidHistoricalRedirectResolution.php","A ","HISTORICAL_TRACKED_BASELINE","349","733c3fa838efcb0c7d05c9939399f7454a702ec7648c3f4184068b36c44da28e"
"src/Modules/ContentSeo/Application/HistoricalRedirect/HistoricalCanonical.php","A ","HISTORICAL_TRACKED_BASELINE","370","f4fa015db014ade97f7158043e72f64e00b126386a953c28ab325a494877fa8b"
"src/Modules/ContentSeo/Application/HistoricalRedirect/HistoricalRedirectDiagnostic.php","A ","HISTORICAL_TRACKED_BASELINE","1163","03186b9f704482cdccbd1d789a03fc1447be51594e3ecccb571eab67d266aa2b"
"src/Modules/ContentSeo/Application/HistoricalRedirect/HistoricalRedirectDiagnosticCode.php","A ","HISTORICAL_TRACKED_BASELINE","524","ff44a70944f6ba99ab71ad063712340138fd649fe6e3df67c57bd0861fed92b7"
"src/Modules/ContentSeo/Application/HistoricalRedirect/HistoricalRedirectResolution.php","A ","HISTORICAL_TRACKED_BASELINE","2437","2d7480e1397bfd6d5fe1330f6610f9afb6ab3ca4f4046b5443b9f1f1e5ec363b"
"src/Modules/ContentSeo/Application/HistoricalRedirect/HistoricalRedirectStatus.php","A ","HISTORICAL_TRACKED_BASELINE","388","aeda42b07e251ca246df5ba5071b77786590608b356a9c3d686cb0ac9ef5076e"
"src/Modules/ContentSeo/Application/HistoricalRedirect/HistoricalRedirectTarget.php","A ","HISTORICAL_TRACKED_BASELINE","382","17c030a750456b09a3ba60304c7aabc06db30c53eede48ecae9d5615805c15cb"
"src/Modules/ContentSeo/Application/Snapshot/ContentSeoSnapshotReadResult.php","A ","HISTORICAL_TRACKED_BASELINE","850","84d7af3545de87ac1b1d26e4f67bea09b503b1398e18020e60616589603d87c5"
"src/Modules/ContentSeo/Application/Snapshot/ContentSeoSnapshotReadStatus.php","A ","HISTORICAL_TRACKED_BASELINE","202","453dbb9535e6352a9d76d17a1ed5aef4a30d631f5f1ab87c694e0df7110ca301"
"src/Modules/ContentSeo/Application/Snapshot/ContentSeoSnapshotWriteResult.php","A ","HISTORICAL_TRACKED_BASELINE","271","d032bc8b5a3e36a2f43eb48f208315bbc72227de6e1c9c68c2259fe0bd42e9a7"
"src/Modules/ContentSeo/Application/Snapshot/ContentSeoSourceDecision.php","A ","HISTORICAL_TRACKED_BASELINE","1819","8f7a912c5bb0c204f31c236dc862a0f626b6a3c2b238877fa2494c2e9e4c6bf9"
"src/Modules/ContentSeo/Application/UseCase/ChangeCanonical.php","A ","HISTORICAL_TRACKED_BASELINE","938","dd45306870aaf83c0c8501f6a1ee1e30f1ac6e63cf6f4056a09212917f2fb88b"
"src/Modules/ContentSeo/Application/UseCase/GenerateSeoProjection.php","A ","HISTORICAL_TRACKED_BASELINE","1268","cd3a2c64207c8fbb885e93b5a602f91d3a5450ba76ef94d437ae13f936587af0"
"src/Modules/ContentSeo/Application/UseCase/ListingSeoDecisionSources.php","A ","HISTORICAL_TRACKED_BASELINE","1834","3f4c5fd1126f8347b1144d581474ff75537543c246b5c679898cf9d170ca6724"
"src/Modules/ContentSeo/Application/UseCase/RemoveSeoProjection.php","A ","HISTORICAL_TRACKED_BASELINE","1776","2a7494531b04f22144945b3264dbfb9f59c627e56c19a36966e8910d81803419"
"src/Modules/ContentSeo/Application/UseCase/SeoSources.php","A ","HISTORICAL_TRACKED_BASELINE","1270","5cd2065e601c042d74283c115186a594114e9298d2f9d41e9aba150d1950fbc8"
"src/Modules/ContentSeo/Application/UseCase/SeoUseCase.php","A ","HISTORICAL_TRACKED_BASELINE","711","03aa4c1b0542a687fdf26a8492ff39b86acf3f954e8da2d0cfa46227f362fba6"
"src/Modules/ContentSeo/Application/UseCase/UpdateSeoProjection.php","A ","HISTORICAL_TRACKED_BASELINE","1432","b76b23a876dd1834344b18db752eb94c6a68b24c673132f2f03fb9d6ea42a079"
"src/Modules/ContentSeo/Domain/Event/AbstractSeoEvent.php","A ","HISTORICAL_TRACKED_BASELINE","1182","2eafc9450594ab88686e925d2273e04d3cbc4720921fd4fac7f9fbb0ab23e46e"
"src/Modules/ContentSeo/Domain/Event/CanonicalChanged.php","A ","HISTORICAL_TRACKED_BASELINE","556","100dc004b08a88a0d275ed5c42fe1fbcb1a38e4c655ff95067de99f8f4103834"
"src/Modules/ContentSeo/Domain/Event/SeoEvent.php","A ","HISTORICAL_TRACKED_BASELINE","469","59a4fd2af196fd2d63c2a468fcb2f81849d097d49a2abc1b4305dfdc0439a4e4"
"src/Modules/ContentSeo/Domain/Event/SeoEventMetadata.php","A ","HISTORICAL_TRACKED_BASELINE","188","0edd28890456bf2bd0a291c47619603101ae9ca5667f7bd71a25f62fc3c98e9b"
"src/Modules/ContentSeo/Domain/Event/SeoFailSafeApplied.php","A ","HISTORICAL_TRACKED_BASELINE","536","eaaca01c67fc29fb073e3d2de6b510299c2dec402547c08c8e9dc7de1c023836"
"src/Modules/ContentSeo/Domain/Event/SeoProjectionGenerated.php","A ","HISTORICAL_TRACKED_BASELINE","524","937bfdf50df3f6525a690648a1f8b96f43b666d417c5331a42354ff1737e6819"
"src/Modules/ContentSeo/Domain/Event/SeoProjectionUpdated.php","A ","HISTORICAL_TRACKED_BASELINE","522","a405cbeec7aabaee09dd4a616394e52c5342ad60998288754223897f9b6949a3"
"src/Modules/ContentSeo/Domain/Event/SitemapChanged.php","A ","HISTORICAL_TRACKED_BASELINE","696","d31a402dee028a4299e72a8639f31443f76446121accd565f064b639aeb21b73"
"src/Modules/ContentSeo/Domain/Exception/CanonicalUrlConflict.php","A ","HISTORICAL_TRACKED_BASELINE","119","1a0a6906f1c235bfdd6992d73a535e2d8450a30e4f0cfc01507178304b8b3a5e"
"src/Modules/ContentSeo/Domain/Exception/ConcurrentSeoModification.php","A ","HISTORICAL_TRACKED_BASELINE","124","62c71e0d2bd557ad21a65df9f751c5ce61ef6e771f60a874dcf5cb7e5d5d1184"
"src/Modules/ContentSeo/Domain/Exception/DuplicateSeoFact.php","A ","HISTORICAL_TRACKED_BASELINE","115","61f814fcf5fac8ff66818707077031773ea4267b3f842752a0995d6c24b1cfad"
"src/Modules/ContentSeo/Domain/Exception/InconsistentSeoSources.php","A ","HISTORICAL_TRACKED_BASELINE","121","71c5e5d5bb5f2ca1c802bfc7409273cd05311639229fbc22a4c77bd6dcd25598"
"src/Modules/ContentSeo/Domain/Exception/InvalidSeoValue.php","A ","HISTORICAL_TRACKED_BASELINE","238","4f171850e1890446419d8fcb7f0bd06abdd92bcf696905a0e854286c55baeba4"
"src/Modules/ContentSeo/Domain/Exception/ListingSeoConflict.php","A ","HISTORICAL_TRACKED_BASELINE","117","c201cf03f50c60a66e76230e264d2f694b1236858f30047aec79f3716c8b72f3"
"src/Modules/ContentSeo/Domain/Exception/SeoException.php","A ","HISTORICAL_TRACKED_BASELINE","130","e4bde0d28bb1e0881c2ae56000834b3943fe6f793ee8256400cf889b06ea93e0"
"src/Modules/ContentSeo/Domain/Exception/SeoProjectionIdentityConflict.php","A ","HISTORICAL_TRACKED_BASELINE","128","9485863f04fe8e494d0857097d91bec40737c86e0887835443c3b53d561fcd6d"
"src/Modules/ContentSeo/Domain/Exception/SeoProjectionNotFound.php","A ","HISTORICAL_TRACKED_BASELINE","120","f2918733bd5a434d12163be5619bb83a4ad14dc47d00ce4d411fa5db7d556533"
"src/Modules/ContentSeo/Domain/Exception/SeoSourceUnavailable.php","A ","HISTORICAL_TRACKED_BASELINE","119","94fb9c366feaacc6c9eed253c666ab42092f50b5d253e438f9b44a982ed5cf3b"
"src/Modules/ContentSeo/Domain/Exception/SeoViolation.php","A ","HISTORICAL_TRACKED_BASELINE","111","d513dc5fc89834140bae17eb43f8e8fb65451205f64ad8a429f77862122b70d5"
"src/Modules/ContentSeo/Domain/Exception/StaleSeoProjection.php","A ","HISTORICAL_TRACKED_BASELINE","117","ebb6448198cedb3425ffc7eb43e95bab9bf7ccdf16d2a9e771a44fd8cd6b3425"
"src/Modules/ContentSeo/Domain/Model/BreadcrumbItem.php","A ","HISTORICAL_TRACKED_BASELINE","477","8a701554aefea9317b69fac96571529b60c659f6e5145fa5d2ee962a6ae57a7b"
"src/Modules/ContentSeo/Domain/Model/CanonicalHistoryEntry.php","A ","HISTORICAL_TRACKED_BASELINE","549","6ca82d1878fce36b32312698eae0f38d73da615553adfa4d0ba724418664be49"
"src/Modules/ContentSeo/Domain/Model/ListingSeoDecision.php","A ","HISTORICAL_TRACKED_BASELINE","4691","99193a00cdee132d2b93465f31c67d74d50bdf77a3bc9df80ebfd6b691664818"
"src/Modules/ContentSeo/Domain/Model/ListingSeoSource.php","A ","HISTORICAL_TRACKED_BASELINE","1022","84168b68a8550ae17ddbcc66d6cc7694efd14f8c6d3256f075ba28c3de163616"
"src/Modules/ContentSeo/Domain/Model/PropertySeoSource.php","A ","HISTORICAL_TRACKED_BASELINE","479","363497834e76b2cc40c837365a7b91a7704410469cc9648b7d558620a381a677"
"src/Modules/ContentSeo/Domain/Model/PublicGeographySeoSource.php","A ","HISTORICAL_TRACKED_BASELINE","573","f3e9117a31afd38f17e8e21b2274e5422dcba93b4ff1b5e1a36772ca983ed67d"
"src/Modules/ContentSeo/Domain/Model/PublicJsonLd.php","A ","HISTORICAL_TRACKED_BASELINE","981","21733d63ed7e3e7b8f61213c0cc2a70f6d6c268229e47e5d6f7ae6908c91f360"
"src/Modules/ContentSeo/Domain/Model/PublicMediaSeoSource.php","A ","HISTORICAL_TRACKED_BASELINE","322","5f46db9b8783b2eda8cac5739679e28b660a0f20775f37defe9d3cf1df661d35"
"src/Modules/ContentSeo/Domain/Model/SearchSeoSource.php","A ","HISTORICAL_TRACKED_BASELINE","423","423370c447279901ef68935de05cb2152a2a140a43a6745bd25f7ba87d9ff0d2"
"src/Modules/ContentSeo/Domain/Model/SeoDocument.php","A ","HISTORICAL_TRACKED_BASELINE","702","a44244b620e59c4fbf5d9500c18f9b79ca810fbb125d858f394e827a297830fa"
"src/Modules/ContentSeo/Domain/Model/SeoMaterial.php","A ","HISTORICAL_TRACKED_BASELINE","2254","149a287b8946d07eb012c9b67decb7acf73270ef33660cf025a8a166c585677f"
"src/Modules/ContentSeo/Domain/Model/SeoProjection.php","A ","HISTORICAL_TRACKED_BASELINE","6657","0c0b325ff6bafd9fa72ef4c045c31dd4c0c72dc70d9c95a736ddc0aae21f1320"
"src/Modules/ContentSeo/Domain/Model/StructuredData.php","A ","HISTORICAL_TRACKED_BASELINE","964","5ae92153ba73eab1e64b3cc9f46a6e71b2864a98155d12eb201f277f4cec7fb8"
"src/Modules/ContentSeo/Domain/Policy/CanonicalHistoryPolicy.php","A ","HISTORICAL_TRACKED_BASELINE","1412","c559b651276e16dc4e7e73241648106db9445019be152ed0ef89e4f43eb80420"
"src/Modules/ContentSeo/Domain/Policy/CanonicalPolicy.php","A ","HISTORICAL_TRACKED_BASELINE","314","67e705eedefedcaf41bfe3eead30b195a042834db20d852505926bba845b8373"
"src/Modules/ContentSeo/Domain/Policy/ListingSeoDecisionPolicy.php","A ","HISTORICAL_TRACKED_BASELINE","7647","e99e154c2e44598af51dccaf9c6ffac914da13a74cbb70b624217564639fb6f2"
"src/Modules/ContentSeo/Domain/Policy/SeoFreshnessPolicy.php","A ","HISTORICAL_TRACKED_BASELINE","1571","65073c7c007ffcd08eee9a688ea31c1b856656a08b3507d089feb0da2b4b0956"
"src/Modules/ContentSeo/Domain/Policy/SeoGenerationPolicy.php","A ","HISTORICAL_TRACKED_BASELINE","2705","00333a886e62ba5c70f392f6798ef6e0d5fca5633185286ecd84fc473cd214a1"
"src/Modules/ContentSeo/Domain/ValueObject/CanonicalDisposition.php","A ","HISTORICAL_TRACKED_BASELINE","188","52f3a31c4578b98f430dc2132cfa6970554d37eb04f9b880935db0fc46d34f0e"
"src/Modules/ContentSeo/Domain/ValueObject/CanonicalUrl.php","A ","HISTORICAL_TRACKED_BASELINE","1513","a59aa93a4148d8602a6ad1a532197b62bb811bd486761f11b39d6f97781517f6"
"src/Modules/ContentSeo/Domain/ValueObject/ExpiredListingTreatment.php","A ","HISTORICAL_TRACKED_BASELINE","219","2a7c66ca8306144f9bd69692be48d67464c3d096a1c43ccae14febba0b20dbbd"
"src/Modules/ContentSeo/Domain/ValueObject/HtmlRobotsDirective.php","A ","HISTORICAL_TRACKED_BASELINE","798","bb6236904840cf2567f10ea72c3a4f26ff7e3f26516a75cff58db6127b0d7981"
"src/Modules/ContentSeo/Domain/ValueObject/ListingId.php","A ","HISTORICAL_TRACKED_BASELINE","556","bafe963fbd9a467203cf615b731879a5007ffe110d48bf2c1439ced92750de0c"
"src/Modules/ContentSeo/Domain/ValueObject/ListingSeoState.php","A ","HISTORICAL_TRACKED_BASELINE","234","0b3ea029a85713a66db8c0f6127d5bea14de65a62768c19b0f179f946f051e87"
"src/Modules/ContentSeo/Domain/ValueObject/MetaDescription.php","A ","HISTORICAL_TRACKED_BASELINE","540","4b9c6d554b2a3b010a07b041f906dc9c80d1bf4458fa19b772c1363632288b95"
"src/Modules/ContentSeo/Domain/ValueObject/PropertySeoState.php","A ","HISTORICAL_TRACKED_BASELINE","202","ce52b49adb55dde53eac74f4f86a53dae4af5c43a23be20fa391bb807789e654"
"src/Modules/ContentSeo/Domain/ValueObject/PublicMediaUrl.php","A ","HISTORICAL_TRACKED_BASELINE","745","6822a4492886aa395e10f6c4e8a3981973c062211f0ff4d3b2897cb3beccd7e3"
"src/Modules/ContentSeo/Domain/ValueObject/RobotsPolicy.php","A ","HISTORICAL_TRACKED_BASELINE","176","3b59b6f0375f624c3dffe9cd294fed163adb2d4543a2a4f3cf47a25b8e91d28c"
"src/Modules/ContentSeo/Domain/ValueObject/SearchSeoState.php","A ","HISTORICAL_TRACKED_BASELINE","152","735ed8c4d3a3069d648c9118e07c93f4fd1608949e0ee1eced354791b1c01fca"
"src/Modules/ContentSeo/Domain/ValueObject/SeoFailSafeReason.php","A ","HISTORICAL_TRACKED_BASELINE","240","c62821740d28080950b4a27214f9eb77249415ab312173bd76d2e0b8d25eab68"
"src/Modules/ContentSeo/Domain/ValueObject/SeoIndexability.php","A ","HISTORICAL_TRACKED_BASELINE","172","f437704be027b9d9e0ed20404bc5c8b18cd8b1d554ca87d19b755ab507c92393"
"src/Modules/ContentSeo/Domain/ValueObject/SeoPageTreatment.php","A ","HISTORICAL_TRACKED_BASELINE","154","9b2d39fc5cafbed163a7c65fda9012c569dd9252c1bc95c8f03ab0fd6f6dfe80"
"src/Modules/ContentSeo/Domain/ValueObject/SeoProjectionId.php","A ","HISTORICAL_TRACKED_BASELINE","569","dbe8dfae36bb1afd07b5fb472abb995461bbd740d4ac6a8c46db5007ee317f5e"
"src/Modules/ContentSeo/Domain/ValueObject/SeoProjectionState.php","A ","HISTORICAL_TRACKED_BASELINE","158","6aeb737773adf3ca08019c2997884ebb7c301bbb229a64cfd80853ac5b6e54c6"
"src/Modules/ContentSeo/Domain/ValueObject/SeoSourceKind.php","A ","HISTORICAL_TRACKED_BASELINE","185","ff17af4f4a1e6c9e9c25963e156e3f4139e62a66a426e8aaedbec7b08c80c420"
"src/Modules/ContentSeo/Domain/ValueObject/SeoSourceRevision.php","A ","HISTORICAL_TRACKED_BASELINE","1262","45b79c512c765e50566396e82fecfc1be16e1bd67078579fd7585756d3ce8375"
"src/Modules/ContentSeo/Domain/ValueObject/SeoSourceRevisions.php","A ","HISTORICAL_TRACKED_BASELINE","994","b75615355e9003f6de47ac31718a7332171cc0cda761d36302838644063f6929"
"src/Modules/ContentSeo/Domain/ValueObject/SeoTitle.php","A ","HISTORICAL_TRACKED_BASELINE","525","864b1d1ca9d8bf3786639d8d4a23f16e243b57708115c45d59e8b0ae7333dd22"
"src/Modules/ContentSeo/Domain/ValueObject/SitemapPriority.php","A ","HISTORICAL_TRACKED_BASELINE","453","b215cf4fdb41d8e45a228ebc36136cb77565f3dafa34a9e9f9935280c547b846"
"src/Modules/ContentSeo/Domain/ValueObject/StructuredDataType.php","A ","HISTORICAL_TRACKED_BASELINE","152","1bb666f69205c210f15adab24019b52009683c2c312b6ab8ada51c15ec2ac849"
"src/Modules/ContentSeo/Infrastructure/Persistence/ContentSeoSourceSnapshotMapper.php","A ","HISTORICAL_TRACKED_BASELINE","7623","85e6f7949962135be73d7f05fbd804fda4c6c52eb9cd45d07b743893de5f7aed"
"src/Modules/ContentSeo/Infrastructure/Persistence/HistoricalCanonicalQualificationMapper.php","A ","HISTORICAL_TRACKED_BASELINE","2545","0f2c205de1a871ec9da9241befa7480201ae3428e2be5e66a1fd375b6f724f36"
"src/Modules/ContentSeo/Infrastructure/Persistence/HistoricalRedirectDecisionMapper.php","A ","HISTORICAL_TRACKED_BASELINE","3751","22fd8f04fd105e2f94c996ea6c9a507ca9920d21b93a921d400bf0618012eac8"
"src/Modules/ContentSeo/Infrastructure/Persistence/PostgreSql/Migrations/009_content_seo_source_snapshots.sql","A ","HISTORICAL_TRACKED_BASELINE","408","9720eb6ff0d030fcd33cfb37600e5aaaf5818b44bb13324ddbaa0d34b33bc475"
"src/Modules/ContentSeo/Infrastructure/Persistence/PostgreSql/Migrations/013_historical_redirect_decisions.down.sql","A ","HISTORICAL_TRACKED_BASELINE","64","82714251842a0a2a52a0b0bd2466f1f5812a401b0081669aba78f353f9fc9fe0"
"src/Modules/ContentSeo/Infrastructure/Persistence/PostgreSql/Migrations/013_historical_redirect_decisions.sql","A ","HISTORICAL_TRACKED_BASELINE","1318","3e97f42b6ba64c92e514afd16d8fd1a99c67ad16d1704846751e0a033d7362de"
"src/Modules/ContentSeo/Infrastructure/Persistence/PostgreSql/Migrations/014_historical_canonical_qualifications.down.sql","A ","HISTORICAL_TRACKED_BASELINE","70","21efc532d96ce1f6dba5c505dc3f0edb0371e91e415f45ee7ae041b6c9beb3b0"
"src/Modules/ContentSeo/Infrastructure/Persistence/PostgreSql/Migrations/014_historical_canonical_qualifications.sql","A ","HISTORICAL_TRACKED_BASELINE","908","a7efb60c9af622ae144cd1298bc6b20618b3439683942a19f7216ec94ea70501"
"src/Modules/ContentSeo/Infrastructure/Persistence/PostgreSql/PostgreSqlContentSeoSourceSnapshotReader.php","A ","HISTORICAL_TRACKED_BASELINE","1393","144d833a58f879f0ff1a973f9cf0d1ecca0663d25f0fb3b626e03c9428386ebc"
"src/Modules/ContentSeo/Infrastructure/Persistence/PostgreSql/PostgreSqlContentSeoSourceSnapshotWriter.php","A ","HISTORICAL_TRACKED_BASELINE","3843","fb3e30219c77f2ce7884b3bc8b0dcd1c65bf8474752ba521e015ab23c7de100f"
"src/Modules/ContentSeo/Infrastructure/Persistence/PostgreSql/PostgreSqlHistoricalCanonicalQualifier.php","A ","HISTORICAL_TRACKED_BASELINE","1334","17aaebc0e6917c435bb70d54f2e846bef355e7ee225fea02338e3b33e53009e1"
"src/Modules/ContentSeo/Infrastructure/Persistence/PostgreSql/PostgreSqlHistoricalRedirectResolver.php","A ","HISTORICAL_TRACKED_BASELINE","1400","39fc477a6bcd64f191a1a5390bf7d678da319730b00ee8de067a95f4a13edc83"
"src/Modules/Geography/.gitkeep","D ","EXPECTED_PLACEHOLDER_RETIREMENT","0",""
"src/Modules/Geography/Application/Contract/PlaceRegistry.php","A ","HISTORICAL_TRACKED_BASELINE","826","8b4371170e61d22d811a36b81a2a18f7c7a028097aa4299644cc7e0e2d400d67"
"src/Modules/Geography/Application/PlaceLifecycle/PlaceLifecycleAction.php","A ","HISTORICAL_TRACKED_BASELINE","193","6664fb3a4085184d3dc05654f6ab88680c842f0b7a478475700af27ded5a185e"
"src/Modules/Geography/Application/PlaceLifecycle/PlaceLifecycleCurrentState.php","A ","HISTORICAL_TRACKED_BASELINE","299","8a1a86c85702b7444441f577a9ebe175f2ad1d777d80ea2bf08f510ec0d63c1c"
"src/Modules/Geography/Application/PlaceLifecycle/PlaceLifecycleDecision.php","A ","HISTORICAL_TRACKED_BASELINE","494","33d15da7d954f7b46b10c7c5720b0feafa0f72d651de7f686a419a49f75f7ed8"
"src/Modules/Geography/Application/PlaceLifecycle/PlaceLifecycleState.php","A ","HISTORICAL_TRACKED_BASELINE","198","c7bb6272357a158e8376fa63406d2687ccc8bb0bd699991103c23d3ccb034a61"
"src/Modules/Geography/Application/PlaceLifecycle/PlaceLifecycleTransition.php","A ","HISTORICAL_TRACKED_BASELINE","290","7965955274d05e2797e52f179a158432d134b9fea229368fc0a37c24e3ec35d3"
"src/Modules/Geography/Application/PlaceLifecycle/PlaceLifecycleWorkflow.php","A ","HISTORICAL_TRACKED_BASELINE","3785","c88ee33210e1cf554fa555040dcd552dd2226ea30512ca6692b62368c4ff1c5c"
"src/Modules/Geography/Application/PlaceLifecycle/PlaceLifecycleWorkflowResult.php","A ","HISTORICAL_TRACKED_BASELINE","660","1a04fba06a10669206c35bc9ac1d31db83c1ccfb4956835563009050c7af9adb"
"src/Modules/Geography/Application/PlaceLifecycleEvent/PlaceLifecycleEventCatalog.php","A ","HISTORICAL_TRACKED_BASELINE","2473","af890cbefafa4974ab6b52166a852f60fcca8918e3ec49e10c8781d936644bef"
"src/Modules/Geography/Application/PlaceLifecycleEvent/PlaceLifecycleEventId.php","A ","HISTORICAL_TRACKED_BASELINE","1180","9c67096b89173d79e1d129c0382bbf8954d5678ed4c7c78f2dcd160b10ebffaa"
"src/Modules/Geography/Application/PlaceLifecycleEvent/PlaceLifecycleEventPayloadV1.php","A ","HISTORICAL_TRACKED_BASELINE","1999","278c71a66ece8cb2bb8a35a01b4ffb677ac2e8259522e6cdb2acc3f8081b9ac5"
"src/Modules/Geography/Application/PlaceLifecycleEvent/PlaceLifecycleEventPayloadVersion.php","A ","HISTORICAL_TRACKED_BASELINE","141","57f9b74cf74bd9b18d0c9918ec90b78ffd9c78276a2b9bf54c83a801b986358b"
"src/Modules/Geography/Application/PlaceLifecycleEvent/PlaceLifecycleEventType.php","A ","HISTORICAL_TRACKED_BASELINE","255","a12988cbc0984a3442f0c524f349526cca30c042353f4d43cf682253d9821c91"
"src/Modules/Geography/Application/PlaceLifecycleEvent/PlaceLifecycleEventV1.php","A ","HISTORICAL_TRACKED_BASELINE","1671","d7e686af3791634fd1317e1a841afc792383e1944839cd6ecfa4271edd28a3f0"
"src/Modules/Geography/Application/PlaceLifecycleOrchestration/PlaceLifecycleOrchestrationRequest.php","A ","HISTORICAL_TRACKED_BASELINE","571","c6f97b060a70799e810f378ca643d9125fcb8efae7d1fa47f161dd9b6e5dcc62"
"src/Modules/Geography/Application/PlaceLifecycleOrchestration/PlaceLifecycleOrchestrationResult.php","A ","HISTORICAL_TRACKED_BASELINE","509","196dfef441dea056cf0fcf6538275fa18e8ca4cf19257847e20ff5a189141019"
"src/Modules/Geography/Application/PlaceLifecycleOrchestration/PlaceLifecycleOrchestrationStatus.php","A ","HISTORICAL_TRACKED_BASELINE","675","7054568a801f49c38744228ce1ae8c910169030d7af325d19b2b82a529b30e48"
"src/Modules/Geography/Application/PlaceLifecycleOrchestration/PlaceLifecycleOrchestrator.php","A ","HISTORICAL_TRACKED_BASELINE","5209","cd729ff06d2fa053f975bd6709c79c87ca2cdb350a290dac72d58459c5a186fd"
"src/Modules/Geography/Application/PlaceLifecyclePersistence/Contract/PlaceLifecycleWorkflowStore.php","A ","HISTORICAL_TRACKED_BASELINE","1040","ea6016e18dc0ff599937c3cef8d44bc7c66b2ad5d712c0200475afcd9befc779"
"src/Modules/Geography/Application/PlaceLifecyclePersistence/PlaceLifecyclePersistenceReadResult.php","A ","HISTORICAL_TRACKED_BASELINE","901","f6dcfc6f282c82ee40831055a0266047baddde3aa246c4241f33c257de61efc0"
"src/Modules/Geography/Application/PlaceLifecyclePersistence/PlaceLifecyclePersistenceReadStatus.php","A ","HISTORICAL_TRACKED_BASELINE","225","73529a396c7984274c2cfccd74128070aaa7255217be4672229616f2779d0488"
"src/Modules/Geography/Application/PlaceLifecyclePersistence/PlaceLifecyclePersistenceWriteResult.php","A ","HISTORICAL_TRACKED_BASELINE","427","08302d9ba9e30df09d4cdaefb4efd375829d3f1ae44e3aced74f6c7b6d4cd420"
"src/Modules/Geography/Application/PlaceLifecyclePersistence/PlaceLifecycleStoredState.php","A ","HISTORICAL_TRACKED_BASELINE","592","0a0dcc82d36f2d0df4d31082e0e4f5b4ecd40e3052a2aba2f4537349875455cf"
"src/Modules/Geography/Application/PlaceMergeContext/Contract/PlaceMergeContextInspector.php","A ","HISTORICAL_TRACKED_BASELINE","468","020c7a635de69a2894f48516377bc7f08f15dd80eb65e05ee57d66e0d7323ae9"
"src/Modules/Geography/Application/PlaceMergeContext/Contract/PlaceMergeReplayClassifier.php","A ","HISTORICAL_TRACKED_BASELINE","539","6a772702d04ce8998580ba8edbac420f91ecd37ac1027fee9b177af456f3be5f"
"src/Modules/Geography/Application/PlaceMergeContext/DeterministicPlaceMergeReplayClassifier.php","A ","HISTORICAL_TRACKED_BASELINE","923","e9696c67950bc76638b308efecf4af3d54508c54f5f43ba4be29b88dc2d8f3da"
"src/Modules/Geography/Application/PlaceMergeContext/PlaceMergeActorId.php","A ","HISTORICAL_TRACKED_BASELINE","577","36733b05dc48b6540ed541514b66845e6735e9e00a0ad09194c9a239025d861d"
"src/Modules/Geography/Application/PlaceMergeContext/PlaceMergeContextInspection.php","A ","HISTORICAL_TRACKED_BASELINE","493","bcdc566a88c1e217467d06d2386de4dc836c2146d3ee2b72a092c645a21d5103"
"src/Modules/Geography/Application/PlaceMergeContext/PlaceMergeContextInspectionResult.php","A ","HISTORICAL_TRACKED_BASELINE","1128","8f3826f9a5cb5d94bf4f47836843a8cc228dc0c651b000d22d0d2ad396ea12d8"
"src/Modules/Geography/Application/PlaceMergeContext/PlaceMergeContextInspectionStatus.php","A ","HISTORICAL_TRACKED_BASELINE","215","f83d16f4b786582469590c9f90bb7b3b259170bbad62bd9996b92a2d441fb017"
"src/Modules/Geography/Application/PlaceMergeContext/PlaceMergeContextV1.php","A ","HISTORICAL_TRACKED_BASELINE","1062","ccc39cc2e42483f27fdf5d31aa27277df77882b6f442777ace9433b957d6e763"
"src/Modules/Geography/Application/PlaceMergeContext/PlaceMergeContextVersion.php","A ","HISTORICAL_TRACKED_BASELINE","130","919b0ba7e42e52bc59e8e5fb5a0c6e7e4292b3dfeca05435f82e9e0d16b88ffc"
"src/Modules/Geography/Application/PlaceMergeContext/PlaceMergeExpectedSourceVersion.php","A ","HISTORICAL_TRACKED_BASELINE","358","4ade7dcb8289ec32df5b7ae72192ed204fe1e460d251eb8c1e002e5d14804f4f"
"src/Modules/Geography/Application/PlaceMergeContext/PlaceMergeIntentId.php","A ","HISTORICAL_TRACKED_BASELINE","579","bd0457884577aeaa8de534c99172b30119b6a0ea0462351330c27cddfb52118b"
"src/Modules/Geography/Application/PlaceMergeContext/PlaceMergeObservedState.php","A ","HISTORICAL_TRACKED_BASELINE","205","bded02577d957707e7c1831f6568032d45b65245fa80099fd248e9ec823d7cf3"
"src/Modules/Geography/Application/PlaceMergeContext/PlaceMergeObservedTargetVersion.php","A ","HISTORICAL_TRACKED_BASELINE","358","87dc7c0d0d05678f15bb359cc4482934a6c5b06e6565fc4bfc1e1dc3110ef3a2"
"src/Modules/Geography/Application/PlaceMergeContext/PlaceMergeOccurredAt.php","A ","HISTORICAL_TRACKED_BASELINE","634","92ee0ba18fddb4def4ee2dbed234565bbbdfd1efbb5784ac9b1975c89b06b338"
"src/Modules/Geography/Application/PlaceMergeContext/PlaceMergeReplayOutcome.php","A ","HISTORICAL_TRACKED_BASELINE","349","69e3ce86572f14da36503b6bee59bad7abd4342e9e08ba4ac353a6cf4e13d49e"
"src/Modules/Geography/Application/UseCase/CreatePlace.php","A ","HISTORICAL_TRACKED_BASELINE","1323","8719b67d217ef172213dfaf4a71b532c6312a6cfb513402450c170dcb85dc271"
"src/Modules/Geography/Application/UseCase/DisablePlace.php","A ","HISTORICAL_TRACKED_BASELINE","763","c7b521a14bd21242eb1e5b7a545c216f3f8716aa39af8b6804980256b89ca447"
"src/Modules/Geography/Application/UseCase/EnablePlace.php","A ","HISTORICAL_TRACKED_BASELINE","761","99d803b6ff22850454650b1bdc1d57ad209595c010edecdabac1220562dedb27"
"src/Modules/Geography/Application/UseCase/MergePlace.php","A ","HISTORICAL_TRACKED_BASELINE","908","aa069eb30ce7e6196a7e3f07a1c9840de1120751c1604ce8140c8c2f953a66c4"
"src/Modules/Geography/Application/UseCase/RenamePlace.php","A ","HISTORICAL_TRACKED_BASELINE","850","6a9c95ca5c7cc5ce2e66131768c7207df86b1e93b721480b0d9fbda9628498fa"
"src/Modules/Geography/Domain/Contract/PlaceLookup.php","A ","HISTORICAL_TRACKED_BASELINE","240","91798dec60c18ec5a1c38e80ea6e3b82f0e0df40c071f09e7c79e165c6a600b0"
"src/Modules/Geography/Domain/Event/PlaceCreated.php","A ","HISTORICAL_TRACKED_BASELINE","1178","253d228e7ebf7c67aa45c0b6965c0153136b840ec99e4df08accf6ad8df97ecd"
"src/Modules/Geography/Domain/Event/PlaceDisabled.php","A ","HISTORICAL_TRACKED_BASELINE","640","f8e9d28ddea235776ef358f27c4e6936a3f1c54036c87d0e07917795fe3a392c"
"src/Modules/Geography/Domain/Event/PlaceEnabled.php","A ","HISTORICAL_TRACKED_BASELINE","639","3a24028d6fb4a96b72cba2d8f25608c76923cc4d7dc180f4b89e0d28ae1dc14f"
"src/Modules/Geography/Domain/Event/PlaceEvent.php","A ","HISTORICAL_TRACKED_BASELINE","303","f42b2cf0f2b071279b00f78bae72c0b156f1143d5878c1719f422e07857be231"
"src/Modules/Geography/Domain/Event/PlaceMerged.php","A ","HISTORICAL_TRACKED_BASELINE","677","a1708f2d0f548e454de548ad56754cf86ed7021b7834bc41821da6912005b3f6"
"src/Modules/Geography/Domain/Event/PlaceRenamed.php","A ","HISTORICAL_TRACKED_BASELINE","773","f6ec690764a6cd83b796ea74314e71b0025847c51191147c91fdb91a37d6274b"
"src/Modules/Geography/Domain/Exception/CannotMergePlaceIntoItself.php","A ","HISTORICAL_TRACKED_BASELINE","247","a474795ce5f1d539b3690391984061e66e3ea7f13e2138a40d80943d92e499ed"
"src/Modules/Geography/Domain/Exception/ConcurrentPlaceModification.php","A ","HISTORICAL_TRACKED_BASELINE","131","e92e9c10f19a1a6588a3fff1282bc6b6b953eef1b7eb8d60ab6d0622bdb9f4c9"
"src/Modules/Geography/Domain/Exception/DuplicatePlaceCode.php","A ","HISTORICAL_TRACKED_BASELINE","472","a32b4212a82970dec24f8673200eee925d1b843127922dab1f3f66d08da1aeac"
"src/Modules/Geography/Domain/Exception/DuplicatePlaceId.php","A ","HISTORICAL_TRACKED_BASELINE","337","e682a198cd0055ce79be46361cb661af8323cb9005378372fb3ab20eb3b4b8a5"
"src/Modules/Geography/Domain/Exception/GeographyException.php","A ","HISTORICAL_TRACKED_BASELINE","144","c795bc5e59e5ca6022dde1a1b21a3d8cc653665ffa5b7918cd1cb5ffa9b41513"
"src/Modules/Geography/Domain/Exception/InvalidCoordinates.php","A ","HISTORICAL_TRACKED_BASELINE","331","0184d5c3806c50d9ea20d10267f1e5b0e76658084e35926002e7e02af609dd4a"
"src/Modules/Geography/Domain/Exception/InvalidCountryCode.php","A ","HISTORICAL_TRACKED_BASELINE","277","7a1157aed070552f8d55eebbd8e1f76e56141d5aaa2abaef5f7135cd3ea680f0"
"src/Modules/Geography/Domain/Exception/InvalidMergeTarget.php","A ","HISTORICAL_TRACKED_BASELINE","558","e1b2fcbd6509c3ae410ef17d7e98b555e10193922ac8c586b5079fd4f7033dac"
"src/Modules/Geography/Domain/Exception/InvalidPlaceCode.php","A ","HISTORICAL_TRACKED_BASELINE","277","f6fd1a931d3760f72c3a6166f1ea8d1d803fe02cd63df3960a328f5033e2bd2c"
"src/Modules/Geography/Domain/Exception/InvalidPlaceHierarchy.php","A ","HISTORICAL_TRACKED_BASELINE","1656","1cbf0e41f48937daa5bb449753b885196c5a2c9e882664aa80e0b49470ce0004"
"src/Modules/Geography/Domain/Exception/InvalidPlaceId.php","A ","HISTORICAL_TRACKED_BASELINE","272","68461f4c51537dde2626442af9d630e5db3230d0d1eafc34bbeaa301ba337543"
"src/Modules/Geography/Domain/Exception/InvalidPlaceName.php","A ","HISTORICAL_TRACKED_BASELINE","307","d8c3f77a37e01f07d7979cbc8cc4cb594ed9e077b110c880d844e518946453bc"
"src/Modules/Geography/Domain/Exception/InvalidPlaceState.php","A ","HISTORICAL_TRACKED_BASELINE","121","7e6a094bb4c30593abfba5dbcfbaf824165bd6d1b868f9a1755098a3c4b29f9c"
"src/Modules/Geography/Domain/Exception/PlaceAlreadyDisabled.php","A ","HISTORICAL_TRACKED_BASELINE","234","6f8e25dface7a56868954ed8a44c7df7e91f194e0b056568766e4007496fdb7b"
"src/Modules/Geography/Domain/Exception/PlaceAlreadyEnabled.php","A ","HISTORICAL_TRACKED_BASELINE","232","ec4c92b013623f10a5af9a2a7fb86c6c88d61305868c79aae17822bc6c702c03"
"src/Modules/Geography/Domain/Exception/PlaceAlreadyMerged.php","A ","HISTORICAL_TRACKED_BASELINE","253","a7e1ad4a7d7fbef8c64dc76de6ffb80b126327988bffeea52eabc607c5532de5"
"src/Modules/Geography/Domain/Exception/PlaceNameUnchanged.php","A ","HISTORICAL_TRACKED_BASELINE","257","806e860920ad9bb774b24ffd0b487a8400ada5848bd068a1f08c63f27e3bc2cb"
"src/Modules/Geography/Domain/Exception/PlaceNotFound.php","A ","HISTORICAL_TRACKED_BASELINE","315","9410b1a89d16e1942b3326013f3e49c925c28b65cb5ad81b2714a8f01117e219"
"src/Modules/Geography/Domain/Model/AdministrativeDivision.php","A ","HISTORICAL_TRACKED_BASELINE","334","7603d312b72d15a1d89c508f90c370f4546611cc58b862c104d7e54e67961db6"
"src/Modules/Geography/Domain/Model/GeographicAlias.php","A ","HISTORICAL_TRACKED_BASELINE","412","88e9a8dcbbbbca5bb184497a09f486bb53ddc40cc314b0cdc42dfbf11dc83c68"
"src/Modules/Geography/Domain/Model/Place.php","A ","HISTORICAL_TRACKED_BASELINE","8980","3ef194e2ec9071f2781629f2ce5f59761466957f3e3900c009f7c269ca9bc0e7"
"src/Modules/Geography/Domain/Service/PlaceHierarchy.php","A ","HISTORICAL_TRACKED_BASELINE","1295","558f62a1cf03cb0435085bf6461cac60b882952e340400b43739ad58cafb6766"
"src/Modules/Geography/Domain/ValueObject/Coordinates.php","A ","HISTORICAL_TRACKED_BASELINE","651","7c0d7762d070a418451c94e111f71f011754c1c24b4a5f23e026e59bd99f626f"
"src/Modules/Geography/Domain/ValueObject/CountryCode.php","A ","HISTORICAL_TRACKED_BASELINE","498","115d2459dabadc94b8aea18eab22fe63aab0a8d1b59aaf00aaca31dee668c66a"
"src/Modules/Geography/Domain/ValueObject/PlaceCode.php","A ","HISTORICAL_TRACKED_BASELINE","509","ca93518f0e287780594107ecb8d3c2e19f3da18ba79e179ab6c7b1b4fcb23549"
"src/Modules/Geography/Domain/ValueObject/PlaceId.php","A ","HISTORICAL_TRACKED_BASELINE","655","8945b815a05f2a893d42414985e0479618807b27b66a98dacc47dfc425e706d7"
"src/Modules/Geography/Domain/ValueObject/PlaceName.php","A ","HISTORICAL_TRACKED_BASELINE","801","07d0e0255401f6c0269e7b62544e9f3f2b6ea54fe3a9cfd36af989810fbc7bcd"
"src/Modules/Geography/Domain/ValueObject/PlaceType.php","A ","HISTORICAL_TRACKED_BASELINE","799","91def14c31ca894ac3f03e08ceddcd4e5a122e1b47b3444d2e91da153b0fac14"
"src/Modules/Geography/Infrastructure/Persistence/PlaceLifecycleWorkflowMapper.php","A ","HISTORICAL_TRACKED_BASELINE","6183","9d5b77180eb5ad7374da2bca8d319b719d73d1193d2f533af42980005f5029cd"
"src/Modules/Geography/Infrastructure/Persistence/PostgreSql/Migrations/038_place_lifecycle_workflow.down.sql","A ","HISTORICAL_TRACKED_BASELINE","93","f2e9d269d42c85c66aedec25030ab08c444c5666676bd40844315b67758e37ce"
"src/Modules/Geography/Infrastructure/Persistence/PostgreSql/Migrations/038_place_lifecycle_workflow.sql","A ","HISTORICAL_TRACKED_BASELINE","2789","d8ae732401f20c53fb6f4a6b2725f7b382313402d0b68333935890d021367d57"
"src/Modules/Geography/Infrastructure/Persistence/PostgreSql/PostgreSqlPlaceLifecycleWorkflowStore.php","A ","HISTORICAL_TRACKED_BASELINE","8195","f278d837f7819c537762e6cc8fc75fd9c4e45b9c5c8ce39013fecb0422ccbf1b"
"src/Modules/Geography/Infrastructure/Persistence/PostgreSql/PostgreSqlPlaceMergeContextInspector.php","A ","HISTORICAL_TRACKED_BASELINE","2124","38c1a361b21c0160b3d97b0a78ec0da424b1ff09b183cba8da44058bbab7d278"
"src/Modules/IdentityAccess/.gitkeep","D ","EXPECTED_PLACEHOLDER_RETIREMENT","0",""
"src/Modules/IdentityAccess/Application/AccountAvailability/AccountAvailabilityPurpose.php","A ","HISTORICAL_TRACKED_BASELINE","379","dc6052e84fd512b289ba371331f14b164365f2458d514b07beeac2449a4b9fb7"
"src/Modules/IdentityAccess/Application/AccountAvailability/AccountAvailabilityResult.php","A ","HISTORICAL_TRACKED_BASELINE","972","d1e533a8b842a656e305489650346f8628a8ef19cd4876ba78309057d2e0afca"
"src/Modules/IdentityAccess/Application/AccountAvailability/AccountAvailabilityStatus.php","A ","HISTORICAL_TRACKED_BASELINE","390","eea89ccee524ef2977956fafe4a8f8ec85d3e2767a0167243e7f659faa64b00d"
"src/Modules/IdentityAccess/Application/AccountAvailability/AccountClosureReadResult.php","A ","HISTORICAL_TRACKED_BASELINE","771","94f4ad167a3f0e44fc8cea3d8fb2211047b0bb06a1bb9fa7206890ce239d9797"
"src/Modules/IdentityAccess/Application/AccountAvailability/AccountClosureReadStatus.php","A ","HISTORICAL_TRACKED_BASELINE","239","830195af9a7ef90165460e10a2446a5cd3555546d52ab06237918192df0b1733"
"src/Modules/IdentityAccess/Application/AccountAvailability/AccountClosureState.php","A ","HISTORICAL_TRACKED_BASELINE","250","7a372fbb32c80b9fb7ac151cbbd26cac611e31bab38ddb0ec2ecefa16270bcd2"
"src/Modules/IdentityAccess/Application/AccountAvailability/Contract/AccountAvailabilityInspector.php","A ","HISTORICAL_TRACKED_BASELINE","585","5f81fa054cd5e9e729aa8a8892063900c53e2a387145b6d63b16113045d9e184"
"src/Modules/IdentityAccess/Application/AccountAvailability/Contract/AccountClosureStateReader.php","A ","HISTORICAL_TRACKED_BASELINE","361","efae4bccfaef052323b4cc6515a3da0d933420cd181f9f4a8e91185427a2751b"
"src/Modules/IdentityAccess/Application/AccountAvailability/DeterministicAccountAvailabilityInspector.php","A ","HISTORICAL_TRACKED_BASELINE","5061","fb81d6589baa3e73f0b3d99d947b9324f3740792efc1f537c4369baf86b399f6"
"src/Modules/IdentityAccess/Application/AccountStatusEvent/AccountStatusEventCatalog.php","A ","HISTORICAL_TRACKED_BASELINE","2118","7e63cb4187d91af3572cbdc6a59c250fc019ff9aef85e131456348250d068ec3"
"src/Modules/IdentityAccess/Application/AccountStatusEvent/AccountStatusEventId.php","A ","HISTORICAL_TRACKED_BASELINE","1102","c780594627b3ac6c57e7899eed5f9e7bf584d32fc912c89d85843a1f26fcfd94"
"src/Modules/IdentityAccess/Application/AccountStatusEvent/AccountStatusEventPayloadV1.php","A ","HISTORICAL_TRACKED_BASELINE","1727","0d3b5d46bfc7aa9f9009f5d2bc4b1d68ba3801ecb0a8cbfe34c5277fa75ba15d"
"src/Modules/IdentityAccess/Application/AccountStatusEvent/AccountStatusEventPayloadVersion.php","A ","HISTORICAL_TRACKED_BASELINE","144","ae8c5bc53afff5592c5b3beec6198ca7e317e56b9fc9933889a08eae35fc125e"
"src/Modules/IdentityAccess/Application/AccountStatusEvent/AccountStatusEventType.php","A ","HISTORICAL_TRACKED_BASELINE","222","6fd712b9f1d449c3c084485791b57baec7d66aeabbcf9aa2adfda3350e9b5168"
"src/Modules/IdentityAccess/Application/AccountStatusEvent/AccountStatusEventV1.php","A ","HISTORICAL_TRACKED_BASELINE","1752","c9a78d43985bae820c0f4ccf1d20de961ac4ad1885e9c0a82d46dd1c7bcd92ed"
"src/Modules/IdentityAccess/Application/AccountStatusLifecycle/AccountStatusAction.php","A ","HISTORICAL_TRACKED_BASELINE","187","32192da48d1d6804bfd36532d8d5fc79b86e81a4689d8d39002591d0760c3835"
"src/Modules/IdentityAccess/Application/AccountStatusLifecycle/AccountStatusActorId.php","A ","HISTORICAL_TRACKED_BASELINE","278","33841fbf25aef7f0659637fd8c413726dd1704f4ec613728017c9ab17907030a"
"src/Modules/IdentityAccess/Application/AccountStatusLifecycle/AccountStatusContextV1.php","A ","HISTORICAL_TRACKED_BASELINE","995","d991fd8b49a0f3f663f525374941f842ad95a222e3b16ef8a0f5ff92f2b37595"
"src/Modules/IdentityAccess/Application/AccountStatusLifecycle/AccountStatusContextVersion.php","A ","HISTORICAL_TRACKED_BASELINE","143","17e040de30d2e1832cc597e321e1f556d3d150d445b9808b02e9a3f5cdfa184c"
"src/Modules/IdentityAccess/Application/AccountStatusLifecycle/AccountStatusCurrentState.php","A ","HISTORICAL_TRACKED_BASELINE","375","259b60c88bc76abc1d20376a7dc4c0beae6b8a169f898b0d700b9e583c44e846"
"src/Modules/IdentityAccess/Application/AccountStatusLifecycle/AccountStatusDecision.php","A ","HISTORICAL_TRACKED_BASELINE","244","1e0e4ca8ce18a99f8e5de96926c943b5a78af39b495d6984ef61b696eaa9f1b0"
"src/Modules/IdentityAccess/Application/AccountStatusLifecycle/AccountStatusIntentId.php","A ","HISTORICAL_TRACKED_BASELINE","279","5bbf0b5e7a68bbaf82492385fa16395014bd9297c71e6ee9add492b2a23fbb0c"
"src/Modules/IdentityAccess/Application/AccountStatusLifecycle/AccountStatusOccurredAt.php","A ","HISTORICAL_TRACKED_BASELINE","225","c9ee5bbd73d9ba7bbe91a16999f282c0595f972e49319c80b4ccab2323313312"
"src/Modules/IdentityAccess/Application/AccountStatusLifecycle/AccountStatusState.php","A ","HISTORICAL_TRACKED_BASELINE","182","b3e7a83e7ca7128726dcbaa0c4ca23ab7b37c6493192fd7cdce633824080e47f"
"src/Modules/IdentityAccess/Application/AccountStatusLifecycle/AccountStatusTransition.php","A ","HISTORICAL_TRACKED_BASELINE","299","c16028e02dd9658e42c6bbcd271807f03658673b31d28ea8d5b68b93990b12f6"
"src/Modules/IdentityAccess/Application/AccountStatusLifecycle/AccountStatusVersion.php","A ","HISTORICAL_TRACKED_BASELINE","373","ac984f45a627a94fec58e92aed750af1c207ca8be80acd953258133f249db989"
"src/Modules/IdentityAccess/Application/AccountStatusLifecycle/AccountStatusWorkflow.php","A ","HISTORICAL_TRACKED_BASELINE","1899","b83987fb111000ac502652c90ddb505ca38797f8579b90432fd12b7dd77ed371"
"src/Modules/IdentityAccess/Application/AccountStatusLifecycle/AccountStatusWorkflowResult.php","A ","HISTORICAL_TRACKED_BASELINE","665","fcb0f9fd56d744cc8ad0243b2ac71f84d953cb7ed8a521541249b03f2e80ee19"
"src/Modules/IdentityAccess/Application/AccountStatusOrchestration/AccountStatusOrchestrationResult.php","A ","HISTORICAL_TRACKED_BASELINE","378","97ff7180198e6c2c3fdfa32b5f6f3254f55acebe8af79a6db38e1f2d6951a13e"
"src/Modules/IdentityAccess/Application/AccountStatusOrchestration/AccountStatusOrchestrationStatus.php","A ","HISTORICAL_TRACKED_BASELINE","518","9fadca1aa6779dae9d32b086f37d22f8516a8226aaa405cfcd49d3472f383a71"
"src/Modules/IdentityAccess/Application/AccountStatusOrchestration/Contract/AccountStatusOrchestrationTransaction.php","A ","HISTORICAL_TRACKED_BASELINE","411","470ccf4520ec58863f19b6b75db583fece9421609b422f464b23f9f276009784"
"src/Modules/IdentityAccess/Application/AccountStatusOrchestration/Contract/AccountStatusOrchestrator.php","A ","HISTORICAL_TRACKED_BASELINE","437","b71cf470f1379d8360482e974abaa3acaaf629031e0148c92fef178e230a1029"
"src/Modules/IdentityAccess/Application/AccountStatusOrchestration/DeterministicAccountStatusOrchestrator.php","A ","HISTORICAL_TRACKED_BASELINE","4829","add3ddeb3c8f997bc319b62d291b9ab87ea109ba447f2757145781898a05bb4e"
"src/Modules/IdentityAccess/Application/AccountStatusPersistence/AccountStatusPersistenceReadResult.php","A ","HISTORICAL_TRACKED_BASELINE","1336","404dd018ca8ca765228c6eebe7a7ca7cb17e231801a02ca8db5a636dea7bb6e4"
"src/Modules/IdentityAccess/Application/AccountStatusPersistence/AccountStatusPersistenceReadStatus.php","A ","HISTORICAL_TRACKED_BASELINE","319","bf7e8ee8227fadf0cf489617134b4d3eed0e7dad59814d670d29856e0cd8b0ce"
"src/Modules/IdentityAccess/Application/AccountStatusPersistence/AccountStatusPersistenceWriteResult.php","A ","HISTORICAL_TRACKED_BASELINE","316","ea3d5b110032e1efc4e856cd3d8b13923f0fe2712d2a4ae99bf47678d3a1ab2d"
"src/Modules/IdentityAccess/Application/AccountStatusPersistence/AccountStatusStoredState.php","A ","HISTORICAL_TRACKED_BASELINE","548","ddb64ac713c390a8d961aae47b28fc38b16e08df5ca62e7063d9a919220f0b04"
"src/Modules/IdentityAccess/Application/AccountStatusPersistence/Contract/AccountStatusWorkflowStore.php","A ","HISTORICAL_TRACKED_BASELINE","937","2d5f6d4599a0a7e9e12e81c08c7d59f5436a1417f5ef36f8f960139ca14cab8c"
"src/Modules/IdentityAccess/Application/Contract/AccountRegistry.php","A ","HISTORICAL_TRACKED_BASELINE","884","44ec30a3b3501fd674fbf018029848b268b79edeb71da92e8e962dee8b3c8d9f"
"src/Modules/IdentityAccess/Application/IdentityAccessCompletionPersistence/Contract/OwnerPersistenceStore.php","A ","HISTORICAL_TRACKED_BASELINE","525","9c58e503ac0fe9e4fc0691eaa9d7d2221710360ab1c0108e76ec0cf6bb8f2fa3"
"src/Modules/IdentityAccess/Application/IdentityAccessCompletionPersistence/OwnerPersistenceState.php","A ","HISTORICAL_TRACKED_BASELINE","964","152174eb91baa2870b9bbc305cd9a6baaf98ae2e3914393e901a8d238084b181"
"src/Modules/IdentityAccess/Application/IdentityAccessCompletionPersistence/PersistenceWriteResult.php","A ","HISTORICAL_TRACKED_BASELINE","363","2cc45458702a6b1d181a3ac9f6c8bc6f591efce81116907411b452ff8e5e6030"
"src/Modules/IdentityAccess/Application/IdentityAccessEvent/IdentityAccessEventCatalog.php","A ","HISTORICAL_TRACKED_BASELINE","417","b8f51d99553c048689ed4aee4618efb9649ea810e072a94a02a6c6f6086af635"
"src/Modules/IdentityAccess/Application/IdentityAccessEvent/IdentityAccessEventOwner.php","A ","HISTORICAL_TRACKED_BASELINE","704","5168f631f938bdf0ef8112659accbc4e50d2b8a1cc2dab61535dc0018b83f415"
"src/Modules/IdentityAccess/Application/IdentityAccessEvent/IdentityAccessEventType.php","A ","HISTORICAL_TRACKED_BASELINE","489","3d507391d496b0cef27ce13f17e75b647af0e8e911da52dc6ffc70f8bc30511a"
"src/Modules/IdentityAccess/Application/IdentityAccessEvent/IdentityAccessEventV1.php","A ","HISTORICAL_TRACKED_BASELINE","2714","8bf62d5af0c17ab892eac48ea5739ccd53a741fac82908b46d6044a5d926cc5b"
"src/Modules/IdentityAccess/Application/IdentityAccessOrchestration/Contract/IdentityAccessAtomicTransaction.php","A ","HISTORICAL_TRACKED_BASELINE","662","5c9879f4a8fbc33d5b38d659252aa3aeb9a87b344bf02af64162638809bb1c61"
"src/Modules/IdentityAccess/Application/IdentityAccessOrchestration/Contract/IdentityAccessOrchestrator.php","A ","HISTORICAL_TRACKED_BASELINE","1989","a91b63ddce26bc455c01a7d492355a1ae492d4f7b12fcc99499cf1e3dd7b312c"
"src/Modules/IdentityAccess/Application/IdentityAccessOrchestration/DeterministicIdentityAccessOrchestrator.php","A ","HISTORICAL_TRACKED_BASELINE","2846","c6315e1d0ee8ad3bda93ce7701708652120c8a5f6cec917e1f7d7796fb5f829c"
"src/Modules/IdentityAccess/Application/IdentityAccessOrchestration/IdentityAccessAtomicCommand.php","A ","HISTORICAL_TRACKED_BASELINE","804","8a0edf801740ec6eb3acc6029598d64d17495c97660d5a1dc3da254a04049904"
"src/Modules/IdentityAccess/Application/IdentityAccessOrchestration/IdentityAccessAtomicOperation.php","A ","HISTORICAL_TRACKED_BASELINE","452","93b63d9efad71359fbdd5def78c5d37cf564b67a645dcccbd699f31bd9d63f58"
"src/Modules/IdentityAccess/Application/IdentityAccessOrchestration/IdentityAccessAtomicWorkResult.php","A ","HISTORICAL_TRACKED_BASELINE","199","7c4f3b2c2bee17d6e9e2b92f3628b3aaeda278b4e1755222b5284a12a34e05b7"
"src/Modules/IdentityAccess/Application/IdentityAccessOrchestration/IdentityAccessOrchestrationResult.php","A ","HISTORICAL_TRACKED_BASELINE","305","063440397eef0e7316f90da1cd3441a7eebbb71747986c43b6d42ee1884c5863"
"src/Modules/IdentityAccess/Application/IdentityAccessOrchestration/IdentityAccessOrchestrationStatus.php","A ","HISTORICAL_TRACKED_BASELINE","330","e01836774313ce836ae97d30733f679d35e0986599694d94edf33ee07ef013ef"
"src/Modules/IdentityAccess/Application/IdentityAccessRuntime/Contract/IdentityAccessRuntimeHealthInspector.php","A ","HISTORICAL_TRACKED_BASELINE","313","a93500c65ae70b7710b9b225aacaf50177dd1b94c18bd71880a9edc80bcc0e67"
"src/Modules/IdentityAccess/Application/IdentityAccessRuntime/DeterministicIdentityAccessRuntimeHealthInspector.php","A ","HISTORICAL_TRACKED_BASELINE","1020","b786ad5ee92298471b94baab48a82f58e5d1718c1009a0f36cdd901ebc60a170"
"src/Modules/IdentityAccess/Application/IdentityAccessRuntime/IdentityAccessRuntimeComponent.php","A ","HISTORICAL_TRACKED_BASELINE","347","de14bc7eb93e28f17fe8a3f17aed25d181a39d9dbd1bc8be615b90c2929ad42f"
"src/Modules/IdentityAccess/Application/IdentityAccessRuntime/IdentityAccessRuntimeHealthReport.php","A ","HISTORICAL_TRACKED_BASELINE","361","43eebe10e6e6fdb2f7022023b24dd98699d76c97c283c5557dbd62c894edbe84"
"src/Modules/IdentityAccess/Application/IdentityAccessRuntime/IdentityAccessRuntimeHealthStatus.php","A ","HISTORICAL_TRACKED_BASELINE","198","010196d8da1bc786ef4a932c42cf5cb9b3d7ad28730c4df1bcfc39e4e196f9ed"
"src/Modules/IdentityAccess/Application/IdentityAccessRuntime/IdentityAccessRuntimeRegistration.php","A ","HISTORICAL_TRACKED_BASELINE","303","37bdb3329776e4a138c2a9060c043b36776409391af78c610b5bd83851a5bd36"
"src/Modules/IdentityAccess/Application/ModeratorAuthorization/Contract/ModeratorAuthorizationReaderV1.php","A ","EXPECTED_PHASE_5_3_ARTIFACT","607","a90f8f19e52f3dd974647ea41804ae4a3da7464ef5cee5eaf31f5297b85b4910"
"src/Modules/IdentityAccess/Application/ModeratorAuthorization/ModerationCapabilityV1.php","A ","EXPECTED_PHASE_5_3_ARTIFACT","276","076fa32e4e34740d2e69459afa8a8f803e946bb4a6fdb322444d6dd717534fb1"
"src/Modules/IdentityAccess/Application/ModeratorAuthorization/ModeratorAuthorizationDecisionV1.php","A ","EXPECTED_PHASE_5_3_ARTIFACT","285","40db54336696455647ceb4604f2cacf0ada603e1b267cc3981ba8565717b795a"
"src/Modules/IdentityAccess/Application/ModeratorAuthorization/OwnerModeratorAuthorizationReaderV1.php","A ","EXPECTED_PHASE_5_3_ARTIFACT","1739","73b6a306cd5ebcae28a942b76a1c1b7f7f93b0a003eedc465906bcd91d4d39fe"
"src/Modules/IdentityAccess/Application/ProfileClaimsCutover/Contract/ProfileClaimsSeedProtector.php","A ","HISTORICAL_TRACKED_BASELINE","261","0a7bd4f98eab6e5073ddd5321a36e7f4d45d309c0c8b0a6a1678ba63f9995bd0"
"src/Modules/IdentityAccess/Application/ProfileClaimsCutover/ProfileClaimsCutoverResult.php","A ","HISTORICAL_TRACKED_BASELINE","369","1fd4fdebfa182eee5c5c15c96343587323599b7d8e55df49fc25c08fc70efad7"
"src/Modules/IdentityAccess/Application/ProfileClaimsCutover/ProfileClaimsCutoverStatus.php","A ","HISTORICAL_TRACKED_BASELINE","428","e52c78dd913929b6b596079811d92aca0cbc5ac36a47969a6abe7061bde3122c"
"src/Modules/IdentityAccess/Application/ProfileClaimsCutover/ProfileClaimsSeedNormalizer.php","A ","HISTORICAL_TRACKED_BASELINE","631","ec242f654ddd4f1171c4e7f2eecae38f0269ae0e84e38d8eca73d5d4074cfe12"
"src/Modules/IdentityAccess/Application/ProfileClaimsCutover/ProfileClaimsSeedSourceState.php","A ","HISTORICAL_TRACKED_BASELINE","340","caee900e73f8f1504bea924e8183006cb301138ac3a750c478e5f3ca4c91831e"
"src/Modules/IdentityAccess/Application/UseCase/AccountAction.php","A ","HISTORICAL_TRACKED_BASELINE","759","0832266a76950b41c6ff7177d32735b5e8cd64f734b66038da9c105a777c1d52"
"src/Modules/IdentityAccess/Application/UseCase/ChangePassword.php","A ","HISTORICAL_TRACKED_BASELINE","640","d38748b2c2692de725474725c3d7c00e4715acad62ac57177ee2852b58a37df9"
"src/Modules/IdentityAccess/Application/UseCase/GrantConsent.php","A ","HISTORICAL_TRACKED_BASELINE","646","c1571243b60f7763e029045ab3b2c583f294a719a4fef282f1dc0acc47c42cb6"
"src/Modules/IdentityAccess/Application/UseCase/GrantRole.php","A ","HISTORICAL_TRACKED_BASELINE","618","d102b2d645c512538475fbaaca090f3f67c251360481f64e099a481ddb73e9d1"
"src/Modules/IdentityAccess/Application/UseCase/ReactivateAccount.php","A ","HISTORICAL_TRACKED_BASELINE","545","36e2ed1b6698d909a34f5f5a0989aa1b5ccd4b788804531c0e54e604b8f69e2e"
"src/Modules/IdentityAccess/Application/UseCase/RegisterAccount.php","A ","HISTORICAL_TRACKED_BASELINE","1194","73f2f372f4e40bd7f839ddc82c646c10fc4eb399428b6938bed2a2d435b585b1"
"src/Modules/IdentityAccess/Application/UseCase/ReplaceEmailVerification.php","A ","HISTORICAL_TRACKED_BASELINE","726","a7d5089fa0f785f44fd5b89aba9bf08675efffbaae81b7a3136261aa837d8f07"
"src/Modules/IdentityAccess/Application/UseCase/ReplacePhoneVerification.php","A ","HISTORICAL_TRACKED_BASELINE","726","821d8dd218c5f7f9294ed9f7d8667d193503254ceb09a745e3c4983b93d954b2"
"src/Modules/IdentityAccess/Application/UseCase/RevokeRole.php","A ","HISTORICAL_TRACKED_BASELINE","620","98385156d599d8f974b4e2061ac40527b5515699060cdd21e976a8c36edfcb40"
"src/Modules/IdentityAccess/Application/UseCase/SuspendAccount.php","A ","HISTORICAL_TRACKED_BASELINE","539","fe8c03a83709efd5ecd6495b168441c2057834d393b5a69652bc8fb46f5beaa8"
"src/Modules/IdentityAccess/Application/UseCase/VerifyEmail.php","A ","HISTORICAL_TRACKED_BASELINE","646","0cafbbf4a63de032ebba77ea79ec5ff5ffb2487b45fa97e16492fa7e988be671"
"src/Modules/IdentityAccess/Application/UseCase/VerifyPhone.php","A ","HISTORICAL_TRACKED_BASELINE","646","c330b51b1ca241636ded05f4342aa305c6696b72a15c649ff141a6525f33cf28"
"src/Modules/IdentityAccess/Application/UseCase/WithdrawConsent.php","A ","HISTORICAL_TRACKED_BASELINE","652","e12dbabb9922ec92e05bd0795ac7fa308c650a20029774c0e3613cada878c307"
"src/Modules/IdentityAccess/Domain/Event/AbstractAccountEvent.php","A ","HISTORICAL_TRACKED_BASELINE","1028","db09a2c41f70372cfc1e4e520230d27304ab79a3612897d1d3ab993ee4207596"
"src/Modules/IdentityAccess/Domain/Event/AccountEvent.php","A ","HISTORICAL_TRACKED_BASELINE","361","7655c439692120eaca42b6bb518640b214480d90112256a8458c582f7ffa6cd9"
"src/Modules/IdentityAccess/Domain/Event/AccountEventMetadata.php","A ","HISTORICAL_TRACKED_BASELINE","196","decfebb96d5118a2dbf19da2f41d043afdfa7f85a2355b3f9a5279baaec8f128"
"src/Modules/IdentityAccess/Domain/Event/AccountReactivated.php","A ","HISTORICAL_TRACKED_BASELINE","134","38345aa0a6daf869ea6a57112dd190245fca7c2cbb45345609df4048ef8f1608"
"src/Modules/IdentityAccess/Domain/Event/AccountRegistered.php","A ","HISTORICAL_TRACKED_BASELINE","343","34fe043e51e2ca73a2be2b7c94be56881caaf686abbbb8c38d9baca000616fc8"
"src/Modules/IdentityAccess/Domain/Event/AccountSuspended.php","A ","HISTORICAL_TRACKED_BASELINE","132","18762388d648105564b59ed97d20cbe858d4487f0e1ed129cc50dde5ed8fafe4"
"src/Modules/IdentityAccess/Domain/Event/ConsentGranted.php","A ","HISTORICAL_TRACKED_BASELINE","441","922c4eb8cda611c050378a44651af7a5c0ee4246774847ed9a6eb93f3219545e"
"src/Modules/IdentityAccess/Domain/Event/ConsentWithdrawn.php","A ","HISTORICAL_TRACKED_BASELINE","443","fd4e4dc1f98151c2dca6f715c911858436c351326bd4265af942c51367fb2a89"
"src/Modules/IdentityAccess/Domain/Event/EmailVerified.php","A ","HISTORICAL_TRACKED_BASELINE","129","9aaf732f0bbaaf0372954951c741f76406beb6c5e1fd203072cbcb2845ee7c66"
"src/Modules/IdentityAccess/Domain/Event/PasswordChanged.php","A ","HISTORICAL_TRACKED_BASELINE","131","8eb3e7dcc9068060578f3d22a381b53a9bee9e396222b1840096ca04ef123c42"
"src/Modules/IdentityAccess/Domain/Event/PhoneVerified.php","A ","HISTORICAL_TRACKED_BASELINE","129","e59aa91cf0d2d988b576c2339198010fce11feb175e481e1b20730955d5d65c1"
"src/Modules/IdentityAccess/Domain/Event/RoleGranted.php","A ","HISTORICAL_TRACKED_BASELINE","421","07a273fc4889750fef3fb6b8ae5ad91b0eefa5a0f049f38f69d1de9141c3106c"
"src/Modules/IdentityAccess/Domain/Event/RoleRevoked.php","A ","HISTORICAL_TRACKED_BASELINE","421","21f0904250621d8f07f80dd47efa782af5c21dc88139426ff3d35e857e58558e"
"src/Modules/IdentityAccess/Domain/Event/VerificationReplaced.php","A ","HISTORICAL_TRACKED_BASELINE","457","c9e05142d22e0a41be2772235ec9be146b2c84e28349bdf6b56f683123a3999f"
"src/Modules/IdentityAccess/Domain/Exception/AccountNotFound.php","A ","HISTORICAL_TRACKED_BASELINE","235","ce37e3f3f9b1389a467202e787c558d80db732ce591194cd88ea5ae5008d8eab"
"src/Modules/IdentityAccess/Domain/Exception/AccountStateViolation.php","A ","HISTORICAL_TRACKED_BASELINE","633","09122e6774544424141f95f9098eb05ade12e5cff928a514b03896b2cb0a72cb"
"src/Modules/IdentityAccess/Domain/Exception/ConcurrentAccountModification.php","A ","HISTORICAL_TRACKED_BASELINE","256","5c52b0b5b37d41c71a125c0d79ea832109e1b665d80dcb66d0917f99da9769e3"
"src/Modules/IdentityAccess/Domain/Exception/ConsentViolation.php","A ","HISTORICAL_TRACKED_BASELINE","404","8af52c6ec7df5f4dcc2a8f2db43b1eb01cf60185afa2607d4041b20073bb16e6"
"src/Modules/IdentityAccess/Domain/Exception/DuplicateAccountIdentity.php","A ","HISTORICAL_TRACKED_BASELINE","524","b9da755eb106a590ca696c7afe348cd0e1ef8e6852c8bd478db68c3d68098969"
"src/Modules/IdentityAccess/Domain/Exception/IdentityAccessException.php","A ","HISTORICAL_TRACKED_BASELINE","154","a58e02218831f3955445e4dc155d34ad0fa17da84df9de7c8c4e03e70a34b3a8"
"src/Modules/IdentityAccess/Domain/Exception/InvalidHistoricalAccountPersistenceState.php","A ","HISTORICAL_TRACKED_BASELINE","326","97ea304e3de8ffea8b6b7c85d9e10d5791cbafb11d13668b18a587030b5f35f9"
"src/Modules/IdentityAccess/Domain/Exception/InvalidIdentityValue.php","A ","HISTORICAL_TRACKED_BASELINE","273","945958aea978dea43bcc3db55984f9afb0f62e47d36b21ffbccb0354ce7c4e48"
"src/Modules/IdentityAccess/Domain/Exception/PasswordUnchanged.php","A ","HISTORICAL_TRACKED_BASELINE","267","ac4da19df584cd2734d74b47562f9e035d68943310da8225cfaf1a6ba868d733"
"src/Modules/IdentityAccess/Domain/Exception/RoleAssignmentViolation.php","A ","HISTORICAL_TRACKED_BASELINE","379","975aff36029ff2d0bc4d6d85f8cd50b2d326d7bd09988a52fc45622ac9671a2f"
"src/Modules/IdentityAccess/Domain/Exception/TemporalConsistencyViolation.php","A ","HISTORICAL_TRACKED_BASELINE","291","ecb079f1695a8562810af380c2a40a896c7619eb3c872cf55b8e09b74ee32906"
"src/Modules/IdentityAccess/Domain/Exception/VerificationFailed.php","A ","HISTORICAL_TRACKED_BASELINE","656","7003d5bf5c1f15b39bb12955739acd58f3924139e65229715adf23e07da147f3"
"src/Modules/IdentityAccess/Domain/Model/Account.php","A ","HISTORICAL_TRACKED_BASELINE","15085","edb97d712c113724cf262f3560e8ee21d30b30047d604351cdb1ff060becefa1"
"src/Modules/IdentityAccess/Domain/Model/Consent.php","A ","HISTORICAL_TRACKED_BASELINE","1600","c5b0bb1913ed0e5ef8566f41fccd67ab0efc4c265d3adbda185a8b64d2f5b70c"
"src/Modules/IdentityAccess/Domain/Model/Credential.php","A ","HISTORICAL_TRACKED_BASELINE","1433","6e4f79f33c0e408f34bec6bb9ff86cc05ebf397e956901041c21ec67ee111957"
"src/Modules/IdentityAccess/Domain/Model/RoleAssignment.php","A ","HISTORICAL_TRACKED_BASELINE","1643","2d8341b06187df9de36de4d272cbd6d2a747748ef8c90417ef187f6fbcf846ae"
"src/Modules/IdentityAccess/Domain/Model/Verification.php","A ","HISTORICAL_TRACKED_BASELINE","3498","9211eceab7963c3c587b09a75b7f9d3eb189dd99d6b4ec3947af3da6472ba580"
"src/Modules/IdentityAccess/Domain/Persistence/SensitivePersistenceValueV1.php","A ","HISTORICAL_TRACKED_BASELINE","1087","5f7a6a394e62f458a8b264ab6b14b9ac6514550ba95d2f95f744154c878441db"
"src/Modules/IdentityAccess/Domain/ValueObject/AccountId.php","A ","HISTORICAL_TRACKED_BASELINE","683","da90cd4565e922a793f9f19f2763f2d344cada17837582c6fe11466fefda5078"
"src/Modules/IdentityAccess/Domain/ValueObject/ConsentPurpose.php","A ","HISTORICAL_TRACKED_BASELINE","538","8af4bc08f072ef571872228d764166a37c374b10e7fb3d6a64253fad5fcd0b8e"
"src/Modules/IdentityAccess/Domain/ValueObject/EmailAddress.php","A ","HISTORICAL_TRACKED_BASELINE","659","141fbf09f29ebfa6e2a9cbc362030beb2361994c044a437e9ed44d88315118d8"
"src/Modules/IdentityAccess/Domain/ValueObject/PasswordHash.php","A ","HISTORICAL_TRACKED_BASELINE","1151","850da3bd2c754caf2593498605a59499593eebc50d341263626b1a9e8a165330"
"src/Modules/IdentityAccess/Domain/ValueObject/PersonName.php","A ","HISTORICAL_TRACKED_BASELINE","564","1043431fbd3831a87e161e1ff65f78ecef446c940292be9595999cb6e2a9dca2"
"src/Modules/IdentityAccess/Domain/ValueObject/PhoneNumber.php","A ","HISTORICAL_TRACKED_BASELINE","671","8de50d5062b8366759c28aa1d4dfee6ba663345f99ec472d62c507a15f78154f"
"src/Modules/IdentityAccess/Domain/ValueObject/RoleId.php","A ","HISTORICAL_TRACKED_BASELINE","627","192a7865820a434fd8d9775a7dc41a267e8d31bd6198eddc85d0ae64e9e879a3"
"src/Modules/IdentityAccess/Domain/ValueObject/VerificationChannel.php","A ","HISTORICAL_TRACKED_BASELINE","157","a71945ed34060fab269f80c61ea953e934272730e9a5d7176d49392c361fc4a3"
"src/Modules/IdentityAccess/Domain/ValueObject/VerificationToken.php","A ","HISTORICAL_TRACKED_BASELINE","1429","4d456364a36caf7dcd8db8cf7107a37a4c6d2c1d0bab51a9d9e01da40bf194b4"
"src/Modules/IdentityAccess/Infrastructure/Persistence/AccountStatusWorkflowMapper.php","A ","HISTORICAL_TRACKED_BASELINE","3797","a8bc9c0063fd3df1ec4e4ccba5de878c5a4255eb845a178e301ef7f52709effe"
"src/Modules/IdentityAccess/Infrastructure/Persistence/HistoricalAccount/AccountPersistenceMapper.php","A ","HISTORICAL_TRACKED_BASELINE","4727","c2f5b3f440515efbf855de52d02b3e76b7170b6ae0c76b4387c1e19d7c37ae15"
"src/Modules/IdentityAccess/Infrastructure/Persistence/HistoricalAccount/ConsentPersistenceSnapshotV1.php","A ","HISTORICAL_TRACKED_BASELINE","834","65e7477fc452c0e6be9d494744a14a06eeb87161e7c450d4b033c0436a484d1b"
"src/Modules/IdentityAccess/Infrastructure/Persistence/HistoricalAccount/CorruptedHistoricalAccountPersistence.php","A ","HISTORICAL_TRACKED_BASELINE","383","16b627afd345c02818f36b8688fe9b76fef70c7d3ce74c1e7a747af109779d29"
"src/Modules/IdentityAccess/Infrastructure/Persistence/HistoricalAccount/CredentialPersistenceSnapshotV1.php","A ","HISTORICAL_TRACKED_BASELINE","718","88780e1fb484430c840d6504617e7017f0240813c09876b0e5c85b92e2a93539"
"src/Modules/IdentityAccess/Infrastructure/Persistence/HistoricalAccount/HistoricalAccountPersistenceSnapshotV1.php","A ","HISTORICAL_TRACKED_BASELINE","4892","7524ec4d3d39367b1a3911e4048c0110753f9cd58b0809d4306a3ca859217bd0"
"src/Modules/IdentityAccess/Infrastructure/Persistence/HistoricalAccount/HistoricalAccountProfileClaimsSeedMapper.php","A ","HISTORICAL_TRACKED_BASELINE","627","60cb541f6aeee98a9df4214e7b2537f1eeeb320c384258383237d43d89731961"
"src/Modules/IdentityAccess/Infrastructure/Persistence/HistoricalAccount/RoleAssignmentPersistenceSnapshotV1.php","A ","HISTORICAL_TRACKED_BASELINE","832","5dafcf0a8a7bc0db77157d1c7d82971ef31b487db146582bbf0ab57b39abb7f4"
"src/Modules/IdentityAccess/Infrastructure/Persistence/HistoricalAccount/VerificationPersistenceSnapshotV1.php","A ","HISTORICAL_TRACKED_BASELINE","1534","3c696d78313c4c56ef8865c27dfea3d6f964546d2b0d722d3542feffa3ce63d9"
"src/Modules/IdentityAccess/Infrastructure/Persistence/IdentityAccessCompletionPersistenceMapper.php","A ","HISTORICAL_TRACKED_BASELINE","1550","742f800068a77e54c455b8cf46730a2a1f369ea8f9de5466603562977d79e41e"
"src/Modules/IdentityAccess/Infrastructure/Persistence/PostgreSql/AbstractPostgreSqlOwnerPersistenceStore.php","A ","HISTORICAL_TRACKED_BASELINE","6235","d0f1e7b2e1f52c1800008a449d5a108c06be4013b7b9b70d39e33b9458677491"
"src/Modules/IdentityAccess/Infrastructure/Persistence/PostgreSql/Migrations/041_account_status_lifecycle_workflow.down.sql","A ","HISTORICAL_TRACKED_BASELINE","114","b484eeef3f6f63db87f7ce50440fd2793308e79fef0d1202f64e0a541fa3b653"
"src/Modules/IdentityAccess/Infrastructure/Persistence/PostgreSql/Migrations/041_account_status_lifecycle_workflow.sql","A ","HISTORICAL_TRACKED_BASELINE","2146","e50a39bed11999f28bf6460c60273830635d49ce0126e65c39e64b6fddbbee9e"
"src/Modules/IdentityAccess/Infrastructure/Persistence/PostgreSql/Migrations/042_historical_account_persistence.down.sql","A ","HISTORICAL_TRACKED_BASELINE","283","1ad73fa00552e0ba8b64b01ca4e839d69fa8ccd884f11b39a11be3eed1dc293d"
"src/Modules/IdentityAccess/Infrastructure/Persistence/PostgreSql/Migrations/042_historical_account_persistence.sql","A ","HISTORICAL_TRACKED_BASELINE","3782","008fa3097a7872e54f7f7b61729aa015474efa219384a62bcd3a3163dae80db7"
"src/Modules/IdentityAccess/Infrastructure/Persistence/PostgreSql/Migrations/044_authentication_attempts.down.sql","A ","HISTORICAL_TRACKED_BASELINE","73","cbe565cc604f625b1a182133b9330c45d977e556287a834acc673e3f399cf9b0"
"src/Modules/IdentityAccess/Infrastructure/Persistence/PostgreSql/Migrations/044_authentication_attempts.sql","A ","HISTORICAL_TRACKED_BASELINE","689","f3d2242e741c8657c5cfd0e8ff2987f729639c24ff52f5ff92285927ddd27887"
"src/Modules/IdentityAccess/Infrastructure/Persistence/PostgreSql/Migrations/045_sessions.down.sql","A ","HISTORICAL_TRACKED_BASELINE","140","b92a344223b4b970b88de94e1b54b3043378217758634483c0a0aace073eb761"
"src/Modules/IdentityAccess/Infrastructure/Persistence/PostgreSql/Migrations/045_sessions.sql","A ","HISTORICAL_TRACKED_BASELINE","1348","bb3e7d1a54c068b154d8f94797ce6ddec035bbf7d556852ecdc32c3f0f4e75d6"
"src/Modules/IdentityAccess/Infrastructure/Persistence/PostgreSql/Migrations/046_password_recovery.down.sql","A ","HISTORICAL_TRACKED_BASELINE","69","ae81064be29458d8d327356c3c10be9a124eb3d09c888d574dca7bc06e7dae36"
"src/Modules/IdentityAccess/Infrastructure/Persistence/PostgreSql/Migrations/046_password_recovery.sql","A ","HISTORICAL_TRACKED_BASELINE","916","898dae55444953fbcfb08185c93117fc83d13e91a66cd65c3df014e27beaa56d"
"src/Modules/IdentityAccess/Infrastructure/Persistence/PostgreSql/Migrations/047_user_profiles.down.sql","A ","HISTORICAL_TRACKED_BASELINE","63","fbd542a723a91a5eaf9e32d44311ed35023a2fd5b3e64b4e814fd1eb3457369f"
"src/Modules/IdentityAccess/Infrastructure/Persistence/PostgreSql/Migrations/047_user_profiles.sql","A ","HISTORICAL_TRACKED_BASELINE","732","5c4e92796d1a716c3c2fe167837bb0c18e30184788304402cfe4ff4cbfb81657"
"src/Modules/IdentityAccess/Infrastructure/Persistence/PostgreSql/Migrations/048_identity_claims.down.sql","A ","HISTORICAL_TRACKED_BASELINE","65","21607b227bf5bb1a8aeca51419e65922a219066be704c8a9a72cfe34017e3760"
"src/Modules/IdentityAccess/Infrastructure/Persistence/PostgreSql/Migrations/048_identity_claims.sql","A ","HISTORICAL_TRACKED_BASELINE","1199","c044a4e4152d61aff01961fbf321bfdaf18d43241c85b3fcf7a4871d543a1c5f"
"src/Modules/IdentityAccess/Infrastructure/Persistence/PostgreSql/Migrations/049_pending_contact_changes.down.sql","A ","HISTORICAL_TRACKED_BASELINE","73","7168c6e79c2e49b60b68f546dd231eaad8c9b62aa0cc6b59172f2207ab4054e7"
"src/Modules/IdentityAccess/Infrastructure/Persistence/PostgreSql/Migrations/049_pending_contact_changes.sql","A ","HISTORICAL_TRACKED_BASELINE","1273","206b5fffeaacd389412d3e68cc22b8be6954771871edc9fdd8bb85e76e5c4612"
"src/Modules/IdentityAccess/Infrastructure/Persistence/PostgreSql/Migrations/050_profile_revisions.down.sql","A ","HISTORICAL_TRACKED_BASELINE","67","4f448084c3bccbad8d75146f402c6cca15c0abea7053e2dbd04db85684d173d8"
"src/Modules/IdentityAccess/Infrastructure/Persistence/PostgreSql/Migrations/050_profile_revisions.sql","A ","HISTORICAL_TRACKED_BASELINE","865","cbcef66f6f0a98323e724e7f1a81e979d47027cf8eec662b22d040f4e0121be8"
"src/Modules/IdentityAccess/Infrastructure/Persistence/PostgreSql/Migrations/051_account_closures.down.sql","A ","HISTORICAL_TRACKED_BASELINE","66","bf2cef33919ac84435ae3716fa1a599b16408cefcd22870dd69904a29388766a"
"src/Modules/IdentityAccess/Infrastructure/Persistence/PostgreSql/Migrations/051_account_closures.sql","A ","HISTORICAL_TRACKED_BASELINE","1073","22ebc1cfe2c87644723028dfeefce5464476b8b1077d9d4cd73929c599345345"
"src/Modules/IdentityAccess/Infrastructure/Persistence/PostgreSql/Migrations/052_profile_claims_authority_cutover.down.sql","A ","HISTORICAL_TRACKED_BASELINE","302","9b36345d448aba2fa355e41a5c8b3fcfb0a532c72340dc2a9d42ed3c0ec597c6"
"src/Modules/IdentityAccess/Infrastructure/Persistence/PostgreSql/Migrations/052_profile_claims_authority_cutover.sql","A ","HISTORICAL_TRACKED_BASELINE","2897","c03a23c44e922c7b327d95c0e53c1ce0cc2bb0e4510e978035f6a2b75cbd844a"
"src/Modules/IdentityAccess/Infrastructure/Persistence/PostgreSql/Migrations/053_identity_access_atomic_operations.down.sql","A ","HISTORICAL_TRACKED_BASELINE","74","3af39d468a6d2d22dee9ce52e09da904a6cb8cf766e5230c0aaa1ba7def2067d"
"src/Modules/IdentityAccess/Infrastructure/Persistence/PostgreSql/Migrations/053_identity_access_atomic_operations.sql","A ","HISTORICAL_TRACKED_BASELINE","750","dbc86d8f5613790fe49414838e5564a432c2d92926c24f0fc9706a948f9cc32a"
"src/Modules/IdentityAccess/Infrastructure/Persistence/PostgreSql/Migrations/054_identity_access_event_outbox.down.sql","A ","HISTORICAL_TRACKED_BASELINE","144","39bf5ee4da1165b2db9415a7bab95c3f052604b1391cb7786fef8cb89fa1ad33"
"src/Modules/IdentityAccess/Infrastructure/Persistence/PostgreSql/Migrations/054_identity_access_event_outbox.sql","A ","HISTORICAL_TRACKED_BASELINE","1480","0be437a2466ebb875c291557f49b28fb88462b210dd0c587ac3c60736fcb0728"
"src/Modules/IdentityAccess/Infrastructure/Persistence/PostgreSql/PostgreSqlAccountClosureStateReader.php","A ","HISTORICAL_TRACKED_BASELINE","1646","679dff4f5fcb33e86693bfb49dc38d3b133e9214307b3213e407cc9b2c01ec77"
"src/Modules/IdentityAccess/Infrastructure/Persistence/PostgreSql/PostgreSqlAccountClosureStore.php","A ","HISTORICAL_TRACKED_BASELINE","742","5f243250c44d9d661b86a4e06e64986f904e645be29a38a096e0e7c6b02b9633"
"src/Modules/IdentityAccess/Infrastructure/Persistence/PostgreSql/PostgreSqlAccountRepository.php","A ","HISTORICAL_TRACKED_BASELINE","18052","54be012e4ebea64c385599a31265f2b2acf045d565c2530a5943186325e0cadf"
"src/Modules/IdentityAccess/Infrastructure/Persistence/PostgreSql/PostgreSqlAccountStatusOrchestrationTransaction.php","A ","HISTORICAL_TRACKED_BASELINE","1077","fbb3427c7e3238b671c34716ecbe2d2b45692d2e42db010cb279a90007dee833"
"src/Modules/IdentityAccess/Infrastructure/Persistence/PostgreSql/PostgreSqlAccountStatusWorkflowStore.php","A ","HISTORICAL_TRACKED_BASELINE","7657","817419c24e485354e5ac9bf40fda0bddb374cf797d6e9f1cf296fb926ad7b1d4"
"src/Modules/IdentityAccess/Infrastructure/Persistence/PostgreSql/PostgreSqlAuthenticationAttemptStore.php","A ","HISTORICAL_TRACKED_BASELINE","643","666e16589fc073246f3243f2a5c8735ff0b5e954e5299b045ca6505547c432ba"
"src/Modules/IdentityAccess/Infrastructure/Persistence/PostgreSql/PostgreSqlIdentityAccessAtomicTransaction.php","A ","HISTORICAL_TRACKED_BASELINE","5270","9f2384e4b33af91a86081195aba07df054765860a9538b745070436ad2f831a7"
"src/Modules/IdentityAccess/Infrastructure/Persistence/PostgreSql/PostgreSqlIdentityClaimStore.php","A ","HISTORICAL_TRACKED_BASELINE","701","c0dd022f17947efab5e835d1c2a36022dbafd4cd3dad1bd62b5e05e7e6fb50d4"
"src/Modules/IdentityAccess/Infrastructure/Persistence/PostgreSql/PostgreSqlPasswordRecoveryStore.php","A ","HISTORICAL_TRACKED_BASELINE","634","de0094d1d00a74bd00afdbfd74e482cc1f15996bdddf6179c888b39467f1a186"
"src/Modules/IdentityAccess/Infrastructure/Persistence/PostgreSql/PostgreSqlPendingContactChangeStore.php","A ","HISTORICAL_TRACKED_BASELINE","801","7949fa69665c5bbeded357140c278a8fa9d6b2ce02ab2397e5aebd0ca4f5af3e"
"src/Modules/IdentityAccess/Infrastructure/Persistence/PostgreSql/PostgreSqlProfileClaimsSeedAndCutover.php","A ","HISTORICAL_TRACKED_BASELINE","18669","edb5a77b7a6cf6437111d835728bf90c78f6492e45d5f2b128e3f46edfe4b9cf"
"src/Modules/IdentityAccess/Infrastructure/Persistence/PostgreSql/PostgreSqlProfileRevisionStore.php","A ","HISTORICAL_TRACKED_BASELINE","788","7e07826db3a7c4f75280b2f631b5ea5d127f4dccb1f222e1f9e8b5950859985b"
"src/Modules/IdentityAccess/Infrastructure/Persistence/PostgreSql/PostgreSqlSessionStore.php","A ","HISTORICAL_TRACKED_BASELINE","3852","3fcfa53a8ca217b7840ec01d2db0275c873c60a305d76a0ca34b2d4df85ce1b0"
"src/Modules/IdentityAccess/Infrastructure/Persistence/PostgreSql/PostgreSqlUserProfileStore.php","A ","HISTORICAL_TRACKED_BASELINE","695","4ee55b399ca4c021269aa9bc1e71435f2e1f290ce872301d30113405ab64e7b7"
"src/Modules/LegacyMigration/.gitkeep","  ","HISTORICAL_TRACKED_BASELINE","1","01ba4719c80b6fe911b091a7c05124b64eeece964e09c058ef8f9805daca546b"
"src/Modules/ListingLifecycle/.gitkeep","  ","HISTORICAL_TRACKED_BASELINE","1","01ba4719c80b6fe911b091a7c05124b64eeece964e09c058ef8f9805daca546b"
"src/Modules/ListingLifecycle/Application/AuthoringPersistence/AuthoringPersistenceWriteResult.php","A ","HISTORICAL_TRACKED_BASELINE","379","f831d31b8809de5034e519b10280ada2fdc4ca516cc13973c9486c395bd74a0c"
"src/Modules/ListingLifecycle/Application/AuthoringPersistence/AuthoringPortfolioItem.php","A ","HISTORICAL_TRACKED_BASELINE","461","840d87acef059af562ec1ed693985a55973fb1cd1eba79c97cd230c91423e1c7"
"src/Modules/ListingLifecycle/Application/AuthoringPersistence/Contract/AuthoringPortfolioStore.php","A ","HISTORICAL_TRACKED_BASELINE","523","d03d3d24c819c8c0f0277eaa77a044b92194e393870ebeffe27287a7e509491f"
"src/Modules/ListingLifecycle/Application/AuthoringPersistence/Contract/ListingDraftStore.php","A ","HISTORICAL_TRACKED_BASELINE","489","903558570945af888cd147d276fba4efa0d5167f3c5162d533be01d12e022dbc"
"src/Modules/ListingLifecycle/Application/AuthoringPersistence/Contract/ListingOwnershipStore.php","A ","HISTORICAL_TRACKED_BASELINE","505","218d6596f5168c8d07fe80ee50483ff32d5deceeafc21468597c6bd6a60d8375"
"src/Modules/ListingLifecycle/Application/AuthoringPersistence/ListingDraftState.php","A ","HISTORICAL_TRACKED_BASELINE","631","cb971d23138966baf1731ab3abb2ec4e682c58d21406ba4c79eed929f99791a3"
"src/Modules/ListingLifecycle/Application/AuthoringPersistence/ListingOwnershipState.php","A ","HISTORICAL_TRACKED_BASELINE","476","49618b8d670c51a6bb0b9a85896c1cdd6f5c0a924f94c954368036dabda457da"
"src/Modules/ListingLifecycle/Application/Contract/ListingRegistry.php","A ","HISTORICAL_TRACKED_BASELINE","720","3c4cc40859ad338944ed92d4e34196ef29112fb44e16675ad4f059ad2a015a3a"
"src/Modules/ListingLifecycle/Application/Contract/MediaCatalog.php","A ","HISTORICAL_TRACKED_BASELINE","460","995af908b40e111f69e0d2e946b77451cb6a32a8cc91a4deb6aecf9930237c32"
"src/Modules/ListingLifecycle/Application/Contract/PropertyCatalog.php","A ","HISTORICAL_TRACKED_BASELINE","321","03a4a2aea2e744216acbbb207db835b6fdff610d14848eaa54cfb7c18dc9a3d6"
"src/Modules/ListingLifecycle/Application/Creation/Contract/CreateListingDraftV1.php","A ","HISTORICAL_TRACKED_BASELINE","382","c1696e45882f1e00e693104c8a1019b40bd916d373def2b1d0eac61302464ede"
"src/Modules/ListingLifecycle/Application/Creation/Contract/ListingCreationIntentStore.php","A ","HISTORICAL_TRACKED_BASELINE","419","601c10c517f853100d6891ea1fcbe570c9cbe5e57e86a506564de19eef64c8f5"
"src/Modules/ListingLifecycle/Application/Creation/Contract/ListingCreationTransaction.php","A ","HISTORICAL_TRACKED_BASELINE","188","6628d9cf48203da7e1052406e4dfacfb6700ce6f674e515bc65c8d743581bb69"
"src/Modules/ListingLifecycle/Application/Creation/CreateListingDraftCommandV1.php","A ","HISTORICAL_TRACKED_BASELINE","1699","a0901d8bd3ef0ecd960de19e17661fb93630de1555ee554b0c8b4ff5e8147a9c"
"src/Modules/ListingLifecycle/Application/Creation/CreateListingDraftResultV1.php","A ","HISTORICAL_TRACKED_BASELINE","998","6e9d53e0389453904021062618c721c2e46601221465b2b9d8ebd394274dd359"
"src/Modules/ListingLifecycle/Application/Creation/CreateListingDraftStatusV1.php","A ","HISTORICAL_TRACKED_BASELINE","494","c80974986c256b9e23e8fc780e15842a7429e3dacb483dafd7e5fb7edef43995"
"src/Modules/ListingLifecycle/Application/Creation/DeterministicCreateListingDraftV1.php","A ","HISTORICAL_TRACKED_BASELINE","4268","5a8bedbebb05e29281d335b62c1c4c2266d401776bc3505f1bcdf2da22730418"
"src/Modules/ListingLifecycle/Application/Creation/ListingCreationIntent.php","A ","HISTORICAL_TRACKED_BASELINE","442","a3a49805b29de68dfffb567575c0cabd7c3f955ee006c66508ced38c5302cf1d"
"src/Modules/ListingLifecycle/Application/ModerationBoundary/Contract/ListingModerationCommandGatewayV1.php","A ","EXPECTED_PHASE_5_3_ARTIFACT","657","f84f8107fd5731fc3761aa71340effc3bf3d2be47c471526ce7f847d919c7cc6"
"src/Modules/ListingLifecycle/Application/ModerationBoundary/Contract/ListingModerationReaderV1.php","A ","EXPECTED_PHASE_5_3_ARTIFACT","454","048fe005bece40672fa5833e4b52ec86a956d8045ab8a23849ef53692ac49039"
"src/Modules/ListingLifecycle/Application/ModerationBoundary/ListingModerationActionV1.php","A ","EXPECTED_PHASE_5_3_ARTIFACT","258","dc21f079fb8b52b3334736bc28c766b962ac77f90979682849763e23fcf23e94"
"src/Modules/ListingLifecycle/Application/ModerationBoundary/ListingModerationCommandResultV1.php","A ","EXPECTED_PHASE_5_3_ARTIFACT","392","d2246ad217b66874724907fbb4696bea96bc58a4b81baa9c152002750006a148"
"src/Modules/ListingLifecycle/Application/ModerationBoundary/ListingModerationEligibilityV1.php","A ","EXPECTED_PHASE_5_3_ARTIFACT","321","e27b0630dc82fdcdbe11423567a793b4d163a8310babf0ce6043052074ec68c4"
"src/Modules/ListingLifecycle/Application/ModerationBoundary/OwnerListingModerationCommandGatewayV1.php","A ","EXPECTED_PHASE_5_3_ARTIFACT","5091","62bf0b89f9e553e4b5793561d4dbcb3210a6007b8cca1dc9bc1797f9c53b737d"
"src/Modules/ListingLifecycle/Application/ModerationBoundary/OwnerListingModerationReaderV1.php","A ","EXPECTED_PHASE_5_3_ARTIFACT","2180","6f7b35eaf37d01cbe37bf24af2e82afabda4c12d5ab1759c849b09ffe4b9a426"
"src/Modules/ListingLifecycle/Application/ModerationIntent/Contract/ListingModerationIntentStore.php","A ","EXPECTED_PHASE_5_3_ARTIFACT","888","5735b5115640f16a14c2aba3f46f0263af0efba614631cec4fe5dcf8bf770cf7"
"src/Modules/ListingLifecycle/Application/ModerationIntent/Contract/ListingModerationIntentTransaction.php","A ","EXPECTED_PHASE_5_3_ARTIFACT","204","a9966d66140efda9128d8329a58f58869fbde3a68ab74f4f9ac2670a08ab2060"
"src/Modules/ListingLifecycle/Application/ModerationIntent/ListingModerationIntentReservationV1.php","A ","EXPECTED_PHASE_5_3_ARTIFACT","258","4b0f7f8356ec541ced4d7620c9775ed4d57879f05f187c99e22d0edb1ee26ef9"
"src/Modules/ListingLifecycle/Application/ModerationIntent/ListingModerationIntentStateV1.php","A ","EXPECTED_PHASE_5_3_ARTIFACT","413","fc0eb81918b5fee5afaee51da26d30835f245476370f688accb6a712c00e2a1b"
"src/Modules/ListingLifecycle/Application/PublicationWorkflow/Contract/ListingPublicationOrchestrator.php","A ","HISTORICAL_TRACKED_BASELINE","473","481fe33f1459b1e43cf0195e92e52a3772b51323d34e6d74c3a4854ad2176ad0"
"src/Modules/ListingLifecycle/Application/PublicationWorkflow/Contract/ListingPublicationWorkflowStore.php","A ","HISTORICAL_TRACKED_BASELINE","982","1c6033c0fd5abc4ef3431f49bdb034622cd424675197239eed5991f04bc4ddbe"
"src/Modules/ListingLifecycle/Application/PublicationWorkflow/DeterministicListingPublicationOrchestrator.php","A ","HISTORICAL_TRACKED_BASELINE","3896","f6899a9560bde7a76be2a247b5bd7e04f7fcf5f34718addd0abb66abc57ff409"
"src/Modules/ListingLifecycle/Application/PublicationWorkflow/Event/ListingPublicationEvent.php","A ","HISTORICAL_TRACKED_BASELINE","1214","2492a4afae1b8f2036cdb608fbe6ddaf57fe87dd709c7ccf73af01ef4fd0b025"
"src/Modules/ListingLifecycle/Application/PublicationWorkflow/Event/ListingPublicationEventCatalog.php","A ","HISTORICAL_TRACKED_BASELINE","4021","f147e18938f928d0117c2d58aaa1439229f4f87de5f32105103f7b7804106ac2"
"src/Modules/ListingLifecycle/Application/PublicationWorkflow/Event/ListingPublicationEventId.php","A ","HISTORICAL_TRACKED_BASELINE","667","2e935167d917377473eaa909b1b208c0ad32ec3009ca752733216be25acaff1d"
"src/Modules/ListingLifecycle/Application/PublicationWorkflow/Event/ListingPublicationEventInstant.php","A ","HISTORICAL_TRACKED_BASELINE","675","c2e8e115390a3007cf82d8f562c1f9070a60df75b5017868f02a3498fec3dd67"
"src/Modules/ListingLifecycle/Application/PublicationWorkflow/Event/ListingPublicationEventMetadata.php","A ","HISTORICAL_TRACKED_BASELINE","735","71be77ac16f9bf742a192b3f5448c44901fe6d49904e29031def3185264b16bd"
"src/Modules/ListingLifecycle/Application/PublicationWorkflow/Event/ListingPublicationEventPayload.php","A ","HISTORICAL_TRACKED_BASELINE","1321","e8cbdd5b016307a5b1f5936f709c49813d6bea6697f6557b6ca9d573a77d0e43"
"src/Modules/ListingLifecycle/Application/PublicationWorkflow/Event/ListingPublicationEventPayloadVersion.php","A ","HISTORICAL_TRACKED_BASELINE","158","0f5538e7f390e31b0eac7f9b62252e7c1cd44c0ed4093486d8ec2001f9a5ec57"
"src/Modules/ListingLifecycle/Application/PublicationWorkflow/Event/ListingPublicationEventSerializer.php","A ","HISTORICAL_TRACKED_BASELINE","347","f3092ff44f8993c9500622197a4e08f3b5df885753b88b7f5b8be1c2b17119d6"
"src/Modules/ListingLifecycle/Application/PublicationWorkflow/Event/ListingPublicationEventType.php","A ","HISTORICAL_TRACKED_BASELINE","1166","41b959cbcd07bd77afb6c092d1c437bb2a0b47546c1ecf5007d39bc30ff52ddd"
"src/Modules/ListingLifecycle/Application/PublicationWorkflow/Event/UnsupportedListingPublicationEventTransition.php","A ","HISTORICAL_TRACKED_BASELINE","193","c05c5fa47d9425a86f3d78a6708557436a99c5d687a365941784a2252998a878"
"src/Modules/ListingLifecycle/Application/PublicationWorkflow/ListingPublicationAction.php","A ","HISTORICAL_TRACKED_BASELINE","702","89dc53892f2e1c62a055d47f1d8855a470b2eaceac10b8796f48b6da107fa008"
"src/Modules/ListingLifecycle/Application/PublicationWorkflow/ListingPublicationDecision.php","A ","HISTORICAL_TRACKED_BASELINE","715","a296aeff1a9568f7ae97bbbd92b8bc9c15ac80e4e8ae4705037a10176656ce82"
"src/Modules/ListingLifecycle/Application/PublicationWorkflow/ListingPublicationDecisionStatus.php","A ","HISTORICAL_TRACKED_BASELINE","191","25d191c9b46a8fad0b43b58fd20e52ffa139bcd770c4ebb98fa0400cbf7951bf"
"src/Modules/ListingLifecycle/Application/PublicationWorkflow/ListingPublicationDiagnostic.php","A ","HISTORICAL_TRACKED_BASELINE","928","ede24fea4d62acbcd335b022923223551f2c3b3343cb22db97b8ae0a0c6205f5"
"src/Modules/ListingLifecycle/Application/PublicationWorkflow/ListingPublicationDiagnosticCode.php","A ","HISTORICAL_TRACKED_BASELINE","376","a2c0d67eb96a722f36c803eaf4763de2ac05da0b06c01ef968e8f726dfe254f3"
"src/Modules/ListingLifecycle/Application/PublicationWorkflow/ListingPublicationOrchestrationDiagnosticCode.php","A ","HISTORICAL_TRACKED_BASELINE","462","ed7cb4fdd54ddaa4f60b8394e9bcc1676d47683660167fb5d480d4e1c6411d99"
"src/Modules/ListingLifecycle/Application/PublicationWorkflow/ListingPublicationOrchestrationRequest.php","A ","HISTORICAL_TRACKED_BASELINE","570","da91c701f2ef9c313fe57892dc3c9009b9ea8e1ee29eff09d4ad5436b7f96885"
"src/Modules/ListingLifecycle/Application/PublicationWorkflow/ListingPublicationOrchestrationResult.php","A ","HISTORICAL_TRACKED_BASELINE","1525","c8d60703f637f4ccb4a3918cfb63b225596adc2568d90ffb88c5f4fc4d0ce55a"
"src/Modules/ListingLifecycle/Application/PublicationWorkflow/ListingPublicationOrchestrationStatus.php","A ","HISTORICAL_TRACKED_BASELINE","349","f5d00e3bbb3b8107c115defbbf8b596f42ff167d2972003d710504ee57ea0f22"
"src/Modules/ListingLifecycle/Application/PublicationWorkflow/ListingPublicationPersistenceReadResult.php","A ","HISTORICAL_TRACKED_BASELINE","957","c508885906815135a76a1e3d4204a81bebc60d927c605febfd526ac3812b4b82"
"src/Modules/ListingLifecycle/Application/PublicationWorkflow/ListingPublicationPersistenceReadStatus.php","A ","HISTORICAL_TRACKED_BASELINE","230","b00efeca47b56f6ccf015e27df0c6e7d68136b381b59633de3808bf72e504a60"
"src/Modules/ListingLifecycle/Application/PublicationWorkflow/ListingPublicationPersistenceWriteResult.php","A ","HISTORICAL_TRACKED_BASELINE","359","00b1994231dfc6549f51a7ff45ff111a64961c6054821aef3a9b8f241f478414"
"src/Modules/ListingLifecycle/Application/PublicationWorkflow/ListingPublicationState.php","A ","HISTORICAL_TRACKED_BASELINE","468","970b69282f111f2c688acb9dc649925b63a22b86d77f963a8049e6145f53100c"
"src/Modules/ListingLifecycle/Application/PublicationWorkflow/ListingPublicationStoredState.php","A ","HISTORICAL_TRACKED_BASELINE","360","e27f67bbfafe553a2027146424c447ee6cae76ddd181d27bda8035aa83d16c90"
"src/Modules/ListingLifecycle/Application/PublicationWorkflow/ListingPublicationTransition.php","A ","HISTORICAL_TRACKED_BASELINE","318","7bb32b3d3814123e5f588be58e08c9ca538bce25a49f89fffbf20c0aed24e347"
"src/Modules/ListingLifecycle/Application/PublicationWorkflow/ListingPublicationWorkflow.php","A ","HISTORICAL_TRACKED_BASELINE","4478","7563f5db7c54a76c58e6f1ec0e5ddc416cb80b4fb23074601c02c8744637cfa8"
"src/Modules/ListingLifecycle/Application/UseCase/ArchiveListing.php","A ","HISTORICAL_TRACKED_BASELINE","690","1ccd2dabc933627ebc1113dc26661a891356a80a6dd0290c9502e4d1369ed067"
"src/Modules/ListingLifecycle/Application/UseCase/CreateDraft.php","A ","HISTORICAL_TRACKED_BASELINE","1176","8c75289dbee89ce6e4c75de89c61301ab09112248875c0b18741185e6bea578f"
"src/Modules/ListingLifecycle/Application/UseCase/ExpireListing.php","A ","HISTORICAL_TRACKED_BASELINE","688","354b9135b1f50ab1f5fdd68ab3ffb082510328b596d43261ae6340a29f9bf1a3"
"src/Modules/ListingLifecycle/Application/UseCase/ListingUseCase.php","A ","HISTORICAL_TRACKED_BASELINE","913","2ce6e58f7075746b5edd5d5b80d0d4c96b172fcd2b2541428cc41f517879e925"
"src/Modules/ListingLifecycle/Application/UseCase/PublishListing.php","A ","HISTORICAL_TRACKED_BASELINE","1613","48d054a588cf08f08ce8f90e958ffbf35093c87b6e702eab652b65f39c60a1df"
"src/Modules/ListingLifecycle/Application/UseCase/RejectListing.php","A ","HISTORICAL_TRACKED_BASELINE","688","dd6d9cfc5bbb3b3f0a6a98a0314e9fcd9222ca47e21b450cf2988e708330d8de"
"src/Modules/ListingLifecycle/Application/UseCase/RequestChanges.php","A ","HISTORICAL_TRACKED_BASELINE","697","6685c436861f59daee5f50633e88ac8162d601d5b0e5eea28c8aa634e973385a"
"src/Modules/ListingLifecycle/Application/UseCase/SendToReview.php","A ","HISTORICAL_TRACKED_BASELINE","693","555fc908968a961a6f59316001a1c8a9aba7e1042fcfb385d78b97037457de6a"
"src/Modules/ListingLifecycle/Application/UseCase/SubmitListing.php","A ","HISTORICAL_TRACKED_BASELINE","688","bc0d453cef60ec27ea1a904539bbdba2050635130a3b3075b5d6bc82fc74db44"
"src/Modules/ListingLifecycle/Application/UseCase/SuspendListing.php","A ","HISTORICAL_TRACKED_BASELINE","690","e81f5b6739d135b076493046d667fb640ac7b9c14db08ecc4421e41eb52cf6f4"
"src/Modules/ListingLifecycle/Application/UseCase/WithdrawListing.php","A ","HISTORICAL_TRACKED_BASELINE","692","4810e32ad1580f9956b2f5082d46bdeafd964dee5d174606f3eec1a7f7ff4d0c"
"src/Modules/ListingLifecycle/Domain/Event/AbstractListingEvent.php","A ","HISTORICAL_TRACKED_BASELINE","2188","7180a2e67e69783c2accca68ce2bfb6ff5489b45dff89d3ea0afe910b659af95"
"src/Modules/ListingLifecycle/Domain/Event/ListingArchived.php","A ","HISTORICAL_TRACKED_BASELINE","133","71468085ccdfd86531ff772165d699c45843e25fa1ffa732be2d571ab2118665"
"src/Modules/ListingLifecycle/Domain/Event/ListingChangesRequested.php","A ","HISTORICAL_TRACKED_BASELINE","141","3d757753ccabb8937835565503f3cd998805962bf489e7ade7b8f64ed919987a"
"src/Modules/ListingLifecycle/Domain/Event/ListingDraftCreated.php","A ","HISTORICAL_TRACKED_BASELINE","630","96ec0ce12142b808bfe62a8ab3004541ea8962271326de236c5fccbaac401024"
"src/Modules/ListingLifecycle/Domain/Event/ListingEvent.php","A ","HISTORICAL_TRACKED_BASELINE","1092","8516134bcd0e1c2f5de8842858e37f7bfbe2243244d05dd063575d5aab01b16b"
"src/Modules/ListingLifecycle/Domain/Event/ListingEventMetadata.php","A ","HISTORICAL_TRACKED_BASELINE","198","d8c7f3430de257ccccca927303f0d846480c1aae5860a7b2b4235961bff149b3"
"src/Modules/ListingLifecycle/Domain/Event/ListingExpired.php","A ","HISTORICAL_TRACKED_BASELINE","132","f424f245a4261bb6f1bd901eadde569f070f3df51d5d88cadf49c4cb285fb9ce"
"src/Modules/ListingLifecycle/Domain/Event/ListingPublished.php","A ","HISTORICAL_TRACKED_BASELINE","739","0722466b65cdfd592ebe946da02555a3f6ad5ecd1f99ce5ba0034f3e4df7072c"
"src/Modules/ListingLifecycle/Domain/Event/ListingRejected.php","A ","HISTORICAL_TRACKED_BASELINE","133","6483df1502fba2e9a4744a3f74af17216a85d6842986a01c1bc6c241f29d55ef"
"src/Modules/ListingLifecycle/Domain/Event/ListingSentToReview.php","A ","HISTORICAL_TRACKED_BASELINE","137","5db3d584aa350fae75e1023802cc2eaf086051ee126f8fdc3f6438ded9545bd1"
"src/Modules/ListingLifecycle/Domain/Event/ListingSubmitted.php","A ","HISTORICAL_TRACKED_BASELINE","134","a1c545b191a53ed6ee6616493ada62494989308a7d174fa923cf64987f652818"
"src/Modules/ListingLifecycle/Domain/Event/ListingSuspended.php","A ","HISTORICAL_TRACKED_BASELINE","134","42949a7fbc43e2b3e79ef79fcc015e720e25bbde46433143c2be4757c0a6b399"
"src/Modules/ListingLifecycle/Domain/Event/ListingWithdrawn.php","A ","HISTORICAL_TRACKED_BASELINE","134","02f3c42a7425cfc445b8629880033d1ab8f2990069245e5c6af440a51e8fcb36"
"src/Modules/ListingLifecycle/Domain/Exception/ConcurrentListingModification.php","A ","HISTORICAL_TRACKED_BASELINE","138","f0a1bf5b19c12693d394285abaeb1543d0eef18084b55d3fe0245c93b770c45c"
"src/Modules/ListingLifecycle/Domain/Exception/InvalidListingValue.php","A ","HISTORICAL_TRACKED_BASELINE","256","46715771768cdf5dcd48ee8317d2255576d8b24365ea83b72f72b389fca026d1"
"src/Modules/ListingLifecycle/Domain/Exception/ListingException.php","A ","HISTORICAL_TRACKED_BASELINE","149","089858fa708c5d0af50b7b73437b6696fd46f88e1129bc8ee4b43a6a2a1d2c4f"
"src/Modules/ListingLifecycle/Domain/Exception/ListingIdConflict.php","A ","HISTORICAL_TRACKED_BASELINE","126","ffbac91962040625b8daf54aab3df557f7dc99057240ee76e49b145fa856dbfe"
"src/Modules/ListingLifecycle/Domain/Exception/ListingNotFound.php","A ","HISTORICAL_TRACKED_BASELINE","124","9cb2f037d8fd55e4de64f9f0fbc1fe5a8e12cb1f6c17aefb896347f61f9e6dc7"
"src/Modules/ListingLifecycle/Domain/Exception/ListingViolation.php","A ","HISTORICAL_TRACKED_BASELINE","818","f5487a9f37f975bb52c5a83379ee8c93d7c9330baa99ce4cb314bb7f30cf6cc0"
"src/Modules/ListingLifecycle/Domain/Exception/PropertyUnavailable.php","A ","HISTORICAL_TRACKED_BASELINE","128","d7b4523b2c00cfa905aab8c124a709b5118f27cddf3ea81252c620c04e3caaab"
"src/Modules/ListingLifecycle/Domain/Exception/TransitionConditionNotSatisfied.php","A ","HISTORICAL_TRACKED_BASELINE","140","1f5cf0917afa596531ee77e3d2089a817816d6b79256ee54b35ab35def591a43"
"src/Modules/ListingLifecycle/Domain/Model/Listing.php","A ","HISTORICAL_TRACKED_BASELINE","9036","5925feb5b6005496049e9afa66e40531422c57058ce126cdc432dc66088301ac"
"src/Modules/ListingLifecycle/Domain/Model/ListingRevision.php","A ","HISTORICAL_TRACKED_BASELINE","926","f6b3e3b71151a2e66ba13ac2e0149792cc3b6582ba6f90203246fd6795bb4511"
"src/Modules/ListingLifecycle/Domain/Model/TransitionEvidence.php","A ","HISTORICAL_TRACKED_BASELINE","662","0f4d82df113b5b34ed27988e673223ff225fe24d480ee20a4fc4fcf4a72f08f6"
"src/Modules/ListingLifecycle/Domain/Policy/ListingTransitionPolicy.php","A ","HISTORICAL_TRACKED_BASELINE","6862","dfb6046618b118e1dd5aea45b270fddea75f350167d0b698fa446881e0e8290e"
"src/Modules/ListingLifecycle/Domain/ValueObject/ActorId.php","A ","HISTORICAL_TRACKED_BASELINE","497","4e2fe89de977b607d96c9ae5c911de0781391322a12bff12e2b24519f56ddb4c"
"src/Modules/ListingLifecycle/Domain/ValueObject/ExpirationDate.php","A ","HISTORICAL_TRACKED_BASELINE","605","3e448c79fdcf4461317b3af6d3afdd6a6f32803421410e49bb83e6a34ee1d2d9"
"src/Modules/ListingLifecycle/Domain/ValueObject/ListingId.php","A ","HISTORICAL_TRACKED_BASELINE","682","403a6fc79cd650b3a3c1b2cbfd106b60e1098fad733f4575d68e4e7a24c9a42f"
"src/Modules/ListingLifecycle/Domain/ValueObject/ListingRevisionId.php","A ","HISTORICAL_TRACKED_BASELINE","691","f666d7e132136188a7254c0d8aa277912156c1e88b862a625c5ebbc9e6fccbb3"
"src/Modules/ListingLifecycle/Domain/ValueObject/ListingStatus.php","A ","HISTORICAL_TRACKED_BASELINE","445","c0bd0daa438459b6c93610668ca66e162dcc307904018c284898c1af4bb48419"
"src/Modules/ListingLifecycle/Domain/ValueObject/MediaCollectionId.php","A ","HISTORICAL_TRACKED_BASELINE","669","ebbc083008a315da5636512fcf332a366c809a61bd7b6ddabb0ccad5ec885501"
"src/Modules/ListingLifecycle/Domain/ValueObject/PropertyAvailability.php","A ","HISTORICAL_TRACKED_BASELINE","276","3897ef5b638860bcda97b1d8e87e3cdc162b46e62664e67a016d8d1ded6e6107"
"src/Modules/ListingLifecycle/Domain/ValueObject/PropertyId.php","A ","HISTORICAL_TRACKED_BASELINE","684","e53a1e0a270fbb95b038a07e06ef35b4332234c2e7a96bc1e491fb32b851bd0b"
"src/Modules/ListingLifecycle/Domain/ValueObject/PublicationMediaAvailability.php","A ","HISTORICAL_TRACKED_BASELINE","337","07e7c8b17284aab00c6db8d3a7161e7a4a37e48459f576c36b52ae7fe82cad2e"
"src/Modules/ListingLifecycle/Domain/ValueObject/PublicationReason.php","A ","HISTORICAL_TRACKED_BASELINE","563","aa8d0d27f0f1be0339ebc3b26cf255ac7fc91b521683faa51a561059a8634182"
"src/Modules/ListingLifecycle/Domain/ValueObject/RenewalRoute.php","A ","HISTORICAL_TRACKED_BASELINE","222","a7d6aa9c1b923fee13d585ba08b72517f5dc90d25b8dcce4ddc109d3660bcacb"
"src/Modules/ListingLifecycle/Domain/ValueObject/SuspensionReason.php","A ","HISTORICAL_TRACKED_BASELINE","561","727f2e086d110c5f532dfd4f6b779da754df9781b29ab4cece5e38f2151b1d37"
"src/Modules/ListingLifecycle/Domain/ValueObject/TransitionOrigin.php","A ","HISTORICAL_TRACKED_BASELINE","248","393303e898535053b0d2c4790034445fb0ecdd99d32204eafc0a9764977d4fb5"
"src/Modules/ListingLifecycle/Domain/ValueObject/TransitionReason.php","A ","HISTORICAL_TRACKED_BASELINE","561","eb522364b3cfaa5000291b366aecfedcf324e0eb215228e4ac0bc0d51ab07d76"
"src/Modules/ListingLifecycle/Domain/ValueObject/TransitionTrigger.php","A ","HISTORICAL_TRACKED_BASELINE","1231","291a946d241564c7bc0496fac606573ba229f3c2067ad3bb3abefaf8999ad021"
"src/Modules/ListingLifecycle/Infrastructure/Persistence/AuthoringPortfolioMapper.php","A ","HISTORICAL_TRACKED_BASELINE","737","30acef84d9c6f19389d5666fbaac47605ce4e201761c13b96efe9dbec7894fb0"
"src/Modules/ListingLifecycle/Infrastructure/Persistence/ListingDraftMapper.php","A ","HISTORICAL_TRACKED_BASELINE","1344","aeb0fb509ee4749762cd1356b8ad21da29cc3f5cc7bec6c665c91226483a6fc7"
"src/Modules/ListingLifecycle/Infrastructure/Persistence/ListingMapper.php","A ","HISTORICAL_TRACKED_BASELINE","7463","c2dfb4bef8ab6d4544f286d8f84ae25ea11279c86dd05e8a47babd081b4e9c0b"
"src/Modules/ListingLifecycle/Infrastructure/Persistence/ListingOwnershipMapper.php","A ","HISTORICAL_TRACKED_BASELINE","1021","be080ac5006c7f096dd40da51e11e027b3e341f2136376e9c89f7ace27beb0a1"
"src/Modules/ListingLifecycle/Infrastructure/Persistence/ListingPublicationWorkflowMapper.php","A ","HISTORICAL_TRACKED_BASELINE","2749","03affc540f2dc87fb6bd300ed5562ddc318d88a0cb33b9394009cdca4ab3545a"
"src/Modules/ListingLifecycle/Infrastructure/Persistence/ListingRevisionSnapshot.php","A ","HISTORICAL_TRACKED_BASELINE","458","3844e94ddeeab8f2ba40b0dd4e524aa4ff99991ae3d4cb0532d11e9cdc4d0a76"
"src/Modules/ListingLifecycle/Infrastructure/Persistence/ListingSnapshot.php","A ","HISTORICAL_TRACKED_BASELINE","453","6d4bbc114a90b47a0f7aff65a1ddc401ffb02c277f7dbd47e66944aa6a5f9c60"
"src/Modules/ListingLifecycle/Infrastructure/Persistence/ListingTransaction.php","A ","HISTORICAL_TRACKED_BASELINE","177","901ee5be1b6c0d881991ba2a5dd828cca34ef082bd4f061068fe4850344d4436"
"src/Modules/ListingLifecycle/Infrastructure/Persistence/PersistentListingIntegrity.php","A ","HISTORICAL_TRACKED_BASELINE","326","4a1d6386f4e734dcf7843b65127c324b24f110329b593701c6fe5f237ae2f476"
"src/Modules/ListingLifecycle/Infrastructure/Persistence/PostgreSql/Migrations/002_listing.sql","A ","HISTORICAL_TRACKED_BASELINE","2476","dc22316e49d410cd93f800c18fffc05d34acfb26fab2972a70bc979d1afd1f63"
"src/Modules/ListingLifecycle/Infrastructure/Persistence/PostgreSql/Migrations/012_property_listings_resolution.sql","A ","HISTORICAL_TRACKED_BASELINE","108","d07f0299177310081123a4ccbd2c3f7ba12b9fc8d4c441f101ba7fa235888d82"
"src/Modules/ListingLifecycle/Infrastructure/Persistence/PostgreSql/Migrations/015_listing_publication_workflow.down.sql","A ","HISTORICAL_TRACKED_BASELINE","73","749be3706c7a70da0a7a2a43558efd24cbe979ccdb48a5efdc08b003a9b77079"
"src/Modules/ListingLifecycle/Infrastructure/Persistence/PostgreSql/Migrations/015_listing_publication_workflow.sql","A ","HISTORICAL_TRACKED_BASELINE","2580","84480506df8ec16b14303230850cc70b17dd913d6d9e93122f3cf34f6730b80e"
"src/Modules/ListingLifecycle/Infrastructure/Persistence/PostgreSql/Migrations/055_listing_creation_intents.down.sql","A ","HISTORICAL_TRACKED_BASELINE","65","a92d8204c73a3328561d2c7492359c56c2d3a39214db05452c0e067fbfa42ab0"
"src/Modules/ListingLifecycle/Infrastructure/Persistence/PostgreSql/Migrations/055_listing_creation_intents.sql","A ","HISTORICAL_TRACKED_BASELINE","1049","65cb2b9d4e485236e7cd1144a64bd92e344876bedff0aa4045e26f0ac1564a97"
"src/Modules/ListingLifecycle/Infrastructure/Persistence/PostgreSql/Migrations/057_listing_authoring.down.sql","A ","HISTORICAL_TRACKED_BASELINE","303","4925b0d8f240d32e01784f37834eb6541b16a4da1da86a457b789db079345879"
"src/Modules/ListingLifecycle/Infrastructure/Persistence/PostgreSql/Migrations/057_listing_authoring.sql","A ","HISTORICAL_TRACKED_BASELINE","3481","b72d22ead431e6fbeb091840f749c560d93de8bb995e5564078cdf41c0560e62"
"src/Modules/ListingLifecycle/Infrastructure/Persistence/PostgreSql/Migrations/068_listing_moderation_intents.down.sql","A ","EXPECTED_PHASE_5_3_ARTIFACT","141","cce5cdbcf32e19ce881e289ff645f0e5ece44759df2f0d9b5594c4dc0c98d6e7"
"src/Modules/ListingLifecycle/Infrastructure/Persistence/PostgreSql/Migrations/068_listing_moderation_intents.sql","A ","EXPECTED_PHASE_5_3_ARTIFACT","590","8ca28486268aede677a8dcec12210728b227a431efa9ec467f685f6c5f87778f"
"src/Modules/ListingLifecycle/Infrastructure/Persistence/PostgreSql/PostgreSqlAuthoringPortfolioStore.php","A ","HISTORICAL_TRACKED_BASELINE","2560","09a3f6e38429a1235989239e782a549c662463cbc16bf5aafb87a9fc368eb90d"
"src/Modules/ListingLifecycle/Infrastructure/Persistence/PostgreSql/PostgreSqlListingCreationIntentStore.php","A ","HISTORICAL_TRACKED_BASELINE","2637","d38a575f7e6eb988788e8b72ecd591faf3686b80740fe65df1c16d61d7438ec4"
"src/Modules/ListingLifecycle/Infrastructure/Persistence/PostgreSql/PostgreSqlListingDraftStore.php","A ","HISTORICAL_TRACKED_BASELINE","5681","743c9fb5eb469288af6bacb240731126df40cb3bc1f8c51a7d255eacf916bb37"
"src/Modules/ListingLifecycle/Infrastructure/Persistence/PostgreSql/PostgreSqlListingModerationIntentStore.php","A ","EXPECTED_PHASE_5_3_ARTIFACT","4389","cce64d0982716e952b0b9ddddb6f073bea06d251805179f86971c89e9684fb9c"
"src/Modules/ListingLifecycle/Infrastructure/Persistence/PostgreSql/PostgreSqlListingModerationIntentTransaction.php","A ","EXPECTED_PHASE_5_3_ARTIFACT","1156","41f9d8694bdeba2919ce54e4dedbd324c1a38c7eb1832152ba1e06b3b599230a"
"src/Modules/ListingLifecycle/Infrastructure/Persistence/PostgreSql/PostgreSqlListingOwnershipStore.php","A ","HISTORICAL_TRACKED_BASELINE","5917","62776c20c21edbd46dc73639ee5724c8a952f7f8f7cf6ac81c848c3885b18cff"
"src/Modules/ListingLifecycle/Infrastructure/Persistence/PostgreSql/PostgreSqlListingPublicationWorkflowRepository.php","A ","HISTORICAL_TRACKED_BASELINE","6033","6c79e2f536237e9984e5b8dbdd0bff58fe497604a20957ed210c409700c1cd78"
"src/Modules/ListingLifecycle/Infrastructure/Persistence/PostgreSql/PostgreSqlListingRepository.php","A ","HISTORICAL_TRACKED_BASELINE","8760","c182d7c888633ebce36bdb945ad4d63a6e0555f2496df65ca1957109fe908436"
"src/Modules/ListingLifecycle/Infrastructure/Persistence/PostgreSql/PostgreSqlListingTransaction.php","A ","HISTORICAL_TRACKED_BASELINE","1534","aa60694d000a0ab26bfac17cc34755b8e489eadc104e0ae6921fc9bd679b6d90"
"src/Modules/Media/.gitkeep","D ","EXPECTED_PLACEHOLDER_RETIREMENT","0",""
"src/Modules/Media/Application/Attachment/AttachReadyMediaAssetCommandV1.php","A ","HISTORICAL_TRACKED_BASELINE","551","3c414fdc029ca09608db28abe7343540f74e6d1f0e4fa5acd8095763523711b8"
"src/Modules/Media/Application/Attachment/AttachReadyMediaAssetResultV1.php","A ","HISTORICAL_TRACKED_BASELINE","554","cf7cd75e1395c054157ea5e9c99a1b29b486b0442988887ef1a6f703cd815424"
"src/Modules/Media/Application/Attachment/Contract/AttachReadyMediaAssetV1.php","A ","HISTORICAL_TRACKED_BASELINE","370","d2726c669043833096d398f2af523e5aac14f87ee7b3a22358ee187a5e0be76d"
"src/Modules/Media/Application/Attachment/Contract/MediaAttachmentIntentStore.php","A ","HISTORICAL_TRACKED_BASELINE","401","a9fd84c97c935577c05e1184b7792f22cadbbf5e71edba7be0e00b901545b131"
"src/Modules/Media/Application/Attachment/MediaAttachmentIntent.php","A ","HISTORICAL_TRACKED_BASELINE","368","930dca1a94a81b16d275d18a54b2239747e799b38f9bcb33f79ce3d43c678d70"
"src/Modules/Media/Application/Contract/MediaCollectionOwnershipLookup.php","A ","HISTORICAL_TRACKED_BASELINE","307","82ba60a2fe0595a7da5bd9adfb7b65bee6fbefae2cccd7ef0ea92d4e19504617"
"src/Modules/Media/Application/Contract/MediaCollectionRegistry.php","A ","HISTORICAL_TRACKED_BASELINE","1240","dbda42f5882c6ca23950e612fc1d3d2caacc0db23da0bc4bac19ddeb8244a5d6"
"src/Modules/Media/Application/Contract/PropertyCatalog.php","A ","HISTORICAL_TRACKED_BASELINE","308","97a043a063e634165e2477d3b449d16ee57acc36f695d505b2add9a0f8fae71e"
"src/Modules/Media/Application/IngestionPersistence/AbstractIngestionState.php","A ","HISTORICAL_TRACKED_BASELINE","418","9475e65f22e7107e166bc4a203a28f0e70456327f38f0276514ecffe70fc7ddc"
"src/Modules/Media/Application/IngestionPersistence/Contract/MediaAssetStore.php","A ","HISTORICAL_TRACKED_BASELINE","456","30bf13f77a35afda43d5603a65c4bcce5376cfc11098136bc172593e7a95412d"
"src/Modules/Media/Application/IngestionPersistence/Contract/MediaProcessingStore.php","A ","HISTORICAL_TRACKED_BASELINE","476","deaaf68862bbb7ac6d6f0f02cb5252a755ca5a6519b6318de8d3766ff6933e42"
"src/Modules/Media/Application/IngestionPersistence/Contract/MediaQuotaStore.php","A ","HISTORICAL_TRACKED_BASELINE","456","7064453a26b3a2e0dad46e34753c8e27a25ad2b4e3fec389a261e9d1b9c824a4"
"src/Modules/Media/Application/IngestionPersistence/Contract/MediaUploadStore.php","A ","HISTORICAL_TRACKED_BASELINE","461","1a29fdfb5a0099680300d5afcc539fe44c065a04dfc4ac3defdb1130389113e0"
"src/Modules/Media/Application/IngestionPersistence/MediaAssetState.php","A ","HISTORICAL_TRACKED_BASELINE","144","434bd2a832bcf1c8c98560386feddae5893037c927a80a071171a5a55f34989e"
"src/Modules/Media/Application/IngestionPersistence/MediaIngestionPersistenceWriteResult.php","A ","HISTORICAL_TRACKED_BASELINE","377","392d322da65fc81d352d1d3c09b0dd38785852861b1ab2f8a26b5f50338490b8"
"src/Modules/Media/Application/IngestionPersistence/MediaProcessingState.php","A ","HISTORICAL_TRACKED_BASELINE","149","0ec93b64c719fc6c8b89bc4a00bf58236e0d910cf2e770743978bec142c477f7"
"src/Modules/Media/Application/IngestionPersistence/MediaQuotaState.php","A ","HISTORICAL_TRACKED_BASELINE","144","92bae4c5ca7e2a3b809802846c749c397e08ede8aa353ffc9c47de156052c1d9"
"src/Modules/Media/Application/IngestionPersistence/MediaUploadState.php","A ","HISTORICAL_TRACKED_BASELINE","145","487ed6181efc7142815c374c25ccdd5df29c6dfb4270dbd66d3289228e7f290f"
"src/Modules/Media/Application/MediaIngestionEvent/MediaIngestionEventCatalog.php","A ","HISTORICAL_TRACKED_BASELINE","408","1823f5554d45bca5d2dc18ab9df6c7defed15a22ef264d962ce2def783497989"
"src/Modules/Media/Application/MediaIngestionEvent/MediaIngestionEventOwner.php","A ","HISTORICAL_TRACKED_BASELINE","155","761b6f40137fb02f8a3c1492b5862a4a60478ae743df4ae019b1cec8f20d973d"
"src/Modules/Media/Application/MediaIngestionEvent/MediaIngestionEventType.php","A ","HISTORICAL_TRACKED_BASELINE","289","03c87b3b4231622b1fd39187bfac06419642ddd6606e32662c0042bb2b874745"
"src/Modules/Media/Application/MediaIngestionEvent/MediaIngestionEventV1.php","A ","HISTORICAL_TRACKED_BASELINE","2798","cf3ffa6d4151f4625a5106379a58d7e09b0151059044470664eb6ef2d3d92884"
"src/Modules/Media/Application/MediaIngestionEventIntegration/Contract/MediaIngestionAtomicDeliveryTransaction.php","A ","HISTORICAL_TRACKED_BASELINE","303","726914f015c4021dbc850918187d45fca82c18adb2a06a060abdb30698359378"
"src/Modules/Media/Application/MediaItemLifecycle/MediaItemLifecycleAction.php","A ","HISTORICAL_TRACKED_BASELINE","201","74492d410b5f9806c8c266244f2d24c3da30226d9c9ab82bea97a090435e1340"
"src/Modules/Media/Application/MediaItemLifecycle/MediaItemLifecycleDecision.php","A ","HISTORICAL_TRACKED_BASELINE","703","4e888feacc97bd6e7cbacf18d4b3aec6ea25ecbfc204d737edb59962ccda246f"
"src/Modules/Media/Application/MediaItemLifecycle/MediaItemLifecycleDiagnostic.php","A ","HISTORICAL_TRACKED_BASELINE","203","4d5a10a1554c3a3b1e21b85541464c5dfc3787163f59f76fd5161e0965242d7a"
"src/Modules/Media/Application/MediaItemLifecycle/MediaItemLifecycleState.php","A ","HISTORICAL_TRACKED_BASELINE","202","7a990e21f5efe6fac922b10f8135390ec1a24bc1f6948b485841f621f0da8350"
"src/Modules/Media/Application/MediaItemLifecycle/MediaItemLifecycleTransition.php","A ","HISTORICAL_TRACKED_BASELINE","306","9eb15d7768e5fcf4ffed6a43baafe7cf51990c0f95e01370dfac45afb7c0c645"
"src/Modules/Media/Application/MediaItemLifecycle/MediaItemLifecycleWorkflow.php","A ","HISTORICAL_TRACKED_BASELINE","1238","9a51153919a09f6f124c12974ca50e3cf1e1ed65df1ddb570226126e0b73139c"
"src/Modules/Media/Application/MediaItemLifecycle/MediaItemLifecycleWorkflowResult.php","A ","HISTORICAL_TRACKED_BASELINE","179","a11a6af6b264c6839dc64ca306ddc354ecba3f32d06cff870a1021928429ff3c"
"src/Modules/Media/Application/MediaItemLifecycleContext/Contract/MediaItemLifecycleContextualReplayInspector.php","A ","HISTORICAL_TRACKED_BASELINE","456","4145984ed7c05c68442d8ad3bb8dfbc57f092cc3d1c25d4480a4fb37086de097"
"src/Modules/Media/Application/MediaItemLifecycleContext/Contract/MediaItemLifecycleContextualTransitionStore.php","A ","HISTORICAL_TRACKED_BASELINE","758","f0c48d9910d6c73eefbb8fd5894ed668f69a77ea796d0e92b09603b4f53af1b2"
"src/Modules/Media/Application/MediaItemLifecycleContext/MediaCollectionDecisionVersion.php","A ","HISTORICAL_TRACKED_BASELINE","373","7ef5b81f9f736260ca86bafbbe56e150bc6a54be446b9690b9a68a72b7a28358"
"src/Modules/Media/Application/MediaItemLifecycleContext/MediaCollectionTransitionDecision.php","A ","HISTORICAL_TRACKED_BASELINE","926","f1c0df41251eeb8a4c94d0bcc8f5364f5fea704c647f78c2fa0a57e8c2e13195"
"src/Modules/Media/Application/MediaItemLifecycleContext/MediaItemLifecycleActorId.php","A ","HISTORICAL_TRACKED_BASELINE","597","bd02d77fbac112afe6b9cec79d5840ae14c8e4f7ab5b89146e336542ee0975ff"
"src/Modules/Media/Application/MediaItemLifecycleContext/MediaItemLifecycleContextChecksum.php","A ","HISTORICAL_TRACKED_BASELINE","555","29d7da29c4f96b6f1be571ddfcb3c9285f9c863d5ff783a04718fe03d5767a26"
"src/Modules/Media/Application/MediaItemLifecycleContext/MediaItemLifecycleContextualAppend.php","A ","HISTORICAL_TRACKED_BASELINE","842","d0f677e8c838994fbcdf52577a0d1099078e0d6b85c576d36e2d8684459110da"
"src/Modules/Media/Application/MediaItemLifecycleContext/MediaItemLifecycleContextualAppendInspection.php","A ","HISTORICAL_TRACKED_BASELINE","1041","fb1c608eca440ca070cb1f029619c8b564d0808d21ff4e784f729cda7b46eadd"
"src/Modules/Media/Application/MediaItemLifecycleContext/MediaItemLifecycleContextualInspectionResult.php","A ","HISTORICAL_TRACKED_BASELINE","1051","748a97f35fc27c28808c9e4b8438aab29ddc7d5ba1527734451e9a8d728c3c71"
"src/Modules/Media/Application/MediaItemLifecycleContext/MediaItemLifecycleContextualInspectionStatus.php","A ","HISTORICAL_TRACKED_BASELINE","230","304df8b697593e08fc70e424e59112478142d04ae8977443112dde615df80bbb"
"src/Modules/Media/Application/MediaItemLifecycleContext/MediaItemLifecycleContextualWriteResult.php","A ","HISTORICAL_TRACKED_BASELINE","438","dfd1adc158cdae1653a704068c97d4e8177b63e87ccdd0142a1654910796cb68"
"src/Modules/Media/Application/MediaItemLifecycleContext/MediaItemLifecycleContextVersion.php","A ","HISTORICAL_TRACKED_BASELINE","142","64c236d444f84424c676d9a5b587548b16c641be8b8804027adc0f6019972d97"
"src/Modules/Media/Application/MediaItemLifecycleContext/MediaItemLifecycleExpectedVersion.php","A ","HISTORICAL_TRACKED_BASELINE","378","bee056b54e9f421af24fcabbd8435aa737ededaf4946668d441b88e7003fc247"
"src/Modules/Media/Application/MediaItemLifecycleContext/MediaItemLifecycleOccurredAt.php","A ","HISTORICAL_TRACKED_BASELINE","655","97cdca60bc4a741ef9e3611bdff48970710c3b9a933a1b2ebe16b1dec10c1ed5"
"src/Modules/Media/Application/MediaItemLifecycleContext/MediaItemLifecycleReplayOutcome.php","A ","HISTORICAL_TRACKED_BASELINE","255","6b080f9d38a401945e844cc392fa34b2bcc3510b95452621ff1a45324f600e85"
"src/Modules/Media/Application/MediaItemLifecycleContext/MediaItemLifecycleReplayPolicy.php","A ","HISTORICAL_TRACKED_BASELINE","940","5496aaf8dd620b81371edebd66ef6d76fcc35fa1f3f9f61156f4a0e378ea4412"
"src/Modules/Media/Application/MediaItemLifecycleContext/MediaItemLifecycleTransitionContext.php","A ","HISTORICAL_TRACKED_BASELINE","1380","0f856ad3febab098094388ad0f4755b4c248201b643de27a46c2c0c3082cd638"
"src/Modules/Media/Application/MediaItemLifecycleContext/MediaPrimaryTransitionDisposition.php","A ","HISTORICAL_TRACKED_BASELINE","221","38a946d4280d69b76c9b54964ed3a93a9aee597811ba74e8814668d24e39fc42"
"src/Modules/Media/Application/MediaItemLifecycleEvent/MediaItemLifecycleEvent.php","A ","HISTORICAL_TRACKED_BASELINE","1641","43ff782b331d20fb740aed9599a559549f6145d0f1357bec8d137c6120817ee4"
"src/Modules/Media/Application/MediaItemLifecycleEvent/MediaItemLifecycleEventCatalog.php","A ","HISTORICAL_TRACKED_BASELINE","1036","4ec764318cf6af3601310808672ad5c8af2639ea13a36a53b9f78b6a14466dc5"
"src/Modules/Media/Application/MediaItemLifecycleEvent/MediaItemLifecycleEventId.php","A ","HISTORICAL_TRACKED_BASELINE","1149","1e058259f98f10bd1bb502a24629108dca8ab5b67f506751313fcc5d6c1f7878"
"src/Modules/Media/Application/MediaItemLifecycleEvent/MediaItemLifecycleEventMetadata.php","A ","HISTORICAL_TRACKED_BASELINE","1256","0b689a90b9c16c30e8fd988774324582d76c33e4893e32d99d7882bb025c03ca"
"src/Modules/Media/Application/MediaItemLifecycleEvent/MediaItemLifecycleEventPayload.php","A ","HISTORICAL_TRACKED_BASELINE","1676","920542d8bc2da8beedabcd8e325a34a79ecf8365cbc4cef6c10a04808a5e4ac7"
"src/Modules/Media/Application/MediaItemLifecycleEvent/MediaItemLifecycleEventPayloadVersion.php","A ","HISTORICAL_TRACKED_BASELINE","145","a3eea087bef6723f89543b90a288d03f9a607dbab03ed1997f91bf0f6d5c42f8"
"src/Modules/Media/Application/MediaItemLifecycleEvent/MediaItemLifecycleEventSerializer.php","A ","HISTORICAL_TRACKED_BASELINE","372","bace61b1eb84e4e21daa537c17a7b2d41652bf33e02d9aa373650aa6ae3698eb"
"src/Modules/Media/Application/MediaItemLifecycleEvent/MediaItemLifecycleEventType.php","A ","HISTORICAL_TRACKED_BASELINE","225","dec1cf9898b0204f2520a808be0cf94fc38f55402b0c3e270305e07f98b86c6a"
"src/Modules/Media/Application/MediaItemLifecycleOrchestration/Contract/MediaItemLifecycleOrchestrator.php","A ","HISTORICAL_TRACKED_BASELINE","467","00018a26cd178ad1921c16a67dc5073b0fdf3a0b4b5b7023484231ef000e9516"
"src/Modules/Media/Application/MediaItemLifecycleOrchestration/DeterministicMediaItemLifecycleOrchestrator.php","A ","HISTORICAL_TRACKED_BASELINE","5372","d0645cf88fcb6581da9261fe40f65696d7c062ba61418e52d1b2bc7d101dff4b"
"src/Modules/Media/Application/MediaItemLifecycleOrchestration/MediaItemLifecycleOrchestrationResult.php","A ","HISTORICAL_TRACKED_BASELINE","403","7cd4b11ea7159d81705cd8ad19f7ba5fa12e10dd7e62d4558198f5932257331d"
"src/Modules/Media/Application/MediaItemLifecycleOrchestration/MediaItemLifecycleOrchestrationStatus.php","A ","HISTORICAL_TRACKED_BASELINE","470","bddea9fa894414be34f197ce6367289e4fcb8816b539842810f010d632c66b8c"
"src/Modules/Media/Application/MediaItemLifecycleOrchestration/MediaItemLifecycleTransitionRequest.php","A ","HISTORICAL_TRACKED_BASELINE","615","b7968b295601ccadfbdf356ebf41e17921d290f8a0fd04a76ad40db43069e74f"
"src/Modules/Media/Application/MediaItemLifecyclePersistence/Contract/MediaItemLifecycleWorkflowStore.php","A ","HISTORICAL_TRACKED_BASELINE","892","3c60b2024a8076236e5bfaa97656f19ad2a0f3aa0843168adb0e799e0150da30"
"src/Modules/Media/Application/MediaItemLifecyclePersistence/MediaItemLifecycleId.php","A ","HISTORICAL_TRACKED_BASELINE","590","94cd6e003e3842be440e5dfb2423cd1b7d149251fbb1515e72bb3c0e680f9b1b"
"src/Modules/Media/Application/MediaItemLifecyclePersistence/MediaItemLifecyclePersistenceReadResult.php","A ","HISTORICAL_TRACKED_BASELINE","910","bb901987e22d04d7c9e963290beed6b6046c27814ef34c0ea507e1b8a2abdd3a"
"src/Modules/Media/Application/MediaItemLifecyclePersistence/MediaItemLifecyclePersistenceReadStatus.php","A ","HISTORICAL_TRACKED_BASELINE","229","ec4c6fc81104e4fe3e8042afac41402875d43bfe8f1f594aa274e0fcddd2958f"
"src/Modules/Media/Application/MediaItemLifecyclePersistence/MediaItemLifecyclePersistenceWriteResult.php","A ","HISTORICAL_TRACKED_BASELINE","358","a5070fb97b4200a29de47e2afe79decf3f9db7ff46f0ed050e6185346da239a4"
"src/Modules/Media/Application/MediaItemLifecyclePersistence/MediaItemLifecycleStoredState.php","A ","HISTORICAL_TRACKED_BASELINE","554","e12171f15a0d3e8abb02bc6196014dc88d9b710ce6195edf22cf01d3bd02939c"
"src/Modules/Media/Application/Ownership/MediaOwnershipResolution.php","A ","HISTORICAL_TRACKED_BASELINE","194","1797c2426cbb10173e3720d6e98f922cf4a1d0caff129e11fa4c84450c224917"
"src/Modules/Media/Application/Ownership/MediaOwnershipResult.php","A ","HISTORICAL_TRACKED_BASELINE","925","c224a300896e21dd83d9070824b40c1a7dc78b7bc33697bb7ede1b463bb0d01e"
"src/Modules/Media/Application/UseCase/AddMedia.php","A ","HISTORICAL_TRACKED_BASELINE","1128","5e7897876b5b9440129869922a0474b223dca43c2c3679ff04f6ca17777b6532"
"src/Modules/Media/Application/UseCase/ArchiveMedia.php","A ","HISTORICAL_TRACKED_BASELINE","696","93b5b2af6f84a04719fc3ad28c04bde4e3f21e9b65e4f067919d27837def44db"
"src/Modules/Media/Application/UseCase/ChangeCaption.php","A ","HISTORICAL_TRACKED_BASELINE","739","ad484220439b3f4d2a9b08d646410ffa61f230ff6d85476c087712ec092a168c"
"src/Modules/Media/Application/UseCase/CreateMediaCollection.php","A ","HISTORICAL_TRACKED_BASELINE","1002","93484ace535bd0595d2ac376ed43b1ebe64015e93b1170670076b33a26523671"
"src/Modules/Media/Application/UseCase/MarkPrimaryMedia.php","A ","HISTORICAL_TRACKED_BASELINE","649","597facf29a1231fe085ac6e29cebd899f33b05140415592940b9e77a8ae2d43a"
"src/Modules/Media/Application/UseCase/MediaCollectionUseCase.php","A ","HISTORICAL_TRACKED_BASELINE","808","582a407e6502b47405d9b10d67b11766669e87d212057f1d997a6308f7cb144f"
"src/Modules/Media/Application/UseCase/RemoveMedia.php","A ","HISTORICAL_TRACKED_BASELINE","694","2d4099f800d6c2ce70ec3d95dc0ec864b9768cc6128df745af412886339797a0"
"src/Modules/Media/Application/UseCase/ReorderMedia.php","A ","HISTORICAL_TRACKED_BASELINE","714","3ed723fc1182069eac9a1b3baacae9ef0726b881223a1f6daa89ddde00856828"
"src/Modules/Media/Domain/Event/AbstractMediaCollectionEvent.php","A ","HISTORICAL_TRACKED_BASELINE","1011","1c8b5b1b9813d89222924031125ff7177aa4a2a4045a0b1f70ee5ad30a446c10"
"src/Modules/Media/Domain/Event/MediaAdded.php","A ","HISTORICAL_TRACKED_BASELINE","779","ab8f20b5d8b9b09efc08b0b43813c9942854bacc98ab49ed7a78fdd6c79f22fb"
"src/Modules/Media/Domain/Event/MediaArchived.php","A ","HISTORICAL_TRACKED_BASELINE","423","4a92cf44bd8a50073536c259969dbafc071a439c816fc2972ee29858dd6b6b4c"
"src/Modules/Media/Domain/Event/MediaCaptionChanged.php","A ","HISTORICAL_TRACKED_BASELINE","559","452461c44572d29a8f9c8c798a31baf9cf3aa2c846f5426ad4aebc8dbb66a856"
"src/Modules/Media/Domain/Event/MediaCollectionEvent.php","A ","HISTORICAL_TRACKED_BASELINE","370","e15e561ccb819e4048cd682c6e1db07422721075685a36f51c6f8b0bd4a1961c"
"src/Modules/Media/Domain/Event/MediaCollectionEventMetadata.php","A ","HISTORICAL_TRACKED_BASELINE","195","a7edfa06cde2d79685a6c6ec750b7b836b53d3d04beebd0d1725632020a9d283"
"src/Modules/Media/Domain/Event/MediaMarkedPrimary.php","A ","HISTORICAL_TRACKED_BASELINE","466","7da1ba69e8aab157be50f5393f630872ade8fbef42f10587cdecc8611ff8a2cb"
"src/Modules/Media/Domain/Event/MediaRemoved.php","A ","HISTORICAL_TRACKED_BASELINE","422","42a61f3ebea575d173ccfcbecfc58978927c75754a41d9263a5960d937d3030b"
"src/Modules/Media/Domain/Event/MediaReordered.php","A ","HISTORICAL_TRACKED_BASELINE","413","37b598e2cd595b630fa28814e9d0ade26c89239101f881f51ef25beb9b1f9fd2"
"src/Modules/Media/Domain/Exception/ConcurrentMediaCollectionModification.php","A ","HISTORICAL_TRACKED_BASELINE","255","740a930c332e2b67e87c490eb753fbd3014219172e135667f7abbb35c3714037"
"src/Modules/Media/Domain/Exception/InvalidMediaValue.php","A ","HISTORICAL_TRACKED_BASELINE","236","2a67a345bf215b6ecd6037259df70627c011cd83515b8d5fc740ae82166110e2"
"src/Modules/Media/Domain/Exception/MediaCollectionIdConflict.php","A ","HISTORICAL_TRACKED_BASELINE","246","7bcedad60d3a48923c057f4db61dd6cf374f8bd2337591b7fe0b1e8f53e83d6f"
"src/Modules/Media/Domain/Exception/MediaCollectionNotFound.php","A ","HISTORICAL_TRACKED_BASELINE","234","1ad2d27b008b930e0eb56cff2a3fe4bccae3c5586b07479c9c885eb68d0c7df2"
"src/Modules/Media/Domain/Exception/MediaCollectionViolation.php","A ","HISTORICAL_TRACKED_BASELINE","1642","451f02b0f033a4687e49be39a863b8205e83cb429569229c00a7335a3ce641fe"
"src/Modules/Media/Domain/Exception/MediaException.php","A ","HISTORICAL_TRACKED_BASELINE","136","d153d765f57ca00f70623bd54c2a0e7267c9f98e7e760c055aa21d96420c1bb6"
"src/Modules/Media/Domain/Exception/MediaIdConflict.php","A ","HISTORICAL_TRACKED_BASELINE","248","90aafc4a544e59160b04b58020778ef7d1f1fbb77fe4f6cbc6361c32eae3f71e"
"src/Modules/Media/Domain/Exception/PropertyUnavailable.php","A ","HISTORICAL_TRACKED_BASELINE","223","2009391d8d10f67190f48207d8fe5f7b4c229ace776f7f3a204069614df973c0"
"src/Modules/Media/Domain/Model/MediaCollection.php","A ","HISTORICAL_TRACKED_BASELINE","9736","cbebeed50186cdea470cb3ff534f1cf3bc0b08a1cee445d802a66a3459800738"
"src/Modules/Media/Domain/Model/MediaItem.php","A ","HISTORICAL_TRACKED_BASELINE","4071","ba2905b0773bb77afae40c5e1db8f867897d81e8e3592c8c1c2db49d3ed7749c"
"src/Modules/Media/Domain/ValueObject/MediaCaption.php","A ","HISTORICAL_TRACKED_BASELINE","647","154cd7f04ac35db4a9fdb803898af1d00006103a9ea177df9f5f12a53d4afbfb"
"src/Modules/Media/Domain/ValueObject/MediaChecksum.php","A ","HISTORICAL_TRACKED_BASELINE","605","4c6c349986be72cd7d311a6307cba23327dc879074c1b69d049f9d86ac91f86c"
"src/Modules/Media/Domain/ValueObject/MediaCollectionId.php","A ","HISTORICAL_TRACKED_BASELINE","777","2b189ac4689753465f2dd0ddd18147259c58fdfd34597e102fec5181602cd55f"
"src/Modules/Media/Domain/ValueObject/MediaId.php","A ","HISTORICAL_TRACKED_BASELINE","652","3ee465a09058f6a7202d78932a845b95365a2552937fb69dd31b7230330fcb9c"
"src/Modules/Media/Domain/ValueObject/MediaOrder.php","A ","HISTORICAL_TRACKED_BASELINE","532","a5e8dc1b555b41b61d2265918a8eaaec6556a0954c676ab9b5411fbc4293afc2"
"src/Modules/Media/Domain/ValueObject/MediaSource.php","A ","HISTORICAL_TRACKED_BASELINE","235","f0e920f0a9638d300779a2d65d0790bf780de2c00740589d69a2c5ba60a9d1eb"
"src/Modules/Media/Domain/ValueObject/MediaStatus.php","A ","HISTORICAL_TRACKED_BASELINE","178","33ad5ae0167cbe619ea2a04648ed0b382fccca9833a425113f7230548b3a70dd"
"src/Modules/Media/Domain/ValueObject/MediaType.php","A ","HISTORICAL_TRACKED_BASELINE","112","6fc5a9c3f968e7335885878a05ab589df109867064a858af8275c343b49f46cd"
"src/Modules/Media/Domain/ValueObject/PropertyId.php","A ","HISTORICAL_TRACKED_BASELINE","658","c9ab91bd6b8c64ad5e40e39e5b097a59e848ee88b46be20e052b8256a805b3b9"
"src/Modules/Media/Infrastructure/Persistence/MediaCollectionMapper.php","A ","HISTORICAL_TRACKED_BASELINE","4953","33da5ff88a6ce837d4e0db6b7b945c93f46339ba6b68e31af503ccd1c7652d65"
"src/Modules/Media/Infrastructure/Persistence/MediaCollectionSnapshot.php","A ","HISTORICAL_TRACKED_BASELINE","365","5ef998539c06f96ed969b541d0b337a69094827d5095c8d37ae1f8f891a3e8bb"
"src/Modules/Media/Infrastructure/Persistence/MediaCollectionTransaction.php","A ","HISTORICAL_TRACKED_BASELINE","174","365fefc860d8e4b7eeb3353ae3abc566d267c79e961b337d73fd1fec295596c5"
"src/Modules/Media/Infrastructure/Persistence/MediaIngestionStateMapper.php","A ","HISTORICAL_TRACKED_BASELINE","2374","42469ee86bec0dbad254a2253483cb92a9432d18df33766d4962958e40ac7b69"
"src/Modules/Media/Infrastructure/Persistence/MediaItemLifecycleContextMapper.php","A ","HISTORICAL_TRACKED_BASELINE","1122","dec8ae98d98efdaae80ca55b25a236d30cd920cc5f922d6a3fd12cb32617284a"
"src/Modules/Media/Infrastructure/Persistence/MediaItemLifecycleWorkflowMapper.php","A ","HISTORICAL_TRACKED_BASELINE","2564","7fbb87cd14b329885d027e1a31bdb6ac8899b464b58ef4637776504eddcc5b39"
"src/Modules/Media/Infrastructure/Persistence/MediaItemSnapshot.php","A ","HISTORICAL_TRACKED_BASELINE","533","d8e4619cc8c4955f011936cd98b33368810f2242f74aa3e9858a55581d43a658"
"src/Modules/Media/Infrastructure/Persistence/PersistentMediaCollectionIntegrity.php","A ","HISTORICAL_TRACKED_BASELINE","389","7ab3b4ff7164b7c32be56b2084b49d36086e6130a66644339778c35b91be2d79"
"src/Modules/Media/Infrastructure/Persistence/PostgreSql/AbstractPostgreSqlMediaIngestionStore.php","A ","HISTORICAL_TRACKED_BASELINE","4943","3638056f298d2e7ca8ab71718e6cd4317c245fcb805faac7f9dfe37ad5cb8798"
"src/Modules/Media/Infrastructure/Persistence/PostgreSql/Migrations/004_media.sql","A ","HISTORICAL_TRACKED_BASELINE","1949","4626ae11475c627d297f2a9cb10b0316f94fb1439bbd9656a403125599761ba6"
"src/Modules/Media/Infrastructure/Persistence/PostgreSql/Migrations/007_media_ownership_lookup.sql","A ","HISTORICAL_TRACKED_BASELINE","104","7f714fdd5652f1371ba22864e971264759a7e428c436654554d879d6d78fc5ac"
"src/Modules/Media/Infrastructure/Persistence/PostgreSql/Migrations/031_media_item_lifecycle_workflow.down.sql","A ","HISTORICAL_TRACKED_BASELINE","61","3e3875850b15bc624b8a9203f219a8056a1d60f3930c1b01025aab8e4ecce6e2"
"src/Modules/Media/Infrastructure/Persistence/PostgreSql/Migrations/031_media_item_lifecycle_workflow.sql","A ","HISTORICAL_TRACKED_BASELINE","1121","bf4edfe67a157365a6fd272c248cacf899bd0f63093b9c1e70f1eae02594fc4b"
"src/Modules/Media/Infrastructure/Persistence/PostgreSql/Migrations/032_media_item_lifecycle_context.down.sql","A ","HISTORICAL_TRACKED_BASELINE","69","79cd975c434e37029d1dfe8deb2a81c123f67b482f354a7d6467038d4b01b656"
"src/Modules/Media/Infrastructure/Persistence/PostgreSql/Migrations/032_media_item_lifecycle_context.sql","A ","HISTORICAL_TRACKED_BASELINE","1142","8808d36a02109d56629a01d9e67b582977346a5029c486e17903751eebfbe752"
"src/Modules/Media/Infrastructure/Persistence/PostgreSql/Migrations/058_media_ingestion.down.sql","A ","HISTORICAL_TRACKED_BASELINE","39","49763a32e202fe2177e8cfe75f5ee3b46a695177c6d8a27da516eb55ab7a81bc"
"src/Modules/Media/Infrastructure/Persistence/PostgreSql/Migrations/058_media_ingestion.sql","A ","HISTORICAL_TRACKED_BASELINE","3694","447877dd375337aeadc6d66103f69701ffce74a3ab1e0c19e2e78d15da00be70"
"src/Modules/Media/Infrastructure/Persistence/PostgreSql/Migrations/059_media_attachment_intents.down.sql","A ","HISTORICAL_TRACKED_BASELINE","53","b5172c6684473e971dacbd7df3d9fc38eb747d5418d9a25e5626e7e899114e47"
"src/Modules/Media/Infrastructure/Persistence/PostgreSql/Migrations/059_media_attachment_intents.sql","A ","HISTORICAL_TRACKED_BASELINE","967","385e3e7a609aeb3e6da48f28e9548b2d68e948d7c5998f190d1ce0dda45e1a7e"
"src/Modules/Media/Infrastructure/Persistence/PostgreSql/Migrations/060_media_ingestion_event_outbox.down.sql","A ","HISTORICAL_TRACKED_BASELINE","122","192edb7ed05fe65cb7428ea4cdf1d0f01ae5131cfc9a9920212f47f2855f7075"
"src/Modules/Media/Infrastructure/Persistence/PostgreSql/Migrations/060_media_ingestion_event_outbox.sql","A ","HISTORICAL_TRACKED_BASELINE","1457","763e7bd3e1c8b9dd2dd83b903ea03cfeab6fb205d73aeb331837af809ad142c7"
"src/Modules/Media/Infrastructure/Persistence/PostgreSql/PostgreSqlMediaAssetStore.php","A ","HISTORICAL_TRACKED_BASELINE","1095","49ae69773a2bb87fd5db9779cc239473e0430c7aa3419f50f44f305bd7edd10f"
"src/Modules/Media/Infrastructure/Persistence/PostgreSql/PostgreSqlMediaAttachmentIntentStore.php","A ","HISTORICAL_TRACKED_BASELINE","2372","81f73e8733b5fefe110da0eb91d831ecc6d4b7cb88aec3bc501d6d7a41d353d5"
"src/Modules/Media/Infrastructure/Persistence/PostgreSql/PostgreSqlMediaCollectionOwnershipLookup.php","A ","HISTORICAL_TRACKED_BASELINE","1191","67ae61fbfb1dbc6550ba0058140e16cc592d624130cf74c39c8b470b1e4c6891"
"src/Modules/Media/Infrastructure/Persistence/PostgreSql/PostgreSqlMediaCollectionRepository.php","A ","HISTORICAL_TRACKED_BASELINE","8202","c100845eb6bf0667e1a1e617cbcf894919b784c648623de760ecf7120cfc9cd9"
"src/Modules/Media/Infrastructure/Persistence/PostgreSql/PostgreSqlMediaCollectionTransaction.php","A ","HISTORICAL_TRACKED_BASELINE","775","005aec7bc142f0aa4c2d64d7d3f597ad6b9b059aa5da0a3944c3b2c517dcca2e"
"src/Modules/Media/Infrastructure/Persistence/PostgreSql/PostgreSqlMediaItemLifecycleContextualReplayInspector.php","A ","HISTORICAL_TRACKED_BASELINE","5475","89969d2b34dd2f1c46c578446867098279e230638fe4d786e039140cff7b32d0"
"src/Modules/Media/Infrastructure/Persistence/PostgreSql/PostgreSqlMediaItemLifecycleContextualTransitionRepository.php","A ","HISTORICAL_TRACKED_BASELINE","6725","5adcb2726da8e3376803869b8958867705a30ef3eeea588b2022af5b06d7bb6d"
"src/Modules/Media/Infrastructure/Persistence/PostgreSql/PostgreSqlMediaItemLifecycleWorkflowRepository.php","A ","HISTORICAL_TRACKED_BASELINE","5774","d076e1a7bb24418d3c5f860e8923b7ff5e3150706edfc080bc4ff24b2bd19c28"
"src/Modules/Media/Infrastructure/Persistence/PostgreSql/PostgreSqlMediaProcessingStore.php","A ","HISTORICAL_TRACKED_BASELINE","1143","e40f6844004a31b7b19b4e4efe046d07f85b5e25ce0f045cf2769f2644aee164"
"src/Modules/Media/Infrastructure/Persistence/PostgreSql/PostgreSqlMediaQuotaStore.php","A ","HISTORICAL_TRACKED_BASELINE","1095","23ebfde6b65a447b0bff031dafaf427c8be3555c57bb7fe23f9088c6e876c37c"
"src/Modules/Media/Infrastructure/Persistence/PostgreSql/PostgreSqlMediaUploadStore.php","A ","HISTORICAL_TRACKED_BASELINE","1107","c1ca12e577e0642717b7f36298e07dc8002b2d2bed818689cc15ca0edde67b05"
"src/Modules/ModerationReports/.gitkeep","D ","EXPECTED_PLACEHOLDER_RETIREMENT","0",""
"src/Modules/ModerationReports/Application/Contract/ListingCatalog.php","A ","EXPECTED_PHASE_5_3_ARTIFACT","316","ce01fdd39e6dd03055fa6e43c5c2ed9ca0cd8aeed85b5d9ec283042082913f0a"
"src/Modules/ModerationReports/Application/Contract/ModerationCaseRegistry.php","A ","EXPECTED_PHASE_5_3_ARTIFACT","1348","8c788c6981bdffc27c09af4205a6ee1188c9842f076e064f217ac27f755a29f2"
"src/Modules/ModerationReports/Application/HttpReadBoundaries/Contract/ReadModerationCaseV1.php","A ","EXPECTED_PHASE_5_3_ARTIFACT","407","890c5e967383d733998f6b28a2b458fc1a142a9fc3b0a4da14e6849adffe308d"
"src/Modules/ModerationReports/Application/HttpReadBoundaries/Contract/ReadModerationDecisionV1.php","A ","EXPECTED_PHASE_5_3_ARTIFACT","427","819ffd919fb7515090391e49da2bd8dcbf98387c0844b492bd0a33afdea9bedb"
"src/Modules/ModerationReports/Application/HttpReadBoundaries/Contract/ReadModerationQueueV1.php","A ","EXPECTED_PHASE_5_3_ARTIFACT","412","f2de1a27c58fda4bb0066e12de5f3e19ac0cec3590539b9fe93832e7852cc4ee"
"src/Modules/ModerationReports/Application/HttpReadBoundaries/Contract/ReadOwnModerationReportV1.php","A ","EXPECTED_PHASE_5_3_ARTIFACT","432","1f9d29db88b4a8dd298520330b69e8fb778ebbdabd8c745fbb4809aa06e803a8"
"src/Modules/ModerationReports/Application/HttpReadBoundaries/ModerationCaseViewLevelV1.php","A ","EXPECTED_PHASE_5_3_ARTIFACT","190","fecd67130ea82708f0f655bd8b07b51bd420b2aceccc40b5b423e81fa1f9f169"
"src/Modules/ModerationReports/Application/HttpReadBoundaries/ModerationCaseViewV1.php","A ","EXPECTED_PHASE_5_3_ARTIFACT","442","dfe0bc59e33a0d2e5313f27dd69445d13c040c9d4dfcbe3cca54abd62869ad18"
"src/Modules/ModerationReports/Application/HttpReadBoundaries/ModerationDecisionPurposeV1.php","A ","EXPECTED_PHASE_5_3_ARTIFACT","182","79033fc6f374243408eac74c034b0748b6a641e5200b6d6232deca2115871c81"
"src/Modules/ModerationReports/Application/HttpReadBoundaries/ModerationDecisionViewV1.php","A ","EXPECTED_PHASE_5_3_ARTIFACT","371","0f8828f3dbea8e603163ec19ebd45783a0070b87457fe237f1ab5ad94c568e10"
"src/Modules/ModerationReports/Application/HttpReadBoundaries/OwnModerationReportViewV1.php","A ","EXPECTED_PHASE_5_3_ARTIFACT","309","246ee5b50b9949590f2b5490aa3dede2d1d6210393a7ddadd5f4d162d868e389"
"src/Modules/ModerationReports/Application/HttpReadBoundaries/ReadModerationCaseQueryV1.php","A ","EXPECTED_PHASE_5_3_ARTIFACT","369","814480e95f9a02b3a4f445a8de9d3ebe18770d6c70234a84d58c89eed247fb29"
"src/Modules/ModerationReports/Application/HttpReadBoundaries/ReadModerationCaseResultV1.php","A ","EXPECTED_PHASE_5_3_ARTIFACT","507","061aec535eecafdebdc068a3049977f8be063df13d191d2a40d2b485c66a673c"
"src/Modules/ModerationReports/Application/HttpReadBoundaries/ReadModerationDecisionQueryV1.php","A ","EXPECTED_PHASE_5_3_ARTIFACT","409","7a4d9697718b2d79cb266f4d13920ae9645d56be6dcbacd7c372cb06b688df9a"
"src/Modules/ModerationReports/Application/HttpReadBoundaries/ReadModerationDecisionResultV1.php","A ","EXPECTED_PHASE_5_3_ARTIFACT","531","2e5203cd90a75f4b3e5ed6ef9d75cc764aa5ea3168d6e127c534f8585f7f802c"
"src/Modules/ModerationReports/Application/HttpReadBoundaries/ReadModerationQueueQueryV1.php","A ","EXPECTED_PHASE_5_3_ARTIFACT","496","b2f415427b031435e50c6947a19ff943a6cfbd1129b39d5af796a4a394b3a66e"
"src/Modules/ModerationReports/Application/HttpReadBoundaries/ReadModerationQueueResultV1.php","A ","EXPECTED_PHASE_5_3_ARTIFACT","624","d7d8291d9153c98d0169b7be06c35aa3a35777289f73d373568e12c55cef49e4"
"src/Modules/ModerationReports/Application/HttpReadBoundaries/ReadOwnModerationReportQueryV1.php","A ","EXPECTED_PHASE_5_3_ARTIFACT","253","0c3f0cd5121a2cdb7980124a6ba0eab53d0a2382d8a4690b5b99547b2cf17560"
"src/Modules/ModerationReports/Application/HttpReadBoundaries/ReadOwnModerationReportResultV1.php","A ","EXPECTED_PHASE_5_3_ARTIFACT","671","4893226f70e700c8e85999c9778f18597d0158ca04653003b6acdcfa3a091990"
"src/Modules/ModerationReports/Application/HttpReadBoundaries/ReadStatusV1.php","A ","EXPECTED_PHASE_5_3_ARTIFACT","526","8cb1811eef6602f4f091e6af7a6803730b45946fa31d3aff32f9614ce68e469f"
"src/Modules/ModerationReports/Application/ModerationEvent/ModerationEventTypeV1.php","A ","EXPECTED_PHASE_5_3_ARTIFACT","425","ee22f221976cf7a7351f4ac7888b2d4b245ecfc954dd0b563583f69b306cfb87"
"src/Modules/ModerationReports/Application/ModerationEvent/ModerationEventV1.php","A ","EXPECTED_PHASE_5_3_ARTIFACT","2478","8e27f799621df759a094f70e57cae17b49b5d1be5130b8313f6656f332aa06e9"
"src/Modules/ModerationReports/Application/ModerationPersistence/Contract/ModerationCaseStore.php","A ","EXPECTED_PHASE_5_3_ARTIFACT","674","17bce6bf68451d3e7819557ab6325adb14dd0d9ec286ff2917c50c676cdc76a6"
"src/Modules/ModerationReports/Application/ModerationPersistence/Contract/ModerationDecisionStore.php","A ","EXPECTED_PHASE_5_3_ARTIFACT","440","56e82adc8584c74cba3a883980271479757a1651c970291d814fcd7a0a587483"
"src/Modules/ModerationReports/Application/ModerationPersistence/Contract/ModerationQueueStore.php","A ","EXPECTED_PHASE_5_3_ARTIFACT","1065","b37d782211d7b1d26b143ecb752dcd71633af3e61ab64357224d6c201341cf85"
"src/Modules/ModerationReports/Application/ModerationPersistence/ModerationCasePersistenceReadResult.php","A ","EXPECTED_PHASE_5_3_ARTIFACT","884","bbc0f4a9898c78725576290279789230934cd4d5174493418ae50e9bc5af22fc"
"src/Modules/ModerationReports/Application/ModerationPersistence/ModerationCasePersistenceState.php","A ","EXPECTED_PHASE_5_3_ARTIFACT","819","27326284a393fa8d80c500c669200a5db750e340c8c282790f922a192fc46936"
"src/Modules/ModerationReports/Application/ModerationPersistence/ModerationDecisionPersistenceReadResult.php","A ","EXPECTED_PHASE_5_3_ARTIFACT","891","a9a9daae95b50b58b76b44bd8ef5b670ec22c97eb3bdbac01b5d330557aa4e61"
"src/Modules/ModerationReports/Application/ModerationPersistence/ModerationPersistenceReadStatus.php","A ","EXPECTED_PHASE_5_3_ARTIFACT","284","f70af8bdc675b555b6e08a37b033d72d9f4f3ad67594220c81e57e7d12e058d7"
"src/Modules/ModerationReports/Application/ModerationPersistence/ModerationPersistenceRecord.php","A ","EXPECTED_PHASE_5_3_ARTIFACT","357","00942c5819470fe391f7fc9678c5219856ed296ab260d35c621b044b1059bb98"
"src/Modules/ModerationReports/Application/ModerationPersistence/ModerationPersistenceWriteResult.php","A ","EXPECTED_PHASE_5_3_ARTIFACT","386","b70f50a7f78c89fc09e715d228c9c43137bee10de5b4c04369d5023eb7a4b5ef"
"src/Modules/ModerationReports/Application/ModerationPersistence/ModerationQueueClaimResult.php","A ","EXPECTED_PHASE_5_3_ARTIFACT","479","844209a1412f18cdca7ebd11bafccecc172e0408b240e8fc363fbe69678e3fc8"
"src/Modules/ModerationReports/Application/ModerationPersistence/ModerationQueueItemState.php","A ","EXPECTED_PHASE_5_3_ARTIFACT","564","7b0551d72e2b35fa92c0ba6513e83e40e40c5719dce0600995cc55fefb88eaae"
"src/Modules/ModerationReports/Application/OperationalAuditEventContract/AbstractModerationOperationalAuditEventV1.php","A ","EXPECTED_PHASE_5_3_ARTIFACT","3281","7e1e939f1370ce16c17ad0abee60e8be90e40f06aac2e8f15a2346cbecc0deed"
"src/Modules/ModerationReports/Application/OperationalAuditEventContract/FindingRecordedEventV1.php","A ","EXPECTED_PHASE_5_3_ARTIFACT","947","ba7e814da3a2de033e977d0e5b0482db6ced8c2d4604f35cd47de368052bc41f"
"src/Modules/ModerationReports/Application/OperationalAuditEventContract/ModerationOperationalAuditEventIdentityV1.php","A ","EXPECTED_PHASE_5_3_ARTIFACT","2680","e4ff7e63dda4486c2b6296eb2e278dba4ce5a85f73d717af70433d90b90d36a4"
"src/Modules/ModerationReports/Application/OperationalAuditEventContract/ModerationOperationalAuditEventTypeV1.php","A ","EXPECTED_PHASE_5_3_ARTIFACT","274","13be68dbf9b372ac2546f7d0207447ccda119b1ad7e2d33bf8438f413fab797a"
"src/Modules/ModerationReports/Application/OperationalAuditEventContract/ModerationOperationalAuditEventV1.php","A ","EXPECTED_PHASE_5_3_ARTIFACT","732","2fe0dccd6fd5ddfb9a46f82387ae6c6b595bfe31aaa3dace9592309c1dd9309f"
"src/Modules/ModerationReports/Application/OperationalAuditEventContract/QueueItemClaimedEventV1.php","A ","EXPECTED_PHASE_5_3_ARTIFACT","959","9e5ad7add93fe8113a2944128446c1f2a7a8cb5e6df3462a629ee070a6e2e896"
"src/Modules/ModerationReports/Application/QueueOwnerReadSource/Contract/ModerationQueueOwnerReadSourceV1.php","A ","EXPECTED_PHASE_5_3_ARTIFACT","492","b2e299aa2220a2a4aea1206f79132ac721ef750f4846a0ec61b8cba0d95ac9f9"
"src/Modules/ModerationReports/Application/QueueOwnerReadSource/ModerationQueueReadFilterV1.php","A ","EXPECTED_PHASE_5_3_ARTIFACT","541","8367d332ab9f5be3d7e46a611b7d3aa8de569264def26b71b8166c5a08ff7b09"
"src/Modules/ModerationReports/Application/QueueOwnerReadSource/ModerationQueueReadItemV1.php","A ","EXPECTED_PHASE_5_3_ARTIFACT","513","80ea6b9fccbd7f148349e9ee38197c9cde0ad2c353c6da5204eb48aa95ebf681"
"src/Modules/ModerationReports/Application/QueueOwnerReadSource/ModerationQueueReadPageV1.php","A ","EXPECTED_PHASE_5_3_ARTIFACT","300","2bc5b8855254ed90f520a5b8f9ac4452d99d06f60a3dc4ba2b81775e6e98f1b0"
"src/Modules/ModerationReports/Application/QueueOwnerReadSource/ModerationQueueReadResultV1.php","A ","EXPECTED_PHASE_5_3_ARTIFACT","982","8337b77cbe2bbb02fddd6b1c969dff1fc75d6b1e5e9499e8390b4526f3e543c6"
"src/Modules/ModerationReports/Application/QueueOwnerReadSource/ModerationQueueReadStateV1.php","A ","EXPECTED_PHASE_5_3_ARTIFACT","227","f481d98d737c0fe3843799337e6cab190d43376355d885de3424da920d356ff0"
"src/Modules/ModerationReports/Application/QueueOwnerReadSource/ModerationQueueReadStatusV1.php","A ","EXPECTED_PHASE_5_3_ARTIFACT","335","d95d9e84b0022e3c56900625d55b21b95ca426dfa797f5cf780cb6ef02deced4"
"src/Modules/ModerationReports/Application/ReportOwnerReadSource/Contract/ModerationReportCaseIdentityV1.php","A ","EXPECTED_PHASE_5_3_ARTIFACT","194","d08e849584521996524674b77a7586e516217c5559ce726f3822e7c0dce08090"
"src/Modules/ModerationReports/Application/ReportOwnerReadSource/Contract/ModerationReportOwnerReadSourceV1.php","A ","EXPECTED_PHASE_5_3_ARTIFACT","328","46fc2fa1882e8bc76912e55a7af5d777fb578072610ab46f92edfdbecd2391ed"
"src/Modules/ModerationReports/Application/ReportOwnerReadSource/ModerationReportOwnerReadResult.php","A ","EXPECTED_PHASE_5_3_ARTIFACT","880","44b875916e6c6183eed83ad01dde2f40b5e532654adc7997ea6e10a98a6ed2ae"
"src/Modules/ModerationReports/Application/ReportOwnerReadSource/ModerationReportOwnerReadState.php","A ","EXPECTED_PHASE_5_3_ARTIFACT","290","30a338c6d83126e6a66d75783b7af8d19ee78142c957319c9f492b8d6687bf5c"
"src/Modules/ModerationReports/Application/ReportOwnerReadSource/ModerationReportOwnerReadStatus.php","A ","EXPECTED_PHASE_5_3_ARTIFACT","284","23aaff3f35d73ee141d8f3b5ad4b69a9504660521209104c8ed7012f94bdb736"
"src/Modules/ModerationReports/Application/UseCase/CloseCase.php","A ","EXPECTED_PHASE_5_3_ARTIFACT","1012","c127707f3d8f5cae975c8bad8bd62f7f4ab0bedf188847888a7692809dbf5301"
"src/Modules/ModerationReports/Application/UseCase/CreateReport.php","A ","EXPECTED_PHASE_5_3_ARTIFACT","1688","97ca7da38778aff9ad6a3f57cabcabdfef53377d587dcf9c1593f4afe94671da"
"src/Modules/ModerationReports/Application/UseCase/IssueDecision.php","A ","EXPECTED_PHASE_5_3_ARTIFACT","1415","006cac4b2b94d7e664855b68f56ecc0cbd8a04f98c42103f8938d593d4ee8e38"
"src/Modules/ModerationReports/Application/UseCase/ModerationCaseUseCase.php","A ","EXPECTED_PHASE_5_3_ARTIFACT","734","5ee4ec2915290953566685ef530bdf993dc232e8e9a46abf20771a541a0d915b"
"src/Modules/ModerationReports/Application/UseCase/RecordFinding.php","A ","EXPECTED_PHASE_5_3_ARTIFACT","1054","0800eee7e22b29be151b794dc02a9e1c3bd98c5fb5504f6637acd049f74564ea"
"src/Modules/ModerationReports/Application/UseCase/ValidateReport.php","A ","EXPECTED_PHASE_5_3_ARTIFACT","1244","e35f9645ec78075600bc4f3960cba3caad56e9a374fd48bd4101fa90e246b4bd"
"src/Modules/ModerationReports/Domain/Event/AbstractModerationCaseEvent.php","A ","EXPECTED_PHASE_5_3_ARTIFACT","1232","37d6564dde021e2d77f174a0617a9f31db0af26ad8023e811a3d823a12240dcb"
"src/Modules/ModerationReports/Domain/Event/DecisionIssued.php","A ","EXPECTED_PHASE_5_3_ARTIFACT","1078","6ce192c03da9e9cc74ec28f7cf15ff0cc4dde4d6a8463dfa5c502943f6a5236e"
"src/Modules/ModerationReports/Domain/Event/FindingRecorded.php","A ","EXPECTED_PHASE_5_3_ARTIFACT","1042","c743205a451e0ae3a50aaa5b19890d5b49da1cdbed22f60caf16099b1ee7527e"
"src/Modules/ModerationReports/Domain/Event/ModerationCaseClosed.php","A ","EXPECTED_PHASE_5_3_ARTIFACT","801","964b76375739c30c50917c630dade86a2d2c7ea3846b9c06d2ef3b4bf2503404"
"src/Modules/ModerationReports/Domain/Event/ModerationCaseEvent.php","A ","EXPECTED_PHASE_5_3_ARTIFACT","497","faa3ad60da9e45704260dd63abe8faadba0907b19e2a8f460d34beb97a4b812e"
"src/Modules/ModerationReports/Domain/Event/ModerationCaseEventMetadata.php","A ","EXPECTED_PHASE_5_3_ARTIFACT","206","c7499d0e779e28ce1b620a5abab0640ac69007c5ce14b1b26f8831c3ce95eb17"
"src/Modules/ModerationReports/Domain/Event/ReportCreated.php","A ","EXPECTED_PHASE_5_3_ARTIFACT","766","67bd7fa9cd3ebdf4bed3df6f7a441cbb3e2bcbe8800441a01648cba7f19dae91"
"src/Modules/ModerationReports/Domain/Event/ReportValidated.php","A ","EXPECTED_PHASE_5_3_ARTIFACT","913","cc18a736e8730907df81034d99ec3e64156c3cc7ab644b5186a7210b85f182c5"
"src/Modules/ModerationReports/Domain/Exception/ConcurrentModerationCaseModification.php","A ","EXPECTED_PHASE_5_3_ARTIFACT","149","237a8294cde5cf3c772bea83e9e40a0d458ab04d09206187a5036d0e2e16d39b"
"src/Modules/ModerationReports/Domain/Exception/EvidenceIdConflict.php","A ","EXPECTED_PHASE_5_3_ARTIFACT","131","eaf042a3c5357a63845fc917355a3f71f5ef165369bf0f577daa012d2c93b848"
"src/Modules/ModerationReports/Domain/Exception/InvalidModerationValue.php","A ","EXPECTED_PHASE_5_3_ARTIFACT","266","07ba50589dd04442fce1a332368e502f6b4ca51dc5a4202eab004921b45c332c"
"src/Modules/ModerationReports/Domain/Exception/ListingUnavailable.php","A ","EXPECTED_PHASE_5_3_ARTIFACT","131","834dbed7e432d8ec6f0b64f194f5e9d897abed04460d41d1bf5b54fa70a460ef"
"src/Modules/ModerationReports/Domain/Exception/ModerationCaseIdConflict.php","A ","EXPECTED_PHASE_5_3_ARTIFACT","137","f460ccc6e2a4e6ea796e95b12c7ece7303f44fe12beb7a2388249bc3329fc655"
"src/Modules/ModerationReports/Domain/Exception/ModerationCaseNotFound.php","A ","EXPECTED_PHASE_5_3_ARTIFACT","135","46c167b4a9f2c4cc95260d356d3ded7efb98837a209e56c82595a6fb0b2c6668"
"src/Modules/ModerationReports/Domain/Exception/ModerationException.php","A ","EXPECTED_PHASE_5_3_ARTIFACT","153","56ec642366d1146cc72afe4d36657a477ba2a14109e99de99615f76139eb2bce"
"src/Modules/ModerationReports/Domain/Exception/ModerationViolation.php","A ","EXPECTED_PHASE_5_3_ARTIFACT","752","d2a475bf873c611f08a61421b5c5d268cf53e64d81c0da407f6c078bed06f6e4"
"src/Modules/ModerationReports/Domain/Exception/PolicyViolation.php","A ","EXPECTED_PHASE_5_3_ARTIFACT","128","cdfda4e9c85ea18a5533d87f21828f8a667f4ea2b59319f8d32b510233c79a32"
"src/Modules/ModerationReports/Domain/Model/ModerationCase.php","A ","EXPECTED_PHASE_5_3_ARTIFACT","10100","ea32219c5b1ca6ce66a837910c40db9d998a78771dd69cc23c592f5fc90aa0c7"
"src/Modules/ModerationReports/Domain/Model/ModerationDecision.php","A ","EXPECTED_PHASE_5_3_ARTIFACT","902","056a34374b3908ab001cbf4499d2c89bbbdf0c11d8f241598bf9819d2edad360"
"src/Modules/ModerationReports/Domain/Model/ModerationFinding.php","A ","EXPECTED_PHASE_5_3_ARTIFACT","763","10326f391da4e627aee4219d4df0f445b9600bd73520d2ab70a73096492f45b4"
"src/Modules/ModerationReports/Domain/Model/Report.php","A ","EXPECTED_PHASE_5_3_ARTIFACT","2000","fa2cc8893252d8ea116e96c9202ba8078c580d59b6d8376d209af6fc9daea49a"
"src/Modules/ModerationReports/Domain/Model/ReportValidationAssessment.php","A ","EXPECTED_PHASE_5_3_ARTIFACT","636","cd085cd888a8609fa43962b0d57b464ae13d3ab1b2ad812853fffb7219972dfe"
"src/Modules/ModerationReports/Domain/Policy/ModerationCaseClosurePolicy.php","A ","EXPECTED_PHASE_5_3_ARTIFACT","2476","ef20350c7ae12b71c70775b00d278eac5bce90103b697c55b2f41dfd438454a3"
"src/Modules/ModerationReports/Domain/Policy/ModerationDecisionPolicy.php","A ","EXPECTED_PHASE_5_3_ARTIFACT","2368","fb311f89e7aa8a0a1e26636d52c715eba61aab1d128d56eea487a37e2d771802"
"src/Modules/ModerationReports/Domain/Policy/ReportValidationPolicy.php","A ","EXPECTED_PHASE_5_3_ARTIFACT","1412","43c551065a92cb94264eddddb9841782fa7c4f173366ad6b62dc8cf9d6904ce7"
"src/Modules/ModerationReports/Domain/ValueObject/DecisionId.php","A ","EXPECTED_PHASE_5_3_ARTIFACT","692","bec5400aad8f3c530db53c59ce2a40c810cd5311c98b8bee33eafbd8a2f813d4"
"src/Modules/ModerationReports/Domain/ValueObject/DecisionType.php","A ","EXPECTED_PHASE_5_3_ARTIFACT","323","e9f08907957074390a631c65904fd27e7ee039dfbac3019cc319d9c442c2c2b1"
"src/Modules/ModerationReports/Domain/ValueObject/FindingId.php","A ","EXPECTED_PHASE_5_3_ARTIFACT","690","7d3cf0c0bbb64ad815541a7a375b544ae774fa759a8687bab0277d8a762ea1d9"
"src/Modules/ModerationReports/Domain/ValueObject/FindingSeverity.php","A ","EXPECTED_PHASE_5_3_ARTIFACT","210","868ee5580ea6e190f6c84bd69a72b65d03dcb8c717730607f452eee83bc60031"
"src/Modules/ModerationReports/Domain/ValueObject/ListingEligibility.php","A ","EXPECTED_PHASE_5_3_ARTIFACT","445","d3ba406711be0638e2e68b2f9da84eaf7ff5147e02363cc409bc745d22429258"
"src/Modules/ModerationReports/Domain/ValueObject/ListingId.php","A ","EXPECTED_PHASE_5_3_ARTIFACT","690","bc6b480302827782c0af36fb16b045f7ee53e1ad52aaaa56e7d0c1b582b2e106"
"src/Modules/ModerationReports/Domain/ValueObject/ModerationCaseId.php","A ","EXPECTED_PHASE_5_3_ARTIFACT","694","9daf7a0062aed22387018246c7d8cf9782ad013af9feac818fdf71c3e7bbbbc5"
"src/Modules/ModerationReports/Domain/ValueObject/ModerationRationale.php","A ","EXPECTED_PHASE_5_3_ARTIFACT","576","5082ea012261eaf2938c9fc528dd762d6ad98bf0687a7689c567267c92dee49b"
"src/Modules/ModerationReports/Domain/ValueObject/ModeratorId.php","A ","EXPECTED_PHASE_5_3_ARTIFACT","513","95c978319dc625460aebaf259b730f6aef43ba959da53ec22a0e755569a645a7"
"src/Modules/ModerationReports/Domain/ValueObject/ReportAdmissibility.php","A ","EXPECTED_PHASE_5_3_ARTIFACT","184","6f0546c5dd001dd74e2c638ae2583c5bc8c749b1282e029a133d3037ec8b233c"
"src/Modules/ModerationReports/Domain/ValueObject/ReportAuthenticity.php","A ","EXPECTED_PHASE_5_3_ARTIFACT","183","b90912f20a6af2d9e595ace2a321759f7340c7d75e284e18ce43bf93e7581b7c"
"src/Modules/ModerationReports/Domain/ValueObject/ReportCompleteness.php","A ","EXPECTED_PHASE_5_3_ARTIFACT","175","020d66180acbdfb51652bbf1d7d38fd0cc2a22657f4779f3a3a3652f1f627205"
"src/Modules/ModerationReports/Domain/ValueObject/ReporterId.php","A ","EXPECTED_PHASE_5_3_ARTIFACT","511","1b5367c8c6c7be481ddf04ce79195135c73807cab13b546cde8983de675e289b"
"src/Modules/ModerationReports/Domain/ValueObject/ReportHandlingDecision.php","A ","EXPECTED_PHASE_5_3_ARTIFACT","178","d59dcf9be30a4d806e4b8e79226f15e52bed8aa21bf76dd194f396a18bca3fcc"
"src/Modules/ModerationReports/Domain/ValueObject/ReportId.php","A ","EXPECTED_PHASE_5_3_ARTIFACT","688","6f632089e2c66832a281db16c89567f4c98876c135960fd0a87b0c5458f5818a"
"src/Modules/ModerationReports/Domain/ValueObject/ReportReason.php","A ","EXPECTED_PHASE_5_3_ARTIFACT","562","ed6eae6eb9251bddfc229995cbaa06225c25b5f965de18035c59693b2372fd07"
"src/Modules/ModerationReports/Infrastructure/Persistence/ModerationPersistenceMapper.php","A ","EXPECTED_PHASE_5_3_ARTIFACT","6120","5e79ecc8e5adbae4ac63debc65ea2f8b0fa15b02a84309a1d8de8845257c62ed"
"src/Modules/ModerationReports/Infrastructure/Persistence/PostgreSql/Migrations/063_moderation_reports.down.sql","A ","EXPECTED_PHASE_5_3_ARTIFACT","496","d330c8414e799188fc312fd56175630c675ff8c4f1a381ae4bfac511a612b3c4"
"src/Modules/ModerationReports/Infrastructure/Persistence/PostgreSql/Migrations/063_moderation_reports.sql","A ","EXPECTED_PHASE_5_3_ARTIFACT","4438","dfe2aaa95d4b167e395813dca8bc08fddede39710ffa38755be2dd5dc408f032"
"src/Modules/ModerationReports/Infrastructure/Persistence/PostgreSql/Migrations/064_moderation_queue_claim_intents.down.sql","A ","EXPECTED_PHASE_5_3_ARTIFACT","61","29a1b0c7fb259d367d19a450c4abf1b90c2540a7a41f843c559b94c6f044591e"
"src/Modules/ModerationReports/Infrastructure/Persistence/PostgreSql/Migrations/064_moderation_queue_claim_intents.sql","A ","EXPECTED_PHASE_5_3_ARTIFACT","455","e1f3ca2525319394efd802c1aba7bac4e86858cf56bb9307b2f692e79d1b3cf1"
"src/Modules/ModerationReports/Infrastructure/Persistence/PostgreSql/Migrations/065_moderation_event_delivery.down.sql","A ","EXPECTED_PHASE_5_3_ARTIFACT","58","8fff234bec6c5fe6659192b0f0701fc382ca3b9b6e01a62cf67fa217713669e2"
"src/Modules/ModerationReports/Infrastructure/Persistence/PostgreSql/Migrations/065_moderation_event_delivery.sql","A ","EXPECTED_PHASE_5_3_ARTIFACT","483","9062ab5e7e3c0a17c18d045e8f7bd3ebf9b67a2c6e01ec4f40cae7fdaab69f25"
"src/Modules/ModerationReports/Infrastructure/Persistence/PostgreSql/Migrations/066_moderation_atomic_outbox_appends.down.sql","A ","EXPECTED_PHASE_5_3_ARTIFACT","63","aae96cf7c597a4e1b7f78d1d45d5d29c218dfeed76229e6c237e010e7239dc38"
"src/Modules/ModerationReports/Infrastructure/Persistence/PostgreSql/Migrations/066_moderation_atomic_outbox_appends.sql","A ","EXPECTED_PHASE_5_3_ARTIFACT","428","d052db7b33417f3a816a855389e025a95d79bf176ed349ca0cf2e34f754e1cbc"
"src/Modules/ModerationReports/Infrastructure/Persistence/PostgreSql/Migrations/067_moderation_event_outbox.down.sql","A ","EXPECTED_PHASE_5_3_ARTIFACT","116","7a73e2fb02b8aa984f309e516a4c0795abed7565e25fff257bb464f0a34989c5"
"src/Modules/ModerationReports/Infrastructure/Persistence/PostgreSql/Migrations/067_moderation_event_outbox.sql","A ","EXPECTED_PHASE_5_3_ARTIFACT","1481","a394c852df577fc6a0d00c10212ec424b041a4a99505de4df1e5401dc5d2b813"
"src/Modules/ModerationReports/Infrastructure/Persistence/PostgreSql/Migrations/069_moderation_listing_handoff_results.down.sql","A ","EXPECTED_PHASE_5_3_ARTIFACT","65","2af05ebd32166c63022014765a782d23fe587b54a7b558d94842cd9a889846e2"
"src/Modules/ModerationReports/Infrastructure/Persistence/PostgreSql/Migrations/069_moderation_listing_handoff_results.sql","A ","EXPECTED_PHASE_5_3_ARTIFACT","895","7feec600aa59ad8556be55ab87caf5b88b97a3cf04203f637cc7fb2502adb1a5"
"src/Modules/ModerationReports/Infrastructure/Persistence/PostgreSql/Migrations/070_moderation_queue_owner_read_source.down.sql","A ","EXPECTED_PHASE_5_3_ARTIFACT","84","1fcaa40ff62aad681ebdb8bf379a34ba6cad8d7e744bec566e3695a5840b62e7"
"src/Modules/ModerationReports/Infrastructure/Persistence/PostgreSql/Migrations/070_moderation_queue_owner_read_source.sql","A ","EXPECTED_PHASE_5_3_ARTIFACT","223","7ab27e340635c6ec843c4697502fbb80f6cdbd3ebc30c6f55ccd88826db73330"
"src/Modules/ModerationReports/Infrastructure/Persistence/PostgreSql/PostgreSqlModerationCaseStore.php","A ","EXPECTED_PHASE_5_3_ARTIFACT","10451","db2046cf9df9de2a9115e1412a30334e055b25fc75ed581498e8d4a5eb703037"
"src/Modules/ModerationReports/Infrastructure/Persistence/PostgreSql/PostgreSqlModerationDecisionStore.php","A ","EXPECTED_PHASE_5_3_ARTIFACT","2599","c48b9334e3cd128f0273f61a5260a7b8833eef475afe65ef52ebe5a6da34d7c3"
"src/Modules/ModerationReports/Infrastructure/Persistence/PostgreSql/PostgreSqlModerationQueueOwnerReadSourceV1.php","A ","EXPECTED_PHASE_5_3_ARTIFACT","4113","fe7826e675779d08f0566566665d9d0033d54cedbb8b1e338d96c6853fe48452"
"src/Modules/ModerationReports/Infrastructure/Persistence/PostgreSql/PostgreSqlModerationQueueStore.php","A ","EXPECTED_PHASE_5_3_ARTIFACT","10685","c549d5539f9b652d4f7181d3f007697dbda77df1d5e1d0ee65905c316d0edc9e"
"src/Modules/ModerationReports/Infrastructure/Persistence/PostgreSql/PostgreSqlModerationReportOwnerReadSourceV1.php","A ","EXPECTED_PHASE_5_3_ARTIFACT","2545","9c5a6cb330ced11066bfeca37792b13c4a298589cd090a41895b0017c086d897"
"src/Modules/ModerationReports/Infrastructure/Persistence/QueueOwnerReadSource/ModerationQueueCursorCodecV1.php","A ","EXPECTED_PHASE_5_3_ARTIFACT","2379","072beee0f37727c669433d1c4ff4089f1578876a5146f4aed853f860704f86ab"
"src/Modules/ModerationReports/Infrastructure/Persistence/QueueOwnerReadSource/ModerationQueueCursorPositionV1.php","A ","EXPECTED_PHASE_5_3_ARTIFACT","334","2977176cfe0432ef9a44c4fff78f65ffa42721e8068bd6e550edd4fa2e1d3a7e"
"src/Modules/ModerationReports/Infrastructure/Persistence/QueueOwnerReadSource/ModerationQueueReadMapperV1.php","A ","EXPECTED_PHASE_5_3_ARTIFACT","1743","fe2d5a1df029734f0af611f9f10ef76518b10e834e8c332cb38efaae28c18605"
"src/Modules/ModerationReports/Infrastructure/Persistence/ReportOwnerReadSource/ModerationReportOwnerReadMapper.php","A ","EXPECTED_PHASE_5_3_ARTIFACT","1253","859a6e315a064c496c00074e8902ee5d36d84e29ff22eb8714708d83ba35d9e6"
"src/Modules/ModerationReports/Infrastructure/ReadModel/HttpReadBoundaries/ModerationCaseViewMapperV1.php","A ","EXPECTED_PHASE_5_3_ARTIFACT","700","8db9b8624c5eda331d648d92201d614c30258e442ae118c1b4945aa29c6ea293"
"src/Modules/ModerationReports/Infrastructure/ReadModel/HttpReadBoundaries/ModerationDecisionViewMapperV1.php","A ","EXPECTED_PHASE_5_3_ARTIFACT","872","ebf31ba21be7fddbc694acdd2f969014e85e708d9c5172fed6e6ddb19a9c93df"
"src/Modules/ModerationReports/Infrastructure/ReadModel/HttpReadBoundaries/OwnModerationReportViewMapperV1.php","A ","EXPECTED_PHASE_5_3_ARTIFACT","561","bc0de9d4a48410d723bb61c59bf18909d8f2a662bb260374700ac64bcfb271a0"
"src/Modules/MonetizationPayments/.gitkeep","D ","EXPECTED_PLACEHOLDER_RETIREMENT","0",""
"src/Modules/MonetizationPayments/Application/Contract/OrderRegistry.php","A ","HISTORICAL_TRACKED_BASELINE","642","85e64d5745b84835f0b3ab1c33097ba327fa6e1d1053092c79320c986a2379d5"
"src/Modules/MonetizationPayments/Application/Contract/PaymentCatalog.php","A ","HISTORICAL_TRACKED_BASELINE","314","7a0042c47b7d67ede93b75f6dd0385b8ce7f44a323dde51ed1a886e77f4f9cae"
"src/Modules/MonetizationPayments/Application/Contract/PaymentRegistry.php","A ","HISTORICAL_TRACKED_BASELINE","928","d1e478fbca4bb597fe0f3c706b857ddda4ef2df2e1fe0a87f151750993df978a"
"src/Modules/MonetizationPayments/Application/Contract/ProductCatalog.php","A ","HISTORICAL_TRACKED_BASELINE","289","6d07939f0466411434207178ffd757274579fbfe0c497e7dbd296aa89a8a7337"
"src/Modules/MonetizationPayments/Application/Contract/RefundTransaction.php","A ","HISTORICAL_TRACKED_BASELINE","707","ccc7857ae7d74ff529a7554d50cb4634960758a793c055b59ad225c8e47302e9"
"src/Modules/MonetizationPayments/Application/UseCase/AuthorizePayment.php","A ","HISTORICAL_TRACKED_BASELINE","1312","7ad906824fdd8d0531c30aad711e13194d4a1045862d6622dac279f075beec71"
"src/Modules/MonetizationPayments/Application/UseCase/CapturePayment.php","A ","HISTORICAL_TRACKED_BASELINE","581","03422fa94b2368b06faf719ad02c39d7c2c1b3709300e53136c7e1b48f21a8e9"
"src/Modules/MonetizationPayments/Application/UseCase/CreateOrder.php","A ","HISTORICAL_TRACKED_BASELINE","1348","238ca633287c3b6d36d04c511d0081b09ac3cf3e947bc03918d988cec41fdc39"
"src/Modules/MonetizationPayments/Application/UseCase/ExpireBenefit.php","A ","HISTORICAL_TRACKED_BASELINE","848","3d7fea692d802939b04523c422069759282e2d5d12bd65c7e68a4d25113b21bc"
"src/Modules/MonetizationPayments/Application/UseCase/FailPayment.php","A ","HISTORICAL_TRACKED_BASELINE","575","26707c1785a55cf8de02c371f57f2444615c92140f3a9bf5533673a517b0f755"
"src/Modules/MonetizationPayments/Application/UseCase/GrantBenefit.php","A ","HISTORICAL_TRACKED_BASELINE","1427","db9fd207d111f3b42390f362bf036f7b966ad0c4e09608a9ba692e822a62a27c"
"src/Modules/MonetizationPayments/Application/UseCase/PaymentMutation.php","A ","HISTORICAL_TRACKED_BASELINE","729","fc671e15c954823faab6c8c1a6478e18ed56921832ff057a86c229b92d76960e"
"src/Modules/MonetizationPayments/Application/UseCase/RefundPayment.php","A ","HISTORICAL_TRACKED_BASELINE","1174","fb39ab60c3cced3f0318b40e524c06c71012a59ac6ba918612bb2e543a1c0779"
"src/Modules/MonetizationPayments/Domain/Event/BenefitExpired.php","A ","HISTORICAL_TRACKED_BASELINE","771","8b51317fbfafe3fac1a778c73b01533962b32ae0390477386c7e89b369933119"
"src/Modules/MonetizationPayments/Domain/Event/BenefitGranted.php","A ","HISTORICAL_TRACKED_BASELINE","892","6fb6615ba8226916cdb7d5ddad4395f26e34ad259420dde5092cfec8a9086b69"
"src/Modules/MonetizationPayments/Domain/Event/BenefitRevoked.php","A ","HISTORICAL_TRACKED_BASELINE","892","9c5fedca13bd2541501c9abc6d76bc88d4ffa0438e0d0574d4f633a13f4586dd"
"src/Modules/MonetizationPayments/Domain/Event/OrderCreated.php","A ","HISTORICAL_TRACKED_BASELINE","691","271b1ac92e47d9370f6d1fc731b920a1c211223a02da902ce00cb2e2f6966779"
"src/Modules/MonetizationPayments/Domain/Event/PaymentAuthorized.php","A ","HISTORICAL_TRACKED_BASELINE","885","c90317235fc6c3965350e18d21cbdb09524a9cc76a9da00d96be321871b45972"
"src/Modules/MonetizationPayments/Domain/Event/PaymentCaptured.php","A ","HISTORICAL_TRACKED_BASELINE","779","d1dcfd207b6e4d0c76108e099bf5033dc523699eeb6a3229011455c016411f27"
"src/Modules/MonetizationPayments/Domain/Event/PaymentEvent.php","A ","HISTORICAL_TRACKED_BASELINE","213","feaf03c7bab166c668519c97c007a6cb376c392dc3933b81fcb892a2a67ff969"
"src/Modules/MonetizationPayments/Domain/Event/PaymentFailed.php","A ","HISTORICAL_TRACKED_BASELINE","777","706e7b576df5334ae214ad398a254ed189cfc7f664d9083f8c2b4033d9cd6dbe"
"src/Modules/MonetizationPayments/Domain/Event/PaymentRefunded.php","A ","HISTORICAL_TRACKED_BASELINE","779","253e9540867f9d3a4cdf5c7ea2a7fb0cba53cc6846d9ce9f4c4d1f3c9e7f15ec"
"src/Modules/MonetizationPayments/Domain/Exception/AggregateNotFound.php","A ","HISTORICAL_TRACKED_BASELINE","136","80c73591c67969edb74fcd6c189a986ca9279be217ac389fcf95384c5145e619"
"src/Modules/MonetizationPayments/Domain/Exception/ConcurrentModification.php","A ","HISTORICAL_TRACKED_BASELINE","141","2ec27dfa12599202dc408c09438f908e11f61597c2d2337cac7d38e3d306b710"
"src/Modules/MonetizationPayments/Domain/Exception/IdentityConflict.php","A ","HISTORICAL_TRACKED_BASELINE","135","4c3cab7b81aed5df622b237d3e9c5eb071b3172687e8ce89f8fece6ce3e2590b"
"src/Modules/MonetizationPayments/Domain/Exception/InvalidPaymentValue.php","A ","HISTORICAL_TRACKED_BASELINE","251","6323e999918445fc314cdbce28298d0fce55dfd9ad24e14ebff1c5c9ba722a5f"
"src/Modules/MonetizationPayments/Domain/Exception/PaymentDomainException.php","A ","HISTORICAL_TRACKED_BASELINE","150","af4e2320a684f1b6ca711d07c9dc219d3a0df2b72753d23cddc26428f97fe204"
"src/Modules/MonetizationPayments/Domain/Exception/PaymentViolation.php","A ","HISTORICAL_TRACKED_BASELINE","135","5e41258e903a3c49e047370565422b5a4e441f837ee0c7849bed87587f84a091"
"src/Modules/MonetizationPayments/Domain/Exception/TransactionReferenceConflict.php","A ","HISTORICAL_TRACKED_BASELINE","147","35ec549d91c081817d0ac891c368c629276ece3be6d98460171fe89c1cfd3369"
"src/Modules/MonetizationPayments/Domain/Model/CommercialBenefit.php","A ","HISTORICAL_TRACKED_BASELINE","1609","4aeb17c14a254db8f01c430f313836e6587dfa558c521286060beacf94dfe130"
"src/Modules/MonetizationPayments/Domain/Model/Order.php","A ","HISTORICAL_TRACKED_BASELINE","10291","6d4aec5a16e07fc9f035d5637a0db535e88278299c61ed79968d73fe19d86d28"
"src/Modules/MonetizationPayments/Domain/Model/OrderHistoryEntry.php","A ","HISTORICAL_TRACKED_BASELINE","370","57b184f977fc6879a5b669f37b1589f24b1bafc2a7d4eb766a4344ebc28c3ac8"
"src/Modules/MonetizationPayments/Domain/Model/OrderLine.php","A ","HISTORICAL_TRACKED_BASELINE","814","2e38779cde0c627848beed5b50cdd82ed60a211823a42176869320be1f8b48a8"
"src/Modules/MonetizationPayments/Domain/Model/Payment.php","A ","HISTORICAL_TRACKED_BASELINE","7435","aa144dd07bb6bb7a33cb347b4eedcf0611fbae94d94c828785b0595faab1f664"
"src/Modules/MonetizationPayments/Domain/Model/PaymentAttempt.php","A ","HISTORICAL_TRACKED_BASELINE","373","22f3557727d12944e2168d739067f06d580e4bb1fb2d5b2556e65f69a32a7d9f"
"src/Modules/MonetizationPayments/Domain/Model/Product.php","A ","HISTORICAL_TRACKED_BASELINE","2903","27634cf56bbf9dc7eb3e241fd9ca880d94b6f255af0b917c8a2890599b26a31b"
"src/Modules/MonetizationPayments/Domain/Model/ProductHistoryEntry.php","A ","HISTORICAL_TRACKED_BASELINE","192","b6026a355d31d6c3290fc27e161cd459cb6c1608263b4da69fe2b5d0d7c08e9e"
"src/Modules/MonetizationPayments/Domain/ValueObject/BenefitPeriod.php","A ","HISTORICAL_TRACKED_BASELINE","439","326a17b72d5a790c2496592d7ad0c19f42ba9d4678ef1ecb96e2a70d1cec2330"
"src/Modules/MonetizationPayments/Domain/ValueObject/BenefitStatus.php","A ","HISTORICAL_TRACKED_BASELINE","195","8ac5c8b187e630196633d512b7526f2d22481bfacd34cfc542978cb6d5cda247"
"src/Modules/MonetizationPayments/Domain/ValueObject/BenefitType.php","A ","HISTORICAL_TRACKED_BASELINE","258","041a69efb200f1622e55725aa2d299cd0c8c0cdb5442c53f6b208e229369a599"
"src/Modules/MonetizationPayments/Domain/ValueObject/Currency.php","A ","HISTORICAL_TRACKED_BASELINE","166","c992a6c52ec0eceaeed983093857ede57af95a1426601230099b8c151594ceb5"
"src/Modules/MonetizationPayments/Domain/ValueObject/Money.php","A ","HISTORICAL_TRACKED_BASELINE","888","f38e750543394f246681fa8538bf56ddb8f3892ef5ea19b0cd9acbe56baf2f64"
"src/Modules/MonetizationPayments/Domain/ValueObject/OccurredAt.php","A ","HISTORICAL_TRACKED_BASELINE","308","bb2b3994c16d41b5d58c1a3a05a2f1241585e31e4bd443cf66c7a565a7271932"
"src/Modules/MonetizationPayments/Domain/ValueObject/OrderId.php","A ","HISTORICAL_TRACKED_BASELINE","553","cc8537b2a8a1ce2b08b13184b7939ec328f874775fc7e68d50b7e4c693b96a84"
"src/Modules/MonetizationPayments/Domain/ValueObject/OrderStatus.php","A ","HISTORICAL_TRACKED_BASELINE","249","ed313b481fbf4d14744b4f94d4a791cfcffb9b5a1cbc118cc9905ec2bc966fc9"
"src/Modules/MonetizationPayments/Domain/ValueObject/PaymentId.php","A ","HISTORICAL_TRACKED_BASELINE","557","52e82424d71bfce730025270b394e4ca851ad862b0baeaacb449ec0568b7d22f"
"src/Modules/MonetizationPayments/Domain/ValueObject/PaymentMethod.php","A ","HISTORICAL_TRACKED_BASELINE","242","f3ed7b162691c6524a5f16c6e9bef2e628de63cb672095b96e9aab41e87a6f67"
"src/Modules/MonetizationPayments/Domain/ValueObject/PaymentProof.php","A ","HISTORICAL_TRACKED_BASELINE","620","e92fbef64f1a1d206e3168bf90eb3cb8fc752ff36f65237bc849c39e35b11934"
"src/Modules/MonetizationPayments/Domain/ValueObject/PaymentRegistration.php","A ","HISTORICAL_TRACKED_BASELINE","284","79d3668a4c844986e70f94067ec1698321c3917fbfb7767ba7efce16ca180109"
"src/Modules/MonetizationPayments/Domain/ValueObject/PaymentRegistrationStatus.php","A ","HISTORICAL_TRACKED_BASELINE","200","187fc99abe29b50bade0fd0f283f43d4522b2125f43be8cbe7761be6b9a98b1d"
"src/Modules/MonetizationPayments/Domain/ValueObject/PaymentStatus.php","A ","HISTORICAL_TRACKED_BASELINE","233","54ff29fd9083d415b8487bf1e0ed7433fe605a96ab6b99953393cb51f22c1709"
"src/Modules/MonetizationPayments/Domain/ValueObject/ProductId.php","A ","HISTORICAL_TRACKED_BASELINE","661","3b2cd97d633730b859706d4732775575db54ee34385b4177d57c52d921196884"
"src/Modules/MonetizationPayments/Domain/ValueObject/RefundProof.php","A ","HISTORICAL_TRACKED_BASELINE","590","95ea43ccfcd4c239fbd7677372b072e78ca761bd21017b6743041fbf8f1d0b5c"
"src/Modules/MonetizationPayments/Domain/ValueObject/TransactionReference.php","A ","HISTORICAL_TRACKED_BASELINE","563","0fb172768de33fc3873d3ef46f38d1ea4d9be1dd9e222560a68ce7734899f152"
"src/Modules/Professionals/.gitkeep","D ","EXPECTED_PLACEHOLDER_RETIREMENT","0",""
"src/Modules/Professionals/Application/Contract/ProfessionalRegistry.php","A ","HISTORICAL_TRACKED_BASELINE","1763","8666b2e7f30e052b2cec53d25dc0c0acec4dfb0fecf340fb5c38eece07f8e95b"
"src/Modules/Professionals/Application/ProfessionalMandateOwnerSource/Contract/ProfessionalMandateOwnerSource.php","A ","HISTORICAL_TRACKED_BASELINE","392","e0ab499e8857e925de042c1c4d8270017f9bd1c88d7ca76eb54868a597c261db"
"src/Modules/Professionals/Application/ProfessionalMandateOwnerSource/Contract/ProfessionalMandateOwnerSourceUpdater.php","A ","HISTORICAL_TRACKED_BASELINE","550","022a4908e77a20a72f9ea1adff55766f4c9bde6f5783c1dbfb60303667159379"
"src/Modules/Professionals/Application/ProfessionalMandateOwnerSource/ProfessionalMandateOwnerSourceResult.php","A ","HISTORICAL_TRACKED_BASELINE","1355","f7dd39479f64f5af7a8587f23bd5f99952069383482515d0378b76c542307862"
"src/Modules/Professionals/Application/ProfessionalMandateOwnerSource/ProfessionalMandateOwnerSourceState.php","A ","HISTORICAL_TRACKED_BASELINE","678","679fcfc04934ff19c7313dd8d0c12abe84fc2ec4d68be7717f91f3863da358af"
"src/Modules/Professionals/Application/ProfessionalMandateOwnerSource/ProfessionalMandateOwnerSourceStatus.php","A ","HISTORICAL_TRACKED_BASELINE","343","c6b63959e79a47d59dc66c5eb72b4c07750e54c57e8699478e3ab664eb937fc9"
"src/Modules/Professionals/Application/ProfessionalMandateOwnerSource/ProfessionalMandateOwnerSourceWriteResult.php","A ","HISTORICAL_TRACKED_BASELINE","351","debfd1e9e342fd5cf0cda0a6c2d5c87272ddb0c374abc36315a12c074a4f4770"
"src/Modules/Professionals/Application/ProfessionalMandateResolution/Contract/ProfessionalMandateResolverV1.php","A ","HISTORICAL_TRACKED_BASELINE","440","e3c4d786818ffa2f76d48d0920dcd1228777de00cf8e10c22f6e2376a0de9e45"
"src/Modules/Professionals/Application/ProfessionalMandateResolution/OwnerProfessionalMandateResolverV1.php","A ","HISTORICAL_TRACKED_BASELINE","1415","1eda52789b4640a8801f1ee201e9eec78f6c0ea8e55ae15da00ac4687d41efd7"
"src/Modules/Professionals/Application/ProfessionalMandateResolution/ProfessionalMandateResolutionStatusV1.php","A ","HISTORICAL_TRACKED_BASELINE","343","ec6192918da69ebe859730d98bafd7e1dfe627ab6deab58163910cd647c3ca5c"
"src/Modules/Professionals/Application/ProfessionalMandateResolution/ProfessionalMandateResolutionV1.php","A ","HISTORICAL_TRACKED_BASELINE","1351","727d98692870074ad6e7b027c2cb6cd2017d8d01d7ad3da5583d36b0c2bd154f"
"src/Modules/Professionals/Application/ProfessionalProfilePersistence/Contract/ProfessionalPublicPortfolioStore.php","A ","HISTORICAL_TRACKED_BASELINE","577","c771e0e4ed2ea783bdeb72e174798356d1555a9691596b953487186bcb706985"
"src/Modules/Professionals/Application/ProfessionalProfilePersistence/Contract/ProfessionalPublicProfileStore.php","A ","HISTORICAL_TRACKED_BASELINE","569","7ddc20d41b989f464ba95718c672df2aad9823586395b9eee8f922f69e3b64cb"
"src/Modules/Professionals/Application/ProfessionalProfilePersistence/Contract/ProfessionalVerificationStore.php","A ","HISTORICAL_TRACKED_BASELINE","565","65fe7702b31627f65e5a1d58322646056244506946d9ca8be6fe2e1c456a312a"
"src/Modules/Professionals/Application/ProfessionalProfilePersistence/ProfessionalProfileWriteResult.php","A ","HISTORICAL_TRACKED_BASELINE","397","53c27d0b9ef5ef39de9e45bed0e48ef6008eae7b085a2c153372ded041dc7957"
"src/Modules/Professionals/Application/ProfessionalProfilePersistence/ProfessionalPublicPortfolioState.php","A ","HISTORICAL_TRACKED_BASELINE","509","29709ee2563296251fcf446cc15a1eeeef969d2b031a24da3271170e00141b2a"
"src/Modules/Professionals/Application/ProfessionalProfilePersistence/ProfessionalPublicProfileState.php","A ","HISTORICAL_TRACKED_BASELINE","930","5876bb140e387b7b1c4730652d2aeb4dac7ff562fa493d3c208b4f00155cf01d"
"src/Modules/Professionals/Application/ProfessionalProfilePersistence/ProfessionalVerificationState.php","A ","HISTORICAL_TRACKED_BASELINE","710","f434eab2f28c4d29a7345061504fb95e752949f22c9010715f90bb8af6f25be5"
"src/Modules/Professionals/Application/ProfessionalProfilePersistence/PublicProfileVisibility.php","A ","HISTORICAL_TRACKED_BASELINE","216","317c0b06145fbe7d2ff9a1640b91a889b31c4d5a0ba3068f391e08c1c8f48e2a"
"src/Modules/Professionals/Application/ProfessionalProfilePersistence/VerificationDisposition.php","A ","HISTORICAL_TRACKED_BASELINE","322","de04fb3b65b66e11194f88432485bc39e776003a7259ce05a009839d0788b618"
"src/Modules/Professionals/Application/ProfessionalStatusEvent/ProfessionalStatusEvent.php","A ","HISTORICAL_TRACKED_BASELINE","1487","fc0a454daf0c5854994be9ba90a2ff6250ada26ac0a4017e88daad9c2744d1a8"
"src/Modules/Professionals/Application/ProfessionalStatusEvent/ProfessionalStatusEventCatalog.php","A ","HISTORICAL_TRACKED_BASELINE","1106","8e75b591d7fca72e9be9c2afbe361f71e6998b42ec79dc96536e22869be48eea"
"src/Modules/Professionals/Application/ProfessionalStatusEvent/ProfessionalStatusEventId.php","A ","HISTORICAL_TRACKED_BASELINE","1033","0f745e9430520d8e660e09342870e5500ca711f98e6c86d6bcd5b3e6de37dff2"
"src/Modules/Professionals/Application/ProfessionalStatusEvent/ProfessionalStatusEventMetadata.php","A ","HISTORICAL_TRACKED_BASELINE","1170","aa29d7aeb6a609b106f107eb2e500c6294afca5107a9e30021583af48c08edff"
"src/Modules/Professionals/Application/ProfessionalStatusEvent/ProfessionalStatusEventPayload.php","A ","HISTORICAL_TRACKED_BASELINE","1603","e59a7550465341ce43d843b99b709a96d335b26b5591703251dd55fc4eff7e43"
"src/Modules/Professionals/Application/ProfessionalStatusEvent/ProfessionalStatusEventPayloadVersion.php","A ","HISTORICAL_TRACKED_BASELINE","153","89cbc8e7066687d5e29907aa73626fc9283dcdb4d8d95e816764023c615506df"
"src/Modules/Professionals/Application/ProfessionalStatusEvent/ProfessionalStatusEventSerializer.php","A ","HISTORICAL_TRACKED_BASELINE","345","55de29eccf1474427e1445bea7eff30bab1cb409a88192d264c9cad915df726a"
"src/Modules/Professionals/Application/ProfessionalStatusEvent/ProfessionalStatusEventType.php","A ","HISTORICAL_TRACKED_BASELINE","241","2c9f213e19a66d397d5c94043eef9eaca8a1e6b74e54543a46d83677127b0ece"
"src/Modules/Professionals/Application/ProfessionalStatusLifecycle/ProfessionalStatusAction.php","A ","HISTORICAL_TRACKED_BASELINE","226","7ab00936323cd5dcfc5e39889266b88539440f0d834351d75a4f87aedd77929c"
"src/Modules/Professionals/Application/ProfessionalStatusLifecycle/ProfessionalStatusDecision.php","A ","HISTORICAL_TRACKED_BASELINE","720","6d5e463cdc9a87ae5d505771c78b01ca63c37c6391d8a7c45c4975e7794739b8"
"src/Modules/Professionals/Application/ProfessionalStatusLifecycle/ProfessionalStatusDiagnostic.php","A ","HISTORICAL_TRACKED_BASELINE","228","82bff1b218498aa220eea6b7468c5b9414bbfbc47a53e209f704cbf26b077780"
"src/Modules/Professionals/Application/ProfessionalStatusLifecycle/ProfessionalStatusState.php","A ","HISTORICAL_TRACKED_BASELINE","191","b8fd0e2dfc10b952894abd8201293d831633af7a359334ea1d816939d8d8b8a2"
"src/Modules/Professionals/Application/ProfessionalStatusLifecycle/ProfessionalStatusTransition.php","A ","HISTORICAL_TRACKED_BASELINE","323","8d4bf7e8b10a84f76b09fee81cbb51b155d2e915e01d641699913dec832b5540"
"src/Modules/Professionals/Application/ProfessionalStatusLifecycle/ProfessionalStatusWorkflow.php","A ","HISTORICAL_TRACKED_BASELINE","1214","1c95c37b5890edeee8bda2da2f5677b156a7c07aeb7a26d30dbb775a5c3c3cf5"
"src/Modules/Professionals/Application/ProfessionalStatusLifecycle/ProfessionalStatusWorkflowResult.php","A ","HISTORICAL_TRACKED_BASELINE","196","9320e04b01700583c8c55a68e4720c0b836999ecc6c9edf337bc010bc5aa4574"
"src/Modules/Professionals/Application/ProfessionalStatusOrchestration/Contract/ProfessionalStatusOrchestrator.php","A ","HISTORICAL_TRACKED_BASELINE","491","8ffb226c572d8ae9a12dce779bb1a0858590e1d68b91a21794216834aa984acf"
"src/Modules/Professionals/Application/ProfessionalStatusOrchestration/DeterministicProfessionalStatusOrchestrator.php","A ","HISTORICAL_TRACKED_BASELINE","5576","2c66171fb68a73ade80a74eb8b5d4eda5b5fddd3de68c9933269c3faf5c6fc8c"
"src/Modules/Professionals/Application/ProfessionalStatusOrchestration/ProfessionalStatusOrchestrationResult.php","A ","HISTORICAL_TRACKED_BASELINE","428","4d94ef5d261cff53b9a6b121576a30dff89ca3e46865a9d23aa39cf60dfc29ed"
"src/Modules/Professionals/Application/ProfessionalStatusOrchestration/ProfessionalStatusOrchestrationStatus.php","A ","HISTORICAL_TRACKED_BASELINE","478","b9ef461a90d2843b3cd6861df2475300b966f69a3276755a52e802f3e9c6ae47"
"src/Modules/Professionals/Application/ProfessionalStatusOrchestration/ProfessionalStatusTransitionRequest.php","A ","HISTORICAL_TRACKED_BASELINE","673","bbb831e7bcbc2d2fd50c7b1383f4cd287e44e53a13e297bd00e590a89a8c639c"
"src/Modules/Professionals/Application/ProfessionalStatusPersistence/Contract/ProfessionalStatusWorkflowStore.php","A ","HISTORICAL_TRACKED_BASELINE","962","4515488d03bc362940897c6d4fbb6d2f8bdcc03095c64f5ce451806304c6f000"
"src/Modules/Professionals/Application/ProfessionalStatusPersistence/ProfessionalStatusId.php","A ","HISTORICAL_TRACKED_BASELINE","597","3787840e5d53048ad818a381260cc1f48b86dc763679eb6d3f089824ff6dcef2"
"src/Modules/Professionals/Application/ProfessionalStatusPersistence/ProfessionalStatusPersistenceReadResult.php","A ","HISTORICAL_TRACKED_BASELINE","929","c334fc83734bb4d454ca36092a3777f12124c9da5d8bfdd8402aac217fd2051f"
"src/Modules/Professionals/Application/ProfessionalStatusPersistence/ProfessionalStatusPersistenceReadStatus.php","A ","HISTORICAL_TRACKED_BASELINE","237","5d712c24825458a5e18c88de9ab237350b98f183e044a2e779a5a1e0e393a745"
"src/Modules/Professionals/Application/ProfessionalStatusPersistence/ProfessionalStatusPersistenceWriteResult.php","A ","HISTORICAL_TRACKED_BASELINE","366","45f6926c710bebd3d55d8dc8df5e6a04528e1a3ed03c05a8767571febc23194d"
"src/Modules/Professionals/Application/ProfessionalStatusPersistence/ProfessionalStatusStoredState.php","A ","HISTORICAL_TRACKED_BASELINE","558","44a571cbb9f1021273c02a388fe4f9d7314782295d5a2838c108ed92e92bf24a"
"src/Modules/Professionals/Application/ProfessionalStatusPublicRead/Contract/ProfessionalPublicStatusReaderV1.php","A ","HISTORICAL_TRACKED_BASELINE","418","ded582cd29aaa8d44a0e589eff975a6c90323f9d3215cd7731e907b370463e80"
"src/Modules/Professionals/Application/ProfessionalStatusPublicRead/ProfessionalPublicStatusDecisionV1.php","A ","HISTORICAL_TRACKED_BASELINE","336","785514669349d1ea7fbb8fca82ec1a7af4cbf9aea54bcb691f5e9228fd2b4bdd"
"src/Modules/Professionals/Application/ProfessionalStatusTransitionContext/Contract/ProfessionalStatusContextualReplayInspector.php","A ","HISTORICAL_TRACKED_BASELINE","507","9609f3b9985513fa1da64a4b7f495c804a129e1de4f919bae920cce8f2045adf"
"src/Modules/Professionals/Application/ProfessionalStatusTransitionContext/Contract/ProfessionalStatusContextualTransitionStore.php","A ","HISTORICAL_TRACKED_BASELINE","835","5f6b3b1019a7f938522d0a71f1c6601c1efea562fe1e3a1cf3ae7789b5ee2588"
"src/Modules/Professionals/Application/ProfessionalStatusTransitionContext/ProfessionalStatusContextChecksum.php","A ","HISTORICAL_TRACKED_BASELINE","572","f6cb7fa057b24216eea7fb6263b96190f93493ec08b70f213d6a3da223e20993"
"src/Modules/Professionals/Application/ProfessionalStatusTransitionContext/ProfessionalStatusContextualAppend.php","A ","HISTORICAL_TRACKED_BASELINE","678","89fa30ba8b175ae5df7d0cc3f1a72ffe51e69f05df3e0b90e0179928a474a4bb"
"src/Modules/Professionals/Application/ProfessionalStatusTransitionContext/ProfessionalStatusContextualAppendInspection.php","A ","HISTORICAL_TRACKED_BASELINE","1069","7cbab022b3f61459f80dad875e50a764197e830fdd6dcc0162a308e792e95249"
"src/Modules/Professionals/Application/ProfessionalStatusTransitionContext/ProfessionalStatusContextualInspectionResult.php","A ","HISTORICAL_TRACKED_BASELINE","1119","7a7b67398be5e6f31fe2b2c0c3871ed601ab7e628ac908c1720fa74e59a2016c"
"src/Modules/Professionals/Application/ProfessionalStatusTransitionContext/ProfessionalStatusContextualInspectionStatus.php","A ","HISTORICAL_TRACKED_BASELINE","248","5523d9c0c8437d133ffb04cfa6a0795e24f1c189c587fca701952ef4c7d46a1e"
"src/Modules/Professionals/Application/ProfessionalStatusTransitionContext/ProfessionalStatusContextualWriteResult.php","A ","HISTORICAL_TRACKED_BASELINE","456","1a3d8454d130b4b64b6cc35d313c58589f3a85570df8d428e5db404640130e73"
"src/Modules/Professionals/Application/ProfessionalStatusTransitionContext/ProfessionalStatusExpectedVersion.php","A ","HISTORICAL_TRACKED_BASELINE","473","676342bd2dd05a1629a196152cc6bbbf4985ec094983b38707e2b105cf173d98"
"src/Modules/Professionals/Application/ProfessionalStatusTransitionContext/ProfessionalStatusReplayOutcome.php","A ","HISTORICAL_TRACKED_BASELINE","273","f5f0638d3b4c2f95dfc414fb098093b1bc8c99d1b7d4aa3ff1219f29e2cf3d30"
"src/Modules/Professionals/Application/ProfessionalStatusTransitionContext/ProfessionalStatusReplayPolicy.php","A ","HISTORICAL_TRACKED_BASELINE","999","5ee5e1dcb68a5ba439e10718ef9abb8e7f6f7fb4ed4fb20da09aebb27376f6c2"
"src/Modules/Professionals/Application/ProfessionalStatusTransitionContext/ProfessionalStatusTransitionContext.php","A ","HISTORICAL_TRACKED_BASELINE","534","c37afab661e6a9fb16cf97706564fed9393220081d2ca4d23b692a162714f7fa"
"src/Modules/Professionals/Application/UseCase/AddEstablishment.php","A ","HISTORICAL_TRACKED_BASELINE","890","79d81d21fce3fe1ba9763016980bf23088b85c879939a865bcbfb33a97e11ba2"
"src/Modules/Professionals/Application/UseCase/GrantMandate.php","A ","HISTORICAL_TRACKED_BASELINE","1008","e9625fc18c4a9d3c1ac962fa94182d09695c957443bc1aef34497e93837c8e38"
"src/Modules/Professionals/Application/UseCase/ProfessionalUseCase.php","A ","HISTORICAL_TRACKED_BASELINE","829","dff77e65d921e16bf9df940af4032658bbd4ab93e21c6076cd3613953ca04c09"
"src/Modules/Professionals/Application/UseCase/ReactivateProfessional.php","A ","HISTORICAL_TRACKED_BASELINE","582","34fb40ba822f47b160961d239eadc818ac113f29163e05518da2d326b62ff135"
"src/Modules/Professionals/Application/UseCase/RegisterProfessional.php","A ","HISTORICAL_TRACKED_BASELINE","893","2efd58716340287bbf16468517b4f21180388106420ca55cd56a068bc05454ae"
"src/Modules/Professionals/Application/UseCase/RemoveEstablishment.php","A ","HISTORICAL_TRACKED_BASELINE","709","523c98d8f353ae94d0893adf68ca79560fefc8405095db2205118a677abd743a"
"src/Modules/Professionals/Application/UseCase/RevokeMandate.php","A ","HISTORICAL_TRACKED_BASELINE","673","87dafc679b6b89aac0a445c69db241748f237637e444c32025790246e70abebf"
"src/Modules/Professionals/Application/UseCase/SuspendProfessional.php","A ","HISTORICAL_TRACKED_BASELINE","576","cde9fd1750f5c214baa2a9ef4e1f153c9478641cfa6e6eda7481bcca9a53e96f"
"src/Modules/Professionals/Domain/Event/AbstractProfessionalEvent.php","A ","HISTORICAL_TRACKED_BASELINE","1032","72f10bccdb992541dbd09ec2797fdaba2d0400d52ce030124444a42dc07283cc"
"src/Modules/Professionals/Domain/Event/EstablishmentAdded.php","A ","HISTORICAL_TRACKED_BASELINE","570","132a5a8e6d6ae39933addabce57e0ad2d2a19d1936efad7818ada31b2b30ffc2"
"src/Modules/Professionals/Domain/Event/EstablishmentRemoved.php","A ","HISTORICAL_TRACKED_BASELINE","469","eee910ae1490aefcc71a0c2fc8636455c7093d9704b75a78bac0339da77044dd"
"src/Modules/Professionals/Domain/Event/MandateGranted.php","A ","HISTORICAL_TRACKED_BASELINE","759","7c1cc4b4feda25297eed5758ee356c8e35d5497d05a2a718e3ecf2539763e9d4"
"src/Modules/Professionals/Domain/Event/MandateRevoked.php","A ","HISTORICAL_TRACKED_BASELINE","445","69c718d5e96776d748d87f0cb7ec803dc10f403c0bb31b0e0063ecba417fb0de"
"src/Modules/Professionals/Domain/Event/ProfessionalEvent.php","A ","HISTORICAL_TRACKED_BASELINE","379","985b03f632095644714b5ac098b65b98aed8f81317b0c9e219908becac6d1517"
"src/Modules/Professionals/Domain/Event/ProfessionalEventMetadata.php","A ","HISTORICAL_TRACKED_BASELINE","200","9f62ff58e6522520ea4d2a8c3aab20b84e11076760311689599521dae8c9e4f8"
"src/Modules/Professionals/Domain/Event/ProfessionalReactivated.php","A ","HISTORICAL_TRACKED_BASELINE","143","2565377ba806b1087fc6211c8b94effc0700e03ebb13bb838bcb33022db613ea"
"src/Modules/Professionals/Domain/Event/ProfessionalRegistered.php","A ","HISTORICAL_TRACKED_BASELINE","581","bb22ca664c0d50f91bf4128e4a192b5f578b7d9f346eafe2de82d90669c78cef"
"src/Modules/Professionals/Domain/Event/ProfessionalSuspended.php","A ","HISTORICAL_TRACKED_BASELINE","141","3a545d40d857c670575938521f4afdcc0e0e7aad18afa856db29a219d3e2f7f2"
"src/Modules/Professionals/Domain/Exception/ConcurrentProfessionalModification.php","A ","HISTORICAL_TRACKED_BASELINE","264","1d8b47a0a0b0873161687037cf9b7fbe73ef3cab4dcadf899c672f93ebc06d35"
"src/Modules/Professionals/Domain/Exception/EstablishmentIdConflict.php","A ","HISTORICAL_TRACKED_BASELINE","282","22741afcc7b740c7040e14d18880cd29b78c2e317e65d13dd3427871084a956e"
"src/Modules/Professionals/Domain/Exception/InvalidProfessionalValue.php","A ","HISTORICAL_TRACKED_BASELINE","259","f3b89b42c8d3f10470c0fcab41b282c17b80d56199f78246843ed17e10ce5b2d"
"src/Modules/Professionals/Domain/Exception/ProfessionalIdConflict.php","A ","HISTORICAL_TRACKED_BASELINE","255","d51445844584c5888ef1da102e210edbfe213d52b9becdb12fac67d60a2c6c99"
"src/Modules/Professionals/Domain/Exception/ProfessionalNotFound.php","A ","HISTORICAL_TRACKED_BASELINE","243","be9ad9a86a12a21134cb414279d9ee6edbd48244449883074b266087f1812252"
"src/Modules/Professionals/Domain/Exception/ProfessionalsException.php","A ","HISTORICAL_TRACKED_BASELINE","152","9a2062c6008b3048fcfd97f6ce855c25b1c3ff7c702376327580d09ea5b018bd"
"src/Modules/Professionals/Domain/Exception/ProfessionalViolation.php","A ","HISTORICAL_TRACKED_BASELINE","1606","ac11e7eaebf20d7850ec0d46d53c2d870c062c528dca7fb20232ba0e9541daeb"
"src/Modules/Professionals/Domain/Exception/RegistrationNumberConflict.php","A ","HISTORICAL_TRACKED_BASELINE","270","c23c9ae0b42fd2121be24c42757cc1e0f9a24d32d89e3f5c7363d694c067a3e9"
"src/Modules/Professionals/Domain/Model/Establishment.php","A ","HISTORICAL_TRACKED_BASELINE","800","8a93e1a783a761948c687481994ca4141c37aeb81b160d7e1e3dad4f9e855a29"
"src/Modules/Professionals/Domain/Model/Professional.php","A ","HISTORICAL_TRACKED_BASELINE","8699","3a2c98a17c6b9feaec8f7c9ee021cab1c42b674f05e7780882584ba558bb1518"
"src/Modules/Professionals/Domain/Model/RepresentativeMandate.php","A ","HISTORICAL_TRACKED_BASELINE","930","5fcc9e5db321895f49288d3aa3d2be941d7b2d02fc3b1ccc7f838388051b13c2"
"src/Modules/Professionals/Domain/ValueObject/EstablishmentId.php","A ","HISTORICAL_TRACKED_BASELINE","698","736dc988e25084f06698c4f7c7d0f14c8cb52b3d24003d2564715e1a53c2b57a"
"src/Modules/Professionals/Domain/ValueObject/EstablishmentName.php","A ","HISTORICAL_TRACKED_BASELINE","581","a10e5c97046fb2b0e33be200124c3a84c2c0e7803ae3c3fc8185f7a967e47d1c"
"src/Modules/Professionals/Domain/ValueObject/MandateId.php","A ","HISTORICAL_TRACKED_BASELINE","686","d38e908a09505a0c7a46812f56ed3f12f113961067ded8dc366d334bd9a663af"
"src/Modules/Professionals/Domain/ValueObject/MandateRole.php","A ","HISTORICAL_TRACKED_BASELINE","533","9f39e0f7c2a1b89c03b6bc4d8e41f7a439c5e3e34e028a748e4142ddd5e9ebac"
"src/Modules/Professionals/Domain/ValueObject/ProfessionalId.php","A ","HISTORICAL_TRACKED_BASELINE","696","c5545aa80f12a202d0b4ac1a22d18187b3a704aec24a34bcc270d82696e47753"
"src/Modules/Professionals/Domain/ValueObject/ProfessionalName.php","A ","HISTORICAL_TRACKED_BASELINE","579","f16235c5a56ec325d9edff016bde5375f31fafc8b2c9d8760ebd39551c45330c"
"src/Modules/Professionals/Domain/ValueObject/ProfessionalStatusActorId.php","A ","HISTORICAL_TRACKED_BASELINE","593","1793acaeee114a5b8772c506b865421821af1e782a8253cab9237d6b8d518df4"
"src/Modules/Professionals/Domain/ValueObject/ProfessionalStatusOccurredAt.php","A ","HISTORICAL_TRACKED_BASELINE","643","b097f7aeac4a7d2d440f50a604417022599d7c6171ffd924bda8bdd67a055639"
"src/Modules/Professionals/Domain/ValueObject/RegistrationNumber.php","A ","HISTORICAL_TRACKED_BASELINE","692","61c9fa9c6573666ded72f8c652b2c6c6f7b7b4f38fecc4e2bcc344de8155c69e"
"src/Modules/Professionals/Domain/ValueObject/RepresentativeId.php","A ","HISTORICAL_TRACKED_BASELINE","650","ffebbdec6b7e23ab916159633132ddaa3756e4dcfd272bfa51bde2a644a55c0e"
"src/Modules/Professionals/Infrastructure/Persistence/PostgreSql/AbstractPostgreSqlProfessionalProfileStore.php","A ","HISTORICAL_TRACKED_BASELINE","2415","bfd7bf3f399cc0f1bbc976f626aa9bd6358acd0b878e325451273edc6f83c5b1"
"src/Modules/Professionals/Infrastructure/Persistence/PostgreSql/Migrations/027_professional_status_workflow.down.sql","A ","HISTORICAL_TRACKED_BASELINE","68","1f3a3852fe628cd598a5a434663286d85f1bd2d6c29e04be6f6c7323a1984c6f"
"src/Modules/Professionals/Infrastructure/Persistence/PostgreSql/Migrations/027_professional_status_workflow.sql","A ","HISTORICAL_TRACKED_BASELINE","1159","2fefe74e001b5bd826545c5242236b79b0d377468839c7bae6b6fcced21a0d2a"
"src/Modules/Professionals/Infrastructure/Persistence/PostgreSql/Migrations/028_professional_status_context.down.sql","A ","HISTORICAL_TRACKED_BASELINE","76","b68fde184e83c1f54e1869bf2f61101f1c7616dd09150e98ff8ec826feb772ee"
"src/Modules/Professionals/Infrastructure/Persistence/PostgreSql/Migrations/028_professional_status_context.sql","A ","HISTORICAL_TRACKED_BASELINE","544","690a72159fdd602611ab2b032d43bd63df9589599e33eebabd0694994da05702"
"src/Modules/Professionals/Infrastructure/Persistence/PostgreSql/Migrations/061_professional_profile.down.sql","A ","HISTORICAL_TRACKED_BASELINE","553","b4d8d3f5db4d184eaaa4c3cb0a3b87f78c783bfec00e15f5e93c8f9fc9e8211c"
"src/Modules/Professionals/Infrastructure/Persistence/PostgreSql/Migrations/061_professional_profile.sql","A ","HISTORICAL_TRACKED_BASELINE","3993","e2e66015382caf93e31ac28aeda2d83cfc1ce99b35c1e25baf0de5c673fb361b"
"src/Modules/Professionals/Infrastructure/Persistence/PostgreSql/Migrations/062_professional_mandate_owner_source.down.sql","A ","HISTORICAL_TRACKED_BASELINE","172","d2fa7366e86925406e075e7db43eef747a5e343e9aa209087a2fef1934b90e31"
"src/Modules/Professionals/Infrastructure/Persistence/PostgreSql/Migrations/062_professional_mandate_owner_source.sql","A ","HISTORICAL_TRACKED_BASELINE","899","61dd46ab735f5fbf3ad99d73d7efaeb77a6a1ab4f42383acebd5979b84f65896"
"src/Modules/Professionals/Infrastructure/Persistence/PostgreSql/PostgreSqlProfessionalMandateOwnerSource.php","A ","HISTORICAL_TRACKED_BASELINE","8031","e291cb9bd0ecf87d0a0ab7e35ae8eee42c33f59404642140c1b43c81ca720284"
"src/Modules/Professionals/Infrastructure/Persistence/PostgreSql/PostgreSqlProfessionalPublicPortfolioStore.php","A ","HISTORICAL_TRACKED_BASELINE","3414","1a18526b613d118684fa142e3abc5e7438e05743ecd4baaf20c0a0511793e204"
"src/Modules/Professionals/Infrastructure/Persistence/PostgreSql/PostgreSqlProfessionalPublicProfileStore.php","A ","HISTORICAL_TRACKED_BASELINE","4347","2be99cc777274b51edd1d31d63ff7b78940d426af6d25e20529cf3b6934c092f"
"src/Modules/Professionals/Infrastructure/Persistence/PostgreSql/PostgreSqlProfessionalStatusContextualReplayInspector.php","A ","HISTORICAL_TRACKED_BASELINE","3910","2af03db77bb026a465c95dde1692a7c3cd12a21f74c5d7c160ec8ff84cb25928"
"src/Modules/Professionals/Infrastructure/Persistence/PostgreSql/PostgreSqlProfessionalStatusContextualTransitionRepository.php","A ","HISTORICAL_TRACKED_BASELINE","6586","8b11549d16053fd97123537259cb284363facd5bfbc858290515448eccfd56fc"
"src/Modules/Professionals/Infrastructure/Persistence/PostgreSql/PostgreSqlProfessionalStatusWorkflowRepository.php","A ","HISTORICAL_TRACKED_BASELINE","6035","263207ab106f9258b79ea6d938f0d09c32b8d6309e5c300c55830c2e6557106a"
"src/Modules/Professionals/Infrastructure/Persistence/PostgreSql/PostgreSqlProfessionalVerificationStore.php","A ","HISTORICAL_TRACKED_BASELINE","4360","c6ec32a8b79f09240e14b499b5b565a570ed64737c2e93e26825505cb3011a79"
"src/Modules/Professionals/Infrastructure/Persistence/ProfessionalMandateOwnerSourceMapper.php","A ","HISTORICAL_TRACKED_BASELINE","1777","148a4c6f89596e4bd6abeb285ab8575ecc986984df7e9a3fe161fd728eb5b2bb"
"src/Modules/Professionals/Infrastructure/Persistence/ProfessionalProfilePersistenceMapper.php","A ","HISTORICAL_TRACKED_BASELINE","6827","5c1059af2fbaef87a1df60c552bc79bda82a0900336b60d236ffd02b77201f2c"
"src/Modules/Professionals/Infrastructure/Persistence/ProfessionalStatusContextMapper.php","A ","HISTORICAL_TRACKED_BASELINE","1091","9f1eda2bb09c6f4caca13b05a0c8acded95c230e053ce42989c282fba388f4d0"
"src/Modules/Professionals/Infrastructure/Persistence/ProfessionalStatusWorkflowMapper.php","A ","HISTORICAL_TRACKED_BASELINE","2690","28569373fac7528ebf43399919825b2d6f19257f67fb98e4b176c33b8fb49a31"
"src/Modules/Professionals/Infrastructure/Runtime/OwnerProfessionalPublicStatusReaderV1.php","A ","HISTORICAL_TRACKED_BASELINE","2037","7d265cc12dccece9552ac601094324e24ca215455ca5aea42d4c5c9f43d92de0"
"src/Modules/RealEstateCatalog/.gitkeep","D ","EXPECTED_PLACEHOLDER_RETIREMENT","0",""
"src/Modules/RealEstateCatalog/Application/AuthoringPersistence/Contract/PropertyAuthoringStore.php","A ","HISTORICAL_TRACKED_BASELINE","529","bfa58641340b6ede129a5f248b94eed47c09b90ec2659c34758acfd5dd10d1f6"
"src/Modules/RealEstateCatalog/Application/AuthoringPersistence/PropertyAuthoringPersistenceWriteResult.php","A ","HISTORICAL_TRACKED_BASELINE","392","fb1dbf99d3ccd44580461fc0540af679ef817e269362ee4a8c9f4c8067ead20d"
"src/Modules/RealEstateCatalog/Application/AuthoringPersistence/PropertyAuthoringState.php","A ","HISTORICAL_TRACKED_BASELINE","350","42a89c61340b0eb63e2ac76854763fe43553ef82bd797b297d298ca0f8b1295d"
"src/Modules/RealEstateCatalog/Application/Contract/GeographicPlaceCatalog.php","A ","HISTORICAL_TRACKED_BASELINE","418","34e5d31c7b4f71b8dd30898cc2f239225188486900bf6d4e1dde252f5fe3e64c"
"src/Modules/RealEstateCatalog/Application/Contract/PropertyRegistry.php","A ","HISTORICAL_TRACKED_BASELINE","639","312741e32f6223639bc325f3cb48ab22808ca51c2bce7d1f8787c07f0769a9ee"
"src/Modules/RealEstateCatalog/Application/PropertyLifecycle/Contract/PropertyLifecycleOrchestrator.php","A ","HISTORICAL_TRACKED_BASELINE","465","5f65001f3902170ea4b3d4c14e8740786978401c77f25513f83ec14d47745863"
"src/Modules/RealEstateCatalog/Application/PropertyLifecycle/Contract/PropertyLifecycleWorkflowStore.php","A ","HISTORICAL_TRACKED_BASELINE","975","2f3e2988c1ceeef61528837e5e4065ef4d45dadf32b1d1444442831476a5d5f8"
"src/Modules/RealEstateCatalog/Application/PropertyLifecycle/DeterministicPropertyLifecycleOrchestrator.php","A ","HISTORICAL_TRACKED_BASELINE","3852","85b5a2bf4b3baa1e9fea26883d93f25ba20b588bffff8696dcbde6d172ab4812"
"src/Modules/RealEstateCatalog/Application/PropertyLifecycle/Event/PropertyLifecycleEvent.php","A ","HISTORICAL_TRACKED_BASELINE","1205","310b66385cf131def4d90fa2f7f66db459aca2e5a06f8a3fb5a4737af4a985ce"
"src/Modules/RealEstateCatalog/Application/PropertyLifecycle/Event/PropertyLifecycleEventCatalog.php","A ","HISTORICAL_TRACKED_BASELINE","2720","a35146b75be115fa5f629adc289dbba296929d5bc243eb5f7b5a2b7ed8edc338"
"src/Modules/RealEstateCatalog/Application/PropertyLifecycle/Event/PropertyLifecycleEventId.php","A ","HISTORICAL_TRACKED_BASELINE","660","2f120b60abbf9f3cb8136c33958af71fbbe6f72784666d7f176c90bb83eb9cf7"
"src/Modules/RealEstateCatalog/Application/PropertyLifecycle/Event/PropertyLifecycleEventInstant.php","A ","HISTORICAL_TRACKED_BASELINE","672","e658cd692c0889f2d50d703b242d60a3cf75b9f4dce274b49a595169b3e82cf7"
"src/Modules/RealEstateCatalog/Application/PropertyLifecycle/Event/PropertyLifecycleEventMetadata.php","A ","HISTORICAL_TRACKED_BASELINE","730","6f329fcecea1ae7a8699604a7447a1b3f0a657b814bc965f5e66207da923d1dc"
"src/Modules/RealEstateCatalog/Application/PropertyLifecycle/Event/PropertyLifecycleEventPayload.php","A ","HISTORICAL_TRACKED_BASELINE","1316","999fb669a98cd0dc58bfeb51a4fa25cf760e927b4d72b6aa6893cca9cd1a1a72"
"src/Modules/RealEstateCatalog/Application/PropertyLifecycle/Event/PropertyLifecycleEventPayloadVersion.php","A ","HISTORICAL_TRACKED_BASELINE","156","75c676655300027ca2b1bc1ddde926ff14286cb917f48949e407dc10550ef844"
"src/Modules/RealEstateCatalog/Application/PropertyLifecycle/Event/PropertyLifecycleEventSerializer.php","A ","HISTORICAL_TRACKED_BASELINE","344","ed1a5e997935f939dbaf28427a28897d217779059977e3768cacd909b6373b39"
"src/Modules/RealEstateCatalog/Application/PropertyLifecycle/Event/PropertyLifecycleEventType.php","A ","HISTORICAL_TRACKED_BASELINE","649","275023d4b505928cc5ce99f8d85541a193d20d7cc655c532628737eaffcc6155"
"src/Modules/RealEstateCatalog/Application/PropertyLifecycle/Event/UnsupportedPropertyLifecycleEventTransition.php","A ","HISTORICAL_TRACKED_BASELINE","191","dddcaf3c89d1aede53e232180f937e44f8820016d594a9db411e91a466925842"
"src/Modules/RealEstateCatalog/Application/PropertyLifecycle/PropertyLifecycleAction.php","A ","HISTORICAL_TRACKED_BASELINE","461","c62feb697be902b58976c1f6c7df701a6034c77dd30e17f6b8977e5f6b11a2b1"
"src/Modules/RealEstateCatalog/Application/PropertyLifecycle/PropertyLifecycleDecision.php","A ","HISTORICAL_TRACKED_BASELINE","706","8536cc772ae9a1c63d4e1248b27a86f0495e02d592199feaf270a964647bac11"
"src/Modules/RealEstateCatalog/Application/PropertyLifecycle/PropertyLifecycleDiagnostic.php","A ","HISTORICAL_TRACKED_BASELINE","920","23b0ddd22f840ecb7e081a7b8379089b9b8423507857f6402f269a916321ad81"
"src/Modules/RealEstateCatalog/Application/PropertyLifecycle/PropertyLifecycleDiagnosticCode.php","A ","HISTORICAL_TRACKED_BASELINE","374","514c75ad1ac4a4a1ab823979f27b1c2a057cf3e57e6a011d303388062b8f9ddd"
"src/Modules/RealEstateCatalog/Application/PropertyLifecycle/PropertyLifecycleOrchestrationDiagnosticCode.php","A ","HISTORICAL_TRACKED_BASELINE","460","0e7351dafa4d62df1a58ce2e7ac26befbc5ee7e2855f077671bf46d2c6a7b2bf"
"src/Modules/RealEstateCatalog/Application/PropertyLifecycle/PropertyLifecycleOrchestrationRequest.php","A ","HISTORICAL_TRACKED_BASELINE","570","e9983cca1a451cacf40edcf2eb28450c98807547841f7aa7e87f963a8aa75510"
"src/Modules/RealEstateCatalog/Application/PropertyLifecycle/PropertyLifecycleOrchestrationResult.php","A ","HISTORICAL_TRACKED_BASELINE","1509","3173f7912d193144e6255c1925a41c193d88a6e602d1dc0e664299783374d468"
"src/Modules/RealEstateCatalog/Application/PropertyLifecycle/PropertyLifecycleOrchestrationStatus.php","A ","HISTORICAL_TRACKED_BASELINE","347","2df810c868b0ee418a80bffda16f5f422944d1d6949f094364ed84e21163ff11"
"src/Modules/RealEstateCatalog/Application/PropertyLifecycle/PropertyLifecyclePersistenceReadResult.php","A ","HISTORICAL_TRACKED_BASELINE","960","dfef2c140727fb12e876203eaf59edcf425c3da15d1468f56ff5838b5a2c62c0"
"src/Modules/RealEstateCatalog/Application/PropertyLifecycle/PropertyLifecyclePersistenceReadStatus.php","A ","HISTORICAL_TRACKED_BASELINE","228","5e3ad751881dbbb201a2b67a96bc6f103739a5cb1300acb8719ff352706fffc6"
"src/Modules/RealEstateCatalog/Application/PropertyLifecycle/PropertyLifecyclePersistenceWriteResult.php","A ","HISTORICAL_TRACKED_BASELINE","357","50018ba1cd971b28ddee538526ee385a5b5e9685f780b5efdbd0fe4a2b8d8410"
"src/Modules/RealEstateCatalog/Application/PropertyLifecycle/PropertyLifecycleState.php","A ","HISTORICAL_TRACKED_BASELINE","339","7e9e15206a5c1e0c4f5eae57b6d68b926ebcdf3978874de6fe4cad042ebf26a4"
"src/Modules/RealEstateCatalog/Application/PropertyLifecycle/PropertyLifecycleStoredState.php","A ","HISTORICAL_TRACKED_BASELINE","361","0ac2314b4b90d46e7b0954ae1b86603fab9d5dde1e129761078aa58af62ffb66"
"src/Modules/RealEstateCatalog/Application/PropertyLifecycle/PropertyLifecycleTransition.php","A ","HISTORICAL_TRACKED_BASELINE","313","fcf6929b45e2f791cfe624ebc52d810b05f9e0e58e6cca5bd6670f9975ed9ab5"
"src/Modules/RealEstateCatalog/Application/PropertyLifecycle/PropertyLifecycleWorkflow.php","A ","HISTORICAL_TRACKED_BASELINE","2954","29fe0e237e4e9792cf3fa27a4d55c2f19a078feb320a8c26490d7e7068f96597"
"src/Modules/RealEstateCatalog/Application/PropertyLifecycle/PropertyLifecycleWorkflowResult.php","A ","HISTORICAL_TRACKED_BASELINE","189","083112f07216b6873c248b5bb2074415a758abd720d0778ffd1d70a84bd20609"
"src/Modules/RealEstateCatalog/Application/UseCase/ArchiveProperty.php","A ","HISTORICAL_TRACKED_BASELINE","544","8b5644f4c39d6a23db1ce8e6a4ae56beeb9d46037b1d00c7b143f9cfaf531e62"
"src/Modules/RealEstateCatalog/Application/UseCase/ChangeAddress.php","A ","HISTORICAL_TRACKED_BASELINE","1300","89e591f0d70801605ca8e262d6798be10b23232eabb444af5d43f88d1dc6b3d7"
"src/Modules/RealEstateCatalog/Application/UseCase/PropertyUseCase.php","A ","HISTORICAL_TRACKED_BASELINE","780","d9321c719266f5c6ecd58deda45254665e2e6a875753d63c7450978be7b09048"
"src/Modules/RealEstateCatalog/Application/UseCase/RegisterProperty.php","A ","HISTORICAL_TRACKED_BASELINE","2103","e6442112685d7939ce7ad9fda172691534077ef68b823df67adf31d89eef3443"
"src/Modules/RealEstateCatalog/Application/UseCase/UpdateProperty.php","A ","HISTORICAL_TRACKED_BASELINE","1477","cd40725a30e422563e4b6b772b9dcd0588623d7561eac27d556af649b06606cb"
"src/Modules/RealEstateCatalog/Domain/Event/AbstractPropertyEvent.php","A ","HISTORICAL_TRACKED_BASELINE","984","38d961d37c23256a52bc5eb3ea0e6144d5225afc21295ed52df2767145c47b5c"
"src/Modules/RealEstateCatalog/Domain/Event/AddressChanged.php","A ","HISTORICAL_TRACKED_BASELINE","470","8c75bb3f97f738894d87d85aff31378d9ce2b208b453dbfed42d4d5f7b7c959f"
"src/Modules/RealEstateCatalog/Domain/Event/PropertyArchived.php","A ","HISTORICAL_TRACKED_BASELINE","136","5a9bf89196d3c019cc36d04d2e3ea998224cd11dff391452f701c89d57c3571a"
"src/Modules/RealEstateCatalog/Domain/Event/PropertyEvent.php","A ","HISTORICAL_TRACKED_BASELINE","371","ac8a0877197dc714490da3b5cc866ba3affa3008ffca8c246161064bd7047e3d"
"src/Modules/RealEstateCatalog/Domain/Event/PropertyEventMetadata.php","A ","HISTORICAL_TRACKED_BASELINE","200","68e16f2aca26cf4ef64f64abbb39bf3373f46d349d408fbedd3925c7162aa8e0"
"src/Modules/RealEstateCatalog/Domain/Event/PropertyRegistered.php","A ","HISTORICAL_TRACKED_BASELINE","1060","8bb43328670ab4a23d7f143e11aafd5bd1cedf27b5eaacb68aedc6e357e88a00"
"src/Modules/RealEstateCatalog/Domain/Event/PropertyUpdated.php","A ","HISTORICAL_TRACKED_BASELINE","860","fe9a15348304b85b4abaeab42cd70d86afae926776e26b37ea5e2d36a4b011aa"
"src/Modules/RealEstateCatalog/Domain/Event/SurfaceChanged.php","A ","HISTORICAL_TRACKED_BASELINE","489","56dfe1a8c1b7501bddb59dfa93ec809882060ad72359ecbdd523bbda987f70f1"
"src/Modules/RealEstateCatalog/Domain/Exception/ConcurrentPropertyModification.php","A ","HISTORICAL_TRACKED_BASELINE","264","b96c7adf453c03d5dc0fef794d20cfb526d04edf5009f6434160793efe4e5097"
"src/Modules/RealEstateCatalog/Domain/Exception/InvalidPropertyValue.php","A ","HISTORICAL_TRACKED_BASELINE","263","a89a0c464d074ce8297ebce796ff983a165f15dff35f20c08984dc3e365d48d8"
"src/Modules/RealEstateCatalog/Domain/Exception/PropertyIdConflict.php","A ","HISTORICAL_TRACKED_BASELINE","255","ed05b5ff5b7ab718fd06d3f57476684ace739425a00d6341e085dcfd809e11e4"
"src/Modules/RealEstateCatalog/Domain/Exception/PropertyNotFound.php","A ","HISTORICAL_TRACKED_BASELINE","243","44c0460227269bbc569980aba8e017c7896328c75c952c936e7c8ddc688346d2"
"src/Modules/RealEstateCatalog/Domain/Exception/PropertyReferenceConflict.php","A ","HISTORICAL_TRACKED_BASELINE","263","4ce3fac84cf90c6189ae1599c63db8d088c567e1adb3b5c1ca631e8b9e6c227a"
"src/Modules/RealEstateCatalog/Domain/Exception/PropertyViolation.php","A ","HISTORICAL_TRACKED_BASELINE","1507","f8f5cc2a6b3504cfbd096483fc8d90d98b9fb7869b038ac0d04ff64502fa3c48"
"src/Modules/RealEstateCatalog/Domain/Exception/RealEstateCatalogException.php","A ","HISTORICAL_TRACKED_BASELINE","160","0fe9dcae7fb09f13bdbf936382aac805bc8d54a4cf29d49ebd9344e4ca71ddcd"
"src/Modules/RealEstateCatalog/Domain/Exception/UnavailableGeographicPlace.php","A ","HISTORICAL_TRACKED_BASELINE","404","4108f83cedfbfa7511017549b381a523d122135d2ad177fb95e20e9a23df55bc"
"src/Modules/RealEstateCatalog/Domain/Model/Address.php","A ","HISTORICAL_TRACKED_BASELINE","580","7cfeefd7f51fea18fa36f203dc53237c473d47aab478ea934e3bdc8d90756bac"
"src/Modules/RealEstateCatalog/Domain/Model/Property.php","A ","HISTORICAL_TRACKED_BASELINE","7439","3420a2a6be055abf61ac9395752285a1006cd1d61b9f6d1868349cbe9a2ba028"
"src/Modules/RealEstateCatalog/Domain/Policy/PropertyTypePolicy.php","A ","HISTORICAL_TRACKED_BASELINE","3491","e7ac788bc3dd29f4db4776e4a2797e2e9f4cdf22378160ad8340824a6062ef1c"
"src/Modules/RealEstateCatalog/Domain/ValueObject/AddressId.php","A ","HISTORICAL_TRACKED_BASELINE","686","a40a11dda1b01feed79f7d5b1ee9314591f6b31344c90bcb548a3995601a6cfb"
"src/Modules/RealEstateCatalog/Domain/ValueObject/AddressLine.php","A ","HISTORICAL_TRACKED_BASELINE","675","e67d3d03cfea7f5b87157bb1643c29569ec66ec1fb36159d2213a5844a49d62e"
"src/Modules/RealEstateCatalog/Domain/ValueObject/BathroomCount.php","A ","HISTORICAL_TRACKED_BASELINE","567","50a8bf3b6a11c8cb7d453d76f57912cc5c3b4a6cabb2f1faac37f762a80da5af"
"src/Modules/RealEstateCatalog/Domain/ValueObject/BusinessYear.php","A ","HISTORICAL_TRACKED_BASELINE","461","215aeb6ac4a95e012500091769457a0def42fcbab1e0425a04b3f7b798956dab"
"src/Modules/RealEstateCatalog/Domain/ValueObject/ConstructionYear.php","A ","HISTORICAL_TRACKED_BASELINE","575","927676d934d6e69da004537e5f93e2d42a2ec388bc2b6e4f9189f6e2834b3575"
"src/Modules/RealEstateCatalog/Domain/ValueObject/GeographicPlaceId.php","A ","HISTORICAL_TRACKED_BASELINE","653","efd51632ab2850ba7a022b2f13b7ed53cb97ea7985bba8312136758ae6960b67"
"src/Modules/RealEstateCatalog/Domain/ValueObject/GeographicPlaceStatus.php","A ","HISTORICAL_TRACKED_BASELINE","276","797ee2ba988929e2a0af11d78c3c63fbb267511b8c435da8735b2b1cf624e9ff"
"src/Modules/RealEstateCatalog/Domain/ValueObject/PropertyId.php","A ","HISTORICAL_TRACKED_BASELINE","815","7383976c88fbadd5db2c1341e2470b99fa1541a2ea2c0a3f1f2c09ea4cc533d5"
"src/Modules/RealEstateCatalog/Domain/ValueObject/PropertyReference.php","A ","HISTORICAL_TRACKED_BASELINE","658","82c041657bbe44e2b98d8782156fdc34b713add4d75981a7b314d3e8aa82187b"
"src/Modules/RealEstateCatalog/Domain/ValueObject/PropertyStatus.php","A ","HISTORICAL_TRACKED_BASELINE","163","5a7554ba427592aed4c574015c4837302451fc40a15eb4a3a899a4d07ad812d7"
"src/Modules/RealEstateCatalog/Domain/ValueObject/PropertyType.php","A ","HISTORICAL_TRACKED_BASELINE","301","3413b24c1a343278b616e556ae210117ac2e2ae43aab24691de8c38643e16d4b"
"src/Modules/RealEstateCatalog/Domain/ValueObject/RoomCount.php","A ","HISTORICAL_TRACKED_BASELINE","559","6aea02d6f2d8829691a3458549b8ad19425445f3fbff4915f1086e62140980ec"
"src/Modules/RealEstateCatalog/Domain/ValueObject/SurfaceArea.php","A ","HISTORICAL_TRACKED_BASELINE","599","0eb3131cf693ba4fbddca6a26ac134ec86385d93e211301b53c8e84bfc362623"
"src/Modules/RealEstateCatalog/Infrastructure/Persistence/AddressSnapshot.php","A ","HISTORICAL_TRACKED_BASELINE","219","43a48f6096e388ccb4f6b6382a0065c4f5b8d276f7cadd24f88fb667e6f5a763"
"src/Modules/RealEstateCatalog/Infrastructure/Persistence/PersistentPropertyIntegrity.php","A ","HISTORICAL_TRACKED_BASELINE","329","1ee04a9e45241ae1ac9f73096f88457eb09c9f2c5c3227e2d1f3cc5016d563f5"
"src/Modules/RealEstateCatalog/Infrastructure/Persistence/PostgreSql/Migrations/003_property.sql","A ","HISTORICAL_TRACKED_BASELINE","1991","6b3c11d4a89e145ab5de85d1e22864883e22278ca38309c95657471a5d3b1601"
"src/Modules/RealEstateCatalog/Infrastructure/Persistence/PostgreSql/Migrations/017_property_lifecycle_workflow.down.sql","A ","HISTORICAL_TRACKED_BASELINE","73","eb07fea5429fcf14e210cc3ed8aca660d761276b9e83b5a908dcd88fbe99f3c9"
"src/Modules/RealEstateCatalog/Infrastructure/Persistence/PostgreSql/Migrations/017_property_lifecycle_workflow.sql","A ","HISTORICAL_TRACKED_BASELINE","1810","26a1720917f4e1606c392d0f5dde498e417a62fcb62142bbd1dea3372da3309d"
"src/Modules/RealEstateCatalog/Infrastructure/Persistence/PostgreSql/Migrations/056_property_authoring.down.sql","A ","HISTORICAL_TRACKED_BASELINE","124","a338eea171b4df6b6e47446dd7e3f5924d7923b973e5f5e7f99f80f22a0d3361"
"src/Modules/RealEstateCatalog/Infrastructure/Persistence/PostgreSql/Migrations/056_property_authoring.sql","A ","HISTORICAL_TRACKED_BASELINE","548","4ac4f6ce6a5b8975d1f5e219d1b472945719dd8bb4ae1ccc4e0549004ea3f40a"
"src/Modules/RealEstateCatalog/Infrastructure/Persistence/PostgreSql/PostgreSqlPropertyAuthoringStore.php","A ","HISTORICAL_TRACKED_BASELINE","4560","fc14c997d1abd0a3214f75748c412e820f7829b3e58cba1a06e56081b930bd5e"
"src/Modules/RealEstateCatalog/Infrastructure/Persistence/PostgreSql/PostgreSqlPropertyLifecycleWorkflowRepository.php","A ","HISTORICAL_TRACKED_BASELINE","6032","6ab5f111845abc824d7b158abea2692bedf7b17ffc2b49494e3d26761194865f"
"src/Modules/RealEstateCatalog/Infrastructure/Persistence/PostgreSql/PostgreSqlPropertyRepository.php","A ","HISTORICAL_TRACKED_BASELINE","8328","60c5a47c7edd24bf04722fcb41dd61d65a6f2b6fa2081fd345ed2cbd205f293f"
"src/Modules/RealEstateCatalog/Infrastructure/Persistence/PostgreSql/PostgreSqlPropertyTransaction.php","A ","HISTORICAL_TRACKED_BASELINE","778","333ed09b4bbad8da83a680f238223d57b24ec05a2a36730c7ca4c027431887e7"
"src/Modules/RealEstateCatalog/Infrastructure/Persistence/PropertyAuthoringMapper.php","A ","HISTORICAL_TRACKED_BASELINE","879","d47631fd15ee91949b85550b7229d6fe3ce010d834c495f89a7adf3f3956582b"
"src/Modules/RealEstateCatalog/Infrastructure/Persistence/PropertyLifecycleWorkflowMapper.php","A ","HISTORICAL_TRACKED_BASELINE","2733","2c1d2383f41db310b8ef2cb98325c5494d47dc9e437cf80cf49952b162447c14"
"src/Modules/RealEstateCatalog/Infrastructure/Persistence/PropertyMapper.php","A ","HISTORICAL_TRACKED_BASELINE","4679","f789a54c649bd353d506ec9d894c36e72b67218a58d1651e7db4f0508659225c"
"src/Modules/RealEstateCatalog/Infrastructure/Persistence/PropertySnapshot.php","A ","HISTORICAL_TRACKED_BASELINE","520","82b503bb9bb3ce884dcac96d8210e04b32c3e000b53d53b1846ae06649b35800"
"src/Modules/RealEstateCatalog/Infrastructure/Persistence/PropertyTransaction.php","A ","HISTORICAL_TRACKED_BASELINE","179","c1e6bec855bc2b5676f9aa0b4612a438728c76cd0efc053e1c15482e4c12592e"
"src/Modules/ReservationLifecycle/Application/ReservationLifecycle/ReservationLifecycleAction.php","A ","HISTORICAL_TRACKED_BASELINE","362","9bc1ee6dda535f2a32ca648e97a68ac1c588118517e857fbc347407b7b80bae9"
"src/Modules/ReservationLifecycle/Application/ReservationLifecycle/ReservationLifecycleDecision.php","A ","HISTORICAL_TRACKED_BASELINE","736","afae53b6ab47f410086a2d49fb0233cf5ced1b2a004fadfd0dcd3049f8300e6a"
"src/Modules/ReservationLifecycle/Application/ReservationLifecycle/ReservationLifecycleDiagnostic.php","A ","HISTORICAL_TRACKED_BASELINE","947","122f5a9227e0ff472a0df12169b86c23623d3394c09658979186356a74e5c791"
"src/Modules/ReservationLifecycle/Application/ReservationLifecycle/ReservationLifecycleDiagnosticCode.php","A ","HISTORICAL_TRACKED_BASELINE","383","959752e9b758016d66cb611dc0765126cae11ab745dcef79e071f2a41211a369"
"src/Modules/ReservationLifecycle/Application/ReservationLifecycle/ReservationLifecycleState.php","A ","HISTORICAL_TRACKED_BASELINE","392","07227b1398b67e6e87f5a9e0911de6fe0fc3f1b3cf1bea23746ea4765bda4a2c"
"src/Modules/ReservationLifecycle/Application/ReservationLifecycle/ReservationLifecycleTransition.php","A ","HISTORICAL_TRACKED_BASELINE","331","44abcee1c3db09729f55a4c389198c5042e31a5a153b6a8c1b68550959ba8e95"
"src/Modules/ReservationLifecycle/Application/ReservationLifecycle/ReservationLifecycleWorkflow.php","A ","HISTORICAL_TRACKED_BASELINE","3420","a0378a6f44a3f4ca92af2e49d67968f78144565ee8b8b7896334e732ad09733c"
"src/Modules/ReservationLifecycle/Application/ReservationLifecycle/ReservationLifecycleWorkflowResult.php","A ","HISTORICAL_TRACKED_BASELINE","198","9a3ba1ac95ac4cfda446f5936b4bd5cf621ab0d96fb62fb1a398f71fd8188f32"
"src/Modules/ReservationLifecycle/Application/ReservationLifecycleEvent/ReservationLifecycleEvent.php","A ","HISTORICAL_TRACKED_BASELINE","1152","3b01fbf842e739f44c8d718dc6a63cfff5b1bfa5ffcb6c5cd065e966d7a0335c"
"src/Modules/ReservationLifecycle/Application/ReservationLifecycleEvent/ReservationLifecycleEventAggregateType.php","A ","HISTORICAL_TRACKED_BASELINE","205","51a24706b9ef30d6922dff478349aa09bf8f8f493904d61d474b51c365fa6311"
"src/Modules/ReservationLifecycle/Application/ReservationLifecycleEvent/ReservationLifecycleEventCatalog.php","A ","HISTORICAL_TRACKED_BASELINE","3054","5956fb69d4a27bf6b5ab94cf5481e15698783e5269f78f62cea371c3bfe00616"
"src/Modules/ReservationLifecycle/Application/ReservationLifecycleEvent/ReservationLifecycleEventId.php","A ","HISTORICAL_TRACKED_BASELINE","1624","7b71c210e9d0ab823fe8261d6df037dd2d47e62fd255ac7ab51f0a5705843034"
"src/Modules/ReservationLifecycle/Application/ReservationLifecycleEvent/ReservationLifecycleEventMetadata.php","A ","HISTORICAL_TRACKED_BASELINE","323","793daa08b0c370c5c7faff31936079c6eefd08a24a4fa37f1f64fdaf297b5a4c"
"src/Modules/ReservationLifecycle/Application/ReservationLifecycleEvent/ReservationLifecycleEventPayload.php","A ","HISTORICAL_TRACKED_BASELINE","2287","c10272fe7a06128d78225c163d9b5a9b54935c385de9f583b970a8a1243058c9"
"src/Modules/ReservationLifecycle/Application/ReservationLifecycleEvent/ReservationLifecycleEventPayloadVersion.php","A ","HISTORICAL_TRACKED_BASELINE","164","a535ce0defabdef60ce27057fb2aba29ddc54379855f4a20247d9bbdd396885c"
"src/Modules/ReservationLifecycle/Application/ReservationLifecycleEvent/ReservationLifecycleEventSerializer.php","A ","HISTORICAL_TRACKED_BASELINE","1013","d410cf480e895b7c4b52178c6ae3640e225af1c7726cc9ae00aff53d1e9342e8"
"src/Modules/ReservationLifecycle/Application/ReservationLifecycleEvent/ReservationLifecycleEventType.php","A ","HISTORICAL_TRACKED_BASELINE","1017","bc82ed67ea195b4f1202bb8031060c8e91ce5085966087038d049381054e3d6f"
"src/Modules/ReservationLifecycle/Application/ReservationLifecycleEvent/UnsupportedReservationLifecycleEventTransition.php","A ","HISTORICAL_TRACKED_BASELINE","203","2727794978f39dc38c29e6d75c2c8b30095af00af7d5b7463229c118538c7c0c"
"src/Modules/ReservationLifecycle/Application/ReservationLifecycleOrchestration/Contract/ReservationLifecycleEventOrchestrator.php","A ","HISTORICAL_TRACKED_BASELINE","542","92ba3641c0b73a07a9381a019266b94a6a33dac15cdad74dc4b151bd43e98933"
"src/Modules/ReservationLifecycle/Application/ReservationLifecycleOrchestration/DeterministicReservationLifecycleEventOrchestrator.php","A ","HISTORICAL_TRACKED_BASELINE","3573","c0a2bfba39184d27688318106c7b19f44bb9918d31f422e63c800bdacb8c04e9"
"src/Modules/ReservationLifecycle/Application/ReservationLifecycleOrchestration/ReservationLifecycleOrchestrationRequest.php","A ","HISTORICAL_TRACKED_BASELINE","736","5817bfe4e3a910a61f1c64d1fb05962eec136b7d03d0d9f4f6774f204e48e5fb"
"src/Modules/ReservationLifecycle/Application/ReservationLifecycleOrchestration/ReservationLifecycleOrchestrationResult.php","A ","HISTORICAL_TRACKED_BASELINE","1818","10b09e03ff007c2d7a0d6640ef4d0ae736eb413b513676d77d4137d0b98f8991"
"src/Modules/ReservationLifecycle/Application/ReservationLifecycleOrchestration/ReservationLifecycleOrchestrationStatus.php","A ","HISTORICAL_TRACKED_BASELINE","438","9a1728311a50b8e8799d46f47f30f0dabcec431d7a510fb356a746a02a2dbe20"
"src/Modules/ReservationLifecycle/Application/ReservationLifecyclePersistence/Contract/ReservationLifecycleWorkflowStore.php","A ","HISTORICAL_TRACKED_BASELINE","1117","18442a086ce708e31e1a5d4504d0f99ed1d96d7525dece2ab1328dbf4ba51fac"
"src/Modules/ReservationLifecycle/Application/ReservationLifecyclePersistence/ReservationId.php","A ","HISTORICAL_TRACKED_BASELINE","591","96d46d69e4cb23c2df6a5f10b26f0bacda8ad74b1dc7bb664c2c7e83b5fc9670"
"src/Modules/ReservationLifecycle/Application/ReservationLifecyclePersistence/ReservationLifecyclePersistenceReadResult.php","A ","HISTORICAL_TRACKED_BASELINE","956","1331691e6537f2600d173adfa1898f3d8c7efddc21df1a823eb10c459d571316"
"src/Modules/ReservationLifecycle/Application/ReservationLifecyclePersistence/ReservationLifecyclePersistenceReadStatus.php","A ","HISTORICAL_TRACKED_BASELINE","248","6da8992e0c7c621ff40806ea07c82b46fce8e107ea33102d2318ff6a95101775"
"src/Modules/ReservationLifecycle/Application/ReservationLifecyclePersistence/ReservationLifecyclePersistenceWriteResult.php","A ","HISTORICAL_TRACKED_BASELINE","377","9e8366e85c526d3e385231173bc5460e6ae2654795118e2c9865b5a407708d67"
"src/Modules/ReservationLifecycle/Application/ReservationLifecyclePersistence/ReservationLifecycleStoredState.php","A ","HISTORICAL_TRACKED_BASELINE","422","d3e9bf4f184bd9bbbdbb2aee2823251f78b5aef7fb69d23776f7c229f2c249ef"
"src/Modules/ReservationLifecycle/Infrastructure/Persistence/PostgreSql/Migrations/019_reservation_lifecycle_workflow.down.sql","A ","HISTORICAL_TRACKED_BASELINE","78","9d5ffa89aa3caeed3e6beee03e5a3eaeb2da768c37fe08c6b32964f7ee46eda0"
"src/Modules/ReservationLifecycle/Infrastructure/Persistence/PostgreSql/Migrations/019_reservation_lifecycle_workflow.sql","A ","HISTORICAL_TRACKED_BASELINE","1665","d71f3c96bbe4a35d0a6013554290584a20315b8e981f448fd4d85236b03e4442"
"src/Modules/ReservationLifecycle/Infrastructure/Persistence/PostgreSql/PostgreSqlReservationLifecycleWorkflowRepository.php","A ","HISTORICAL_TRACKED_BASELINE","6328","480d53a7010a4e996db5e2d582d05ba9c1c7b33769f8b3d85297530a774ea919"
"src/Modules/ReservationLifecycle/Infrastructure/Persistence/ReservationLifecycleWorkflowMapper.php","A ","HISTORICAL_TRACKED_BASELINE","2868","46ddff46385effbf386e2b750d6c2df68975dd911763ceea4113c6b793b6f50a"
"src/Modules/SearchDiscovery/.gitkeep","D ","EXPECTED_PLACEHOLDER_RETIREMENT","0",""
"src/Modules/SearchDiscovery/Application/Contract/ListingCatalog.php","A ","HISTORICAL_TRACKED_BASELINE","315","eded7a5436a829c80bafff465dde839fe2f203173259e1fadf4afc9a48caf3e3"
"src/Modules/SearchDiscovery/Application/Contract/MediaCatalog.php","A ","HISTORICAL_TRACKED_BASELINE","309","235dae1bda753a1932f5dea4959de56451e4ca62dbf04780b361f7cf2d8c23b2"
"src/Modules/SearchDiscovery/Application/Contract/PropertyCatalog.php","A ","HISTORICAL_TRACKED_BASELINE","318","9705ff08aa7f84c3fb30fc839810a3dd686afd0b55ba2199c3990d79f761642c"
"src/Modules/SearchDiscovery/Application/Contract/SearchDecisionReader.php","A ","HISTORICAL_TRACKED_BASELINE","337","4aa8de31f89fb99a3edddad98eb8464676c77fb1bc0a6f16c9dc975d04cf3990"
"src/Modules/SearchDiscovery/Application/Contract/SearchDecisionWriter.php","A ","HISTORICAL_TRACKED_BASELINE","342","cb4e4949f3cfd7e210040f08e653a1e295e7ed7f5b346e08ad28e5e484771bc9"
"src/Modules/SearchDiscovery/Application/Contract/SearchIndexRegistry.php","A ","HISTORICAL_TRACKED_BASELINE","898","f4fe7364269c4d7b1694bdee92ed56983440209bcfb0a0c72134eda834099d8c"
"src/Modules/SearchDiscovery/Application/Decision/SearchDecision.php","A ","HISTORICAL_TRACKED_BASELINE","681","273f59e5ef70b00ccbc24218a4ecac97c0e7272fb0453df89785a13ebd57d4fc"
"src/Modules/SearchDiscovery/Application/Decision/SearchDecisionReadResult.php","A ","HISTORICAL_TRACKED_BASELINE","820","8de2b15abf1e8d5c0890c1ecee2521d59d25ffcd88c94db3a4376efba0f74207"
"src/Modules/SearchDiscovery/Application/Decision/SearchDecisionReadStatus.php","A ","HISTORICAL_TRACKED_BASELINE","203","33fd5c9ddb848dce4c131dbcbb8f523f5b6f0e5344b0bb1fa2ff6e7346f086c9"
"src/Modules/SearchDiscovery/Application/Decision/SearchDecisionWriteResult.php","A ","HISTORICAL_TRACKED_BASELINE","272","80b9015315055bebd81192000abcd1bd1d8b08c0b122dbec467f8d59ab7020ac"
"src/Modules/SearchDiscovery/Application/UseCase/IndexListing.php","A ","HISTORICAL_TRACKED_BASELINE","1156","c394c88167778b26557337d2dfcd9479bc6e8b1641d6151c1e3a47d410bfa1a5"
"src/Modules/SearchDiscovery/Application/UseCase/ProjectionSources.php","A ","HISTORICAL_TRACKED_BASELINE","1409","bec66509f01ea7999cf310e7bc6811ec7c5ffc50aed49bc9012dcd6cb8635bd5"
"src/Modules/SearchDiscovery/Application/UseCase/SearchIndexUseCase.php","A ","HISTORICAL_TRACKED_BASELINE","704","2777b877fd66a013c15aca4c1717eebe27668ef5aa649d31a7b2fe30c78998d0"
"src/Modules/SearchDiscovery/Application/UseCase/UpdateIndex.php","A ","HISTORICAL_TRACKED_BASELINE","1253","c0efd3376f65f925767a1bc5cc09896d45c73df94b486ce6d8888fc06fb5c61f"
"src/Modules/SearchDiscovery/Domain/Event/AbstractSearchIndexEvent.php","A ","HISTORICAL_TRACKED_BASELINE","1416","92c6b7dbd98266be66a97ca9b40368e72dc1f07111549a5d1a4fd74dd1617cf9"
"src/Modules/SearchDiscovery/Domain/Event/SearchDocumentIndexed.php","A ","HISTORICAL_TRACKED_BASELINE","676","9f01bc68120a901f09909650380a1f08d99f33b825a75126a443529f50c3896f"
"src/Modules/SearchDiscovery/Domain/Event/SearchDocumentRebuilt.php","A ","HISTORICAL_TRACKED_BASELINE","676","0d61b1203382b7fbb23e877c21e5455ba79bb45aa1eb79cb5c070d4b937b9026"
"src/Modules/SearchDiscovery/Domain/Event/SearchDocumentRemoved.php","A ","HISTORICAL_TRACKED_BASELINE","676","7d4d4757cf26c4147351b5fd9e0234b4f08597898b2ddb08bb3868ed3777bc66"
"src/Modules/SearchDiscovery/Domain/Event/SearchDocumentUpdated.php","A ","HISTORICAL_TRACKED_BASELINE","781","300c0de4a272eaf62a32c1acfb0c9728c190886be80105eadd66334215af8fd5"
"src/Modules/SearchDiscovery/Domain/Event/SearchIndexEvent.php","A ","HISTORICAL_TRACKED_BASELINE","608","cfc762ed04eb156b9dea32757a41b46489c48bc58fe75acc72e190afd638c15b"
"src/Modules/SearchDiscovery/Domain/Event/SearchIndexEventMetadata.php","A ","HISTORICAL_TRACKED_BASELINE","201","5d4dbef2e61fe9b1bc40b37d4e19fc5585bf5a75078e1607c19462d0527fd5f9"
"src/Modules/SearchDiscovery/Domain/Event/SearchVisibilityChanged.php","A ","HISTORICAL_TRACKED_BASELINE","713","597ac54b1b51a2ce637d2353513791bb04636b93d94568f6a8b6fc707a6a93cd"
"src/Modules/SearchDiscovery/Domain/Exception/ConcurrentSearchIndexModification.php","A ","HISTORICAL_TRACKED_BASELINE","140","2d20ccd475ef50c65cc323ff6b2f1298a6dc720b586f63d08d976ff44bc07676"
"src/Modules/SearchDiscovery/Domain/Exception/DuplicateProjectionFact.php","A ","HISTORICAL_TRACKED_BASELINE","130","818749faccf8b079e09f62389a0102cbc4be8c1c6cf95ea48b05aa881dfd9ef6"
"src/Modules/SearchDiscovery/Domain/Exception/ForbiddenSearchFacet.php","A ","HISTORICAL_TRACKED_BASELINE","127","8822046b5df68c25b16b82c686e86c027365d0e0d26500ced695a28b4f75eb56"
"src/Modules/SearchDiscovery/Domain/Exception/InconsistentProjectionSources.php","A ","HISTORICAL_TRACKED_BASELINE","136","59129f277e05cf823c98d3cf2031b6df3c9f5a208e56eace1361bc3ddd81da10"
"src/Modules/SearchDiscovery/Domain/Exception/InvalidSearchValue.php","A ","HISTORICAL_TRACKED_BASELINE","252","6cf92b70389b3bbed6de95c2a0f0331e785002877a25dfe9f2ab867ce545bd8f"
"src/Modules/SearchDiscovery/Domain/Exception/ListingDocumentConflict.php","A ","HISTORICAL_TRACKED_BASELINE","130","847021f0b4a6b4e313c0a09637e7b63fea1cda05f6f1853d2a2fb76b9cdf64a4"
"src/Modules/SearchDiscovery/Domain/Exception/ProjectionSourceUnavailable.php","A ","HISTORICAL_TRACKED_BASELINE","134","fdd3e4cfc3ec0db01f7079c430d56a91967ec52089ae434f8086a33ff17c5829"
"src/Modules/SearchDiscovery/Domain/Exception/SearchDocumentIdentityConflict.php","A ","HISTORICAL_TRACKED_BASELINE","137","5e71dcfcb7a620bd27a989b4443b43ae94fccf44582a662cc886bd86b2872fdb"
"src/Modules/SearchDiscovery/Domain/Exception/SearchException.php","A ","HISTORICAL_TRACKED_BASELINE","147","0f613d673c38f986400f8f770e662cf90cf167e6609eb67600138ccc231ee87b"
"src/Modules/SearchDiscovery/Domain/Exception/SearchIndexIdConflict.php","A ","HISTORICAL_TRACKED_BASELINE","128","1a0bac01bea1feaba85eb3a2cd99ffeef795ed014e2748b3c08306f043c0f13d"
"src/Modules/SearchDiscovery/Domain/Exception/SearchIndexNotFound.php","A ","HISTORICAL_TRACKED_BASELINE","126","dc7e77df68d449852adea77b8c214babf9ad2f49b6f31afaa75795599b5a5341"
"src/Modules/SearchDiscovery/Domain/Exception/SearchViolation.php","A ","HISTORICAL_TRACKED_BASELINE","590","f37167578eec19db2d9e9d2fd1db00efee8faa0e2410c6c7f1817427b4044b73"
"src/Modules/SearchDiscovery/Domain/Exception/StaleProjection.php","A ","HISTORICAL_TRACKED_BASELINE","122","4d486ce19f6660b71bbe304ea13364a2df5483ed598b1d2c80e5b98898204945"
"src/Modules/SearchDiscovery/Domain/Model/ListingProjectionSource.php","A ","HISTORICAL_TRACKED_BASELINE","657","11e52b7e1cb63def69ac68b12abf32f219b10807d916fec549f4896e0783c8e0"
"src/Modules/SearchDiscovery/Domain/Model/MediaProjectionSource.php","A ","HISTORICAL_TRACKED_BASELINE","552","99a961ac9ec89fb98ca6095da70d231b384799e98f9217c940aa98fe5a25fde5"
"src/Modules/SearchDiscovery/Domain/Model/PropertyProjectionSource.php","A ","HISTORICAL_TRACKED_BASELINE","561","864147391341022da274b28859ce8c33d40eb0a03800c4044f428062b6547f27"
"src/Modules/SearchDiscovery/Domain/Model/SearchDocument.php","A ","HISTORICAL_TRACKED_BASELINE","1090","5e748479826a3375e5082ecdceb096ce4fc2e930abf6ca47b4e69d3f9e2ebd96"
"src/Modules/SearchDiscovery/Domain/Model/SearchFacet.php","A ","HISTORICAL_TRACKED_BASELINE","668","8cbaa1f910adb7443efe69a4e87dab6c523f055af002dd04b114bdbf67680e43"
"src/Modules/SearchDiscovery/Domain/Model/SearchIndex.php","A ","HISTORICAL_TRACKED_BASELINE","5003","f7bde750b56b121038cff310784adb5efd8b1c386df8185381e629cbe44884a3"
"src/Modules/SearchDiscovery/Domain/Model/SearchProjection.php","A ","HISTORICAL_TRACKED_BASELINE","796","8894cfa2fbbdd8f8c8dc6939473cf83cde0d87ae9bc961401b9cef88444cfe38"
"src/Modules/SearchDiscovery/Domain/Policy/ProjectionLifecyclePolicy.php","A ","HISTORICAL_TRACKED_BASELINE","857","33f19806f2185ef875b0123c78beac1eab4ad83652fc043884352b0f77041190"
"src/Modules/SearchDiscovery/Domain/Policy/SearchFacetPolicy.php","A ","HISTORICAL_TRACKED_BASELINE","1462","5ecf9694449b7dc0b1ed1a263bd73c8f09ca6e627ac45fe0f7b9c793b20d24bc"
"src/Modules/SearchDiscovery/Domain/Policy/SearchFreshnessPolicy.php","A ","HISTORICAL_TRACKED_BASELINE","1143","9072173f51a1c7eb4274924ff9280dd63fe67aed22a95af827b262f633d6b58a"
"src/Modules/SearchDiscovery/Domain/Policy/SearchProjectionPolicy.php","A ","HISTORICAL_TRACKED_BASELINE","1372","ecb3cf203402fbc83f80d2c4aa6b14e7c252fc6f772d0fa28378370e6ab6f00c"
"src/Modules/SearchDiscovery/Domain/Policy/SearchVisibilityPolicy.php","A ","HISTORICAL_TRACKED_BASELINE","1214","035617dd5b69983a81eba60f27f31e44b25618fde618ebd215cd1f637ca0661f"
"src/Modules/SearchDiscovery/Domain/ValueObject/FreshnessDecision.php","A ","HISTORICAL_TRACKED_BASELINE","230","f2e8ec3be24b07a85524c93ac686d26aa2c8d8344a09fcce9a11db3e3a612ba2"
"src/Modules/SearchDiscovery/Domain/ValueObject/ListingId.php","A ","HISTORICAL_TRACKED_BASELINE","678","7065a02bf524531057be47b24a422aa9c41fa878d13b2bf4b69313d9537d23cb"
"src/Modules/SearchDiscovery/Domain/ValueObject/ListingSearchState.php","A ","HISTORICAL_TRACKED_BASELINE","232","2e913f140127c716cb0b97da2007bedd7d4efff7d31e841caa4f6705bd9402ee"
"src/Modules/SearchDiscovery/Domain/ValueObject/MediaSearchState.php","A ","HISTORICAL_TRACKED_BASELINE","212","522ffeadde503553fe513308f22d107b23e9b137f8af10018cbdc9bbf4b28415"
"src/Modules/SearchDiscovery/Domain/ValueObject/ProjectionChange.php","A ","HISTORICAL_TRACKED_BASELINE","255","22d2691617e219718ff2c252d628115f250feb517447ead8033473e3ad8b8ea2"
"src/Modules/SearchDiscovery/Domain/ValueObject/ProjectionState.php","A ","HISTORICAL_TRACKED_BASELINE","190","4ef4fddd9e22e334e04a37ddbda3a6fee436eec2219007b3eb7e7ca8d8c69670"
"src/Modules/SearchDiscovery/Domain/ValueObject/PropertySearchState.php","A ","HISTORICAL_TRACKED_BASELINE","210","b166010bccff43249a846c0caf823f9e25414d4d7d5465ebe63a504405e7c6d7"
"src/Modules/SearchDiscovery/Domain/ValueObject/SearchDocumentId.php","A ","HISTORICAL_TRACKED_BASELINE","686","5696990fc084ace01379c5d292bd474731268264173eba2acf6427a5a05152d4"
"src/Modules/SearchDiscovery/Domain/ValueObject/SearchFacetKey.php","A ","HISTORICAL_TRACKED_BASELINE","633","6df1d8edf46f6d82b45e54abab6e01d68eddba8fe101f97849c6aa980745dce8"
"src/Modules/SearchDiscovery/Domain/ValueObject/SearchFacetValue.php","A ","HISTORICAL_TRACKED_BASELINE","649","d71b7cc9fdbfb5da1224b8c000057015f3ff24cd194a2c53f7f518729c822e1d"
"src/Modules/SearchDiscovery/Domain/ValueObject/SearchIndexId.php","A ","HISTORICAL_TRACKED_BASELINE","680","4561d56aaf17a29c0763318cc24eeec3f571a9c8bec4db2a75bd0f5e65ec350b"
"src/Modules/SearchDiscovery/Domain/ValueObject/SearchRank.php","A ","HISTORICAL_TRACKED_BASELINE","546","7185a608010d89b9055714fc3c636180d1a60c6ef18da75f005f841932079830"
"src/Modules/SearchDiscovery/Domain/ValueObject/SourceKind.php","A ","HISTORICAL_TRACKED_BASELINE","185","e4865a6f714f9740b98ee3a495466cba084915fb5fa8f90474487ebf6ff0676f"
"src/Modules/SearchDiscovery/Domain/ValueObject/SourceRevision.php","A ","HISTORICAL_TRACKED_BASELINE","1113","f5e47363b2cafd02885ff0d2d9883f34fd62b232af0670eeaeee0f223bd7a233"
"src/Modules/SearchDiscovery/Domain/ValueObject/SourceRevisionSet.php","A ","HISTORICAL_TRACKED_BASELINE","1050","504c7df80150daaeb09eb7243307bd83cb84a38f45092fef964d81101dd958a9"
"src/Modules/SearchDiscovery/Infrastructure/Persistence/PostgreSql/Migrations/008_public_search_decisions.sql","A ","HISTORICAL_TRACKED_BASELINE","498","1a6e256cabef7c569ac68b853e73758c03a1e860d338ab1d6bd1969f4fc50222"
"src/Modules/SearchDiscovery/Infrastructure/Persistence/PostgreSql/PostgreSqlSearchDecisionReader.php","A ","HISTORICAL_TRACKED_BASELINE","1359","3171886793ecafb23cd6138cb1efd5f57c3e84ff5c1996b92eccaedb897d0e05"
"src/Modules/SearchDiscovery/Infrastructure/Persistence/PostgreSql/PostgreSqlSearchDecisionWriter.php","A ","HISTORICAL_TRACKED_BASELINE","3862","b21a0eb6ef8d09cec09830cc31cc080512ae544cdde3ed30098ec5f9f86e5e82"
"src/Modules/SearchDiscovery/Infrastructure/Persistence/SearchDecisionMapper.php","A ","HISTORICAL_TRACKED_BASELINE","5167","455314b44c8defa1810919544f37700669555ccdc1291df728dc37c4278da0ce"
"src/Shared/.gitkeep","  ","HISTORICAL_TRACKED_BASELINE","1","01ba4719c80b6fe911b091a7c05124b64eeece964e09c058ef8f9805daca546b"
"storage/app/.gitignore","  ","HISTORICAL_TRACKED_BASELINE","33","993b9e3709d7b5189da331725d1169d79e561a509db2490b722b525073d2d976"
"storage/app/private/.gitignore","  ","HISTORICAL_TRACKED_BASELINE","14","240a3e0d37d2e86b614063f5347eb02d4f99ca6c254de6b82871ff8d95532a7d"
"storage/app/public/.gitignore","  ","HISTORICAL_TRACKED_BASELINE","14","240a3e0d37d2e86b614063f5347eb02d4f99ca6c254de6b82871ff8d95532a7d"
"storage/framework/.gitignore","  ","HISTORICAL_TRACKED_BASELINE","119","2d452d65596636197757afa17df52331c84da7bb74ee0f3462fd5be4eb6afdc6"
"storage/framework/cache/.gitignore","  ","HISTORICAL_TRACKED_BASELINE","21","32f79194633ddb34f013c6ee8819d112104ff822357adf308ec385b46a7f42f6"
"storage/framework/cache/data/.gitignore","  ","HISTORICAL_TRACKED_BASELINE","14","240a3e0d37d2e86b614063f5347eb02d4f99ca6c254de6b82871ff8d95532a7d"
"storage/framework/sessions/.gitignore","  ","HISTORICAL_TRACKED_BASELINE","14","240a3e0d37d2e86b614063f5347eb02d4f99ca6c254de6b82871ff8d95532a7d"
"storage/framework/testing/.gitignore","  ","HISTORICAL_TRACKED_BASELINE","14","240a3e0d37d2e86b614063f5347eb02d4f99ca6c254de6b82871ff8d95532a7d"
"storage/framework/views/.gitignore","  ","HISTORICAL_TRACKED_BASELINE","14","240a3e0d37d2e86b614063f5347eb02d4f99ca6c254de6b82871ff8d95532a7d"
"storage/logs/.gitignore","  ","HISTORICAL_TRACKED_BASELINE","14","240a3e0d37d2e86b614063f5347eb02d4f99ca6c254de6b82871ff8d95532a7d"
"tests/Architecture/AccountStatusAtomicEventIntegrationArchitectureTest.php","A ","EXPECTED_TEST_ARTIFACT","3032","31c236005688bc9fc0a613b0f280d10de33cb321bdaf88a85dbe56866b336875"
"tests/Architecture/AccountStatusConsumerCompatibilityAmendmentArchitectureTest.php","A ","EXPECTED_TEST_ARTIFACT","1569","cce16c6d0afaf964fcb354663c532d3d2696565b46186162dd574df859e1a763"
"tests/Architecture/AccountStatusDeliveryConsumptionArchitectureTest.php","A ","EXPECTED_TEST_ARTIFACT","1521","e3ef19fafcf0740a3dce2239982eabfe76e64ce13ef815a061d1cf322c9fb367"
"tests/Architecture/AccountStatusEventContractArchitectureTest.php","A ","EXPECTED_TEST_ARTIFACT","1637","506a16290e472e37e50077dadb236dc455c51549b6cb4db7731d056f699a7a59"
"tests/Architecture/AccountStatusEventRoutingArchitectureTest.php","A ","EXPECTED_TEST_ARTIFACT","1359","a4ad396c89bbda63639c44339d497b6a9726f96bca2aa09f64d5a52a897ec09c"
"tests/Architecture/AccountStatusEventTransportArchitectureTest.php","A ","EXPECTED_TEST_ARTIFACT","1668","4133346a5c54135cd4bfc3d26343347d214ab579c6b6e49536319f73f92f3757"
"tests/Architecture/AccountStatusHistoricalAccountCompatibilityArchitectureTest.php","A ","EXPECTED_TEST_ARTIFACT","2148","df2f7ed814d108963ea7ef098f18b2221622ba9bda0a1af9034ebfea9cd234bc"
"tests/Architecture/AccountStatusHttpRuntimeArchitectureTest.php","A ","EXPECTED_TEST_ARTIFACT","4129","d2661f3343e5024fd99f38e5eb77537dcd71cb1856a4a981515bfc6c1c5ac481"
"tests/Architecture/AccountStatusOutboxCompatibilityArchitectureTest.php","A ","EXPECTED_TEST_ARTIFACT","3522","feedde263a775030cf36595450b4efe0127308e65835062342e0bb2c86bc2aca"
"tests/Architecture/AccountStatusOutboxOwnerAuditArchitectureTest.php","A ","EXPECTED_TEST_ARTIFACT","1248","81e799fed12a5e525d9af7b4f94af40b54588b97fb8a7bf7f1be5011f7fe0de5"
"tests/Architecture/AccountStatusPersistenceArchitectureTest.php","A ","EXPECTED_TEST_ARTIFACT","4363","9b2b2b5137ae76746f6295cafd39590db7916baa28102a311159a44484a5c11b"
"tests/Architecture/AccountStatusRoutedDeliveryBoundaryAmendmentArchitectureTest.php","A ","EXPECTED_TEST_ARTIFACT","1675","75bd3a4db36fb1e33a4a21564dc23c4c1cf023dfa896c99846c984e35be389f5"
"tests/Architecture/AccountStatusRuntimeCompositionArchitectureTest.php","A ","EXPECTED_TEST_ARTIFACT","3412","48ab5adc2549ae4b5beec6d2ff57f88fc98a267193bcd7b8844747cae5d5881a"
"tests/Architecture/AccountStatusWorkflowArchitectureTest.php","A ","EXPECTED_TEST_ARTIFACT","3617","61613757b2e6569b4a03e2cde2b589ba76956e63902f3358ed11e90cc6796294"
"tests/Architecture/ActiveGenerationReaderArchitectureTest.php","A ","EXPECTED_TEST_ARTIFACT","1341","4ae3a576810f0a87edc64ad0c9b7c61921a5e5459b3723da0571b53b37e89bad"
"tests/Architecture/AdministrationAuditPublicAppendContractArchitectureTest.php","A ","EXPECTED_TEST_ARTIFACT","2193","070af06d3fdce106c07a660d14ba65a26cba94fbb67a4455a8ea5ea1731b5589"
"tests/Architecture/AdministrationAuditPublicAppendImplementationArchitectureTest.php","A ","EXPECTED_TEST_ARTIFACT","1650","0e32f35dfdead566cf155757bf2e12823d84d5b15a64481909237ec21c4fa848"
"tests/Architecture/AdministrativeActionContextualPersistenceArchitectureTest.php","A ","EXPECTED_TEST_ARTIFACT","2807","f79c7071f5ec7764116a0ab5fecbeab61dd85b9c874cd63817911c1e0e3a2931"
"tests/Architecture/AdministrativeActionDecisionContextArchitectureTest.php","A ","EXPECTED_TEST_ARTIFACT","1481","01cc62fa9004ac72d94aa381b7f7a70f8389088281b1ad02db6e132815103fc0"
"tests/Architecture/AdministrativeActionHistoricalMirrorContractArchitectureTest.php","A ","EXPECTED_TEST_ARTIFACT","1913","b6174eb97c0e23c8098428b483ad79ae80c56727c7a97d4ddf8e66ea61733deb"
"tests/Architecture/AdministrativeActionLifecycleAtomicEventIntegrationArchitectureTest.php","A ","EXPECTED_TEST_ARTIFACT","2691","7446020441e1ee0683026358a12d3ddd5bb84222fcf04a6105bcdab63933cd15"
"tests/Architecture/AdministrativeActionLifecycleDeliveryConsumptionRuntimeArchitectureTest.php","A ","EXPECTED_TEST_ARTIFACT","3217","f0440b0946715da3eda413634d5a3023a91d56e673a7387b9873556403c91877"
"tests/Architecture/AdministrativeActionLifecycleEventContractArchitectureTest.php","A ","EXPECTED_TEST_ARTIFACT","1694","00548e07f3a426d3ef16cbada9ce787efa321995df73ffad59c1eb0488b4d135"
"tests/Architecture/AdministrativeActionLifecycleEventRoutingArchitectureTest.php","A ","EXPECTED_TEST_ARTIFACT","2344","1064e71524de010a35f2f3f0aef9172c14bb7c57b3e0a754464cd3ddae5d6692"
"tests/Architecture/AdministrativeActionLifecycleEventTransportArchitectureTest.php","A ","EXPECTED_TEST_ARTIFACT","1264","cfe1b50035902152ea0a678e064ae69a0adfac767f41b880f8250537c41498fe"
"tests/Architecture/AdministrativeActionLifecycleHttpRuntimeArchitectureTest.php","A ","EXPECTED_TEST_ARTIFACT","3701","42b49d016019cdee82d209967d100c4e78cfc234c821b8c1458a399e8cee01bc"
"tests/Architecture/AdministrativeActionLifecycleOrchestrationArchitectureTest.php","A ","EXPECTED_TEST_ARTIFACT","2142","ef90aa398775b13408973506773595ac37fe5401b161a374f8bdee79c2aed10d"
"tests/Architecture/AdministrativeActionLifecycleOutboxCompatibilityArchitectureTest.php","A ","EXPECTED_TEST_ARTIFACT","3480","c005b1367b83bd84963dcb4a5e4c948076d90c857118211d677f871f1a258528"
"tests/Architecture/AdministrativeActionLifecycleOutboxOwnerSchemaArchitectureTest.php","A ","EXPECTED_TEST_ARTIFACT","2947","6143864c9aa0b76b6298440de20d1a86cd01de01463a7fd372ad0425f8da6d54"
"tests/Architecture/AdministrativeActionLifecyclePersistenceArchitectureTest.php","A ","EXPECTED_TEST_ARTIFACT","3938","d6ef16832ff44cdfd4bb2ffe497c967954b4fb49bea3603ca1e96dcdf396075e"
"tests/Architecture/AdministrativeActionLifecycleRuntimeCompositionArchitectureTest.php","A ","EXPECTED_TEST_ARTIFACT","3433","621db6a11c7418ab6c54fa0bf3cd341960414dd5ebf0d593db2a98a9a3ec32f3"
"tests/Architecture/AdministrativeActionLifecycleWorkflowArchitectureTest.php","A ","EXPECTED_TEST_ARTIFACT","1688","82449b3a7d2a3225013a14951358e53c3784e875235ca17027f1208535e5a18c"
"tests/Architecture/AdministrativeActionPersistenceCoexistenceArchitectureTest.php","A ","EXPECTED_TEST_ARTIFACT","2213","6f7657be99f2e91f156b2e7a065d610b0315df643681df10bb1b2120a4f69def"
"tests/Architecture/AdministrativeActionTransitionContextArchitectureTest.php","A ","EXPECTED_TEST_ARTIFACT","2477","c0d55e5a27fad4ef3afcb3dc7d56443d86061c3ce0aadcf1295fd4844a4db4de"
"tests/Architecture/ContentSeoDecisionReadArchitectureTest.php","A ","EXPECTED_TEST_ARTIFACT","1775","0ceaaaa0de6783a3c37025d1e82b0d628f64035b21dcb54879a3d6cf57bd3cd8"
"tests/Architecture/DecisionTimeSourceArchitectureTest.php","A ","EXPECTED_TEST_ARTIFACT","1693","c2265f4ba07eda5aed628455b6f46a85b9d2eac1fd0cf0daaa45e3658a65ca7d"
"tests/Architecture/FoundationArchitectureTest.php","M ","EXPECTED_TEST_ARTIFACT","2759","63d6b2a2e1fbaa42240150749e426edde810e83180b9f800cc49d20f13ddb297"
"tests/Architecture/HistoricalAccountPostgreSqlPersistenceArchitectureTest.php","A ","EXPECTED_TEST_ARTIFACT","3576","f9ea833693028d24bb32caa73f4e1399392914949c125b697ce17ddac69ff84d"
"tests/Architecture/HistoricalAccountRuntimeCompositionArchitectureTest.php","A ","EXPECTED_TEST_ARTIFACT","3272","5d5de79365a8397c32d8a05785b0c34d594755826865a79e98cf9c973b38bb34"
"tests/Architecture/HistoricalAccountSecureSnapshotArchitectureTest.php","A ","EXPECTED_TEST_ARTIFACT","5215","87c1f4a8c6017e2fa349549d788d9503c687327deca9bb7845b377543f88d928"
"tests/Architecture/HistoricalCanonicalQualificationContractArchitectureTest.php","A ","EXPECTED_TEST_ARTIFACT","2707","84c826d7b7e558fc504058115594f5b406ed2d82ae3e7079ebafcec4dfcee326"
"tests/Architecture/HistoricalCanonicalQualificationPostgreSqlArchitectureTest.php","A ","EXPECTED_TEST_ARTIFACT","3555","a87656d5b9de18621e5b2448cabaa328d349f4cd112e90cc0c5f96ed16cbfbe0"
"tests/Architecture/HistoricalCanonicalQualificationRuntimeCompositionArchitectureTest.php","A ","EXPECTED_TEST_ARTIFACT","2779","7ea5bc18bc22480025f763a4c10fb228f8a61d0e5b6c6220a5ef0a3f94971747"
"tests/Architecture/HistoricalRedirectContractArchitectureTest.php","A ","EXPECTED_TEST_ARTIFACT","2962","d0166ddd5f34c414c3dedf3e1b6542051ce88da6ee996bb5d3f23f5f08d823bb"
"tests/Architecture/HistoricalRedirectHttpIntegrationArchitectureTest.php","A ","EXPECTED_TEST_ARTIFACT","3792","7d1e6b8bd685e0ce892c8c849f04d68681b23873d73260bd00e75fcedd86c6fe"
"tests/Architecture/HistoricalRedirectPostgreSqlArchitectureTest.php","A ","EXPECTED_TEST_ARTIFACT","3479","25aa3c2059650f49b2401aaeab8f92d2a2443522adffde1f71dfb3dba3d493be"
"tests/Architecture/HistoricalRedirectRuntimeCompositionArchitectureTest.php","A ","EXPECTED_TEST_ARTIFACT","3095","b66e7ad5fbccdfc678023cf3aef404f6a1066a0abf7638f1690cc70027d46bf1"
"tests/Architecture/IamModeratorAuthorizationBoundaryArchitectureTest.php","A ","EXPECTED_TEST_ARTIFACT","1743","af4d34b6fe885516024ae7aaa0d752265c29f4673ab8f30084d610ce0cce0bf5"
"tests/Architecture/IamModeratorAuthorizationImplementationArchitectureTest.php","A ","EXPECTED_TEST_ARTIFACT","1321","f9ff0004dc0392ecdc4e17bb2bec624df20ca78a496e1397f4da9c87c4404780"
"tests/Architecture/IdentityAccessCompletionPersistenceArchitectureTest.php","A ","EXPECTED_TEST_ARTIFACT","2168","b9e6c7909cff8269ae7665dd9fbfd1a9e58dcf7cbda83acb060347ebce6f5c33"
"tests/Architecture/IdentityAccessEventDeliveryArchitectureTest.php","A ","EXPECTED_TEST_ARTIFACT","1856","ead9864ba0f7374b7c3f42d0f2f15da9afbcdcb3ef11876fb3c2b030e47000c8"
"tests/Architecture/IdentityAccessEventOutboxArchitectureTest.php","A ","EXPECTED_TEST_ARTIFACT","2236","c8ac5d7b9b2faddb73986ea65b6681eec029237929948cc61ae1f7c99102fb37"
"tests/Architecture/IdentityAccessHttpRuntimeArchitectureTest.php","A ","EXPECTED_TEST_ARTIFACT","2432","8880a99e7a44d00887266526bef7d92e4463216c60e77de4cd4c581578879f57"
"tests/Architecture/IdentityAccessRuntimeCompositionArchitectureTest.php","A ","EXPECTED_TEST_ARTIFACT","2509","b6b7e527628d95d490eaa9d638651238868c436873aa9c9cf92eae4fc6bf0a97"
"tests/Architecture/IdentityAccessRuntimeOrchestrationArchitectureTest.php","A ","EXPECTED_TEST_ARTIFACT","2487","29e3b8091cac8ebcf37b83d286e569cad3188a3a42028cbd511a55dcb6757d14"
"tests/Architecture/InfrastructureBaselineArchitectureTest.php","A ","EXPECTED_TEST_ARTIFACT","31313","9c45562b88a174398d9c7f83ddc707ad66defbdb082ad447aefe14743c3435c4"
"tests/Architecture/LeadEligibilityContractReconciliationArchitectureTest.php","A ","EXPECTED_TEST_ARTIFACT","4494","8f6a873fa325d15c573cd6c6ba0bcbd19e8ad59cb4610a2d2254d5e51346d830"
"tests/Architecture/LeadEligibilityDecisionModelArchitectureTest.php","A ","EXPECTED_TEST_ARTIFACT","5079","fce35dd15a7074f7858026fc0c475a5ad6a6dd570a04bdb17804f4d08dc2eb0a"
"tests/Architecture/LeadEligibilitySourceArchitectureTest.php","A ","EXPECTED_TEST_ARTIFACT","4262","a6a2f851162e96310cf65ab42afdc31ecbc21566db55bb62b0626389b8a2ae1b"
"tests/Architecture/LeadEligibilitySourceDataArchitectureTest.php","A ","EXPECTED_TEST_ARTIFACT","4248","81d0b70557856f57ad378edf73b5b9f474302e6adc42c4f9717d996849f5808d"
"tests/Architecture/LeadLifecycleAtomicEventIntegrationArchitectureTest.php","A ","EXPECTED_TEST_ARTIFACT","1514","20df02ab029d553e5f4a72b99648fa11b7232a6d8f0578788cd571bf6e6912ec"
"tests/Architecture/LeadLifecycleContextualPersistenceArchitectureTest.php","A ","EXPECTED_TEST_ARTIFACT","1529","fc09bb7a1dd6fb504b0db247dddcab216e6af49a791fb3bec9c5b076bc9b26e3"
"tests/Architecture/LeadLifecycleDeliveryConsumptionRuntimeArchitectureTest.php","A ","EXPECTED_TEST_ARTIFACT","2432","24ec7421453fb07e3d1d21d704706540fa19451ed8fc692fba51490cde413a29"
"tests/Architecture/LeadLifecycleEventContractArchitectureTest.php","A ","EXPECTED_TEST_ARTIFACT","919","f80692e116e6c4e3b86f782dc91f68e7007decbf3b6966a25261caa4982ee64e"
"tests/Architecture/LeadLifecycleEventRoutingArchitectureTest.php","A ","EXPECTED_TEST_ARTIFACT","1792","189b4b43f274a23434a00038aa4fb5092446c1a105c5540e1303647265932e9b"
"tests/Architecture/LeadLifecycleEventTransportArchitectureTest.php","A ","EXPECTED_TEST_ARTIFACT","875","c3612970f84258c5f3a8449a983cd788e524a78db565028380c4405390e7ff7e"
"tests/Architecture/LeadLifecycleHttpRuntimeArchitectureTest.php","A ","EXPECTED_TEST_ARTIFACT","2332","9725d56e827235b1005825c7efa6bd37708ff02b6f2b97315a1f9f092e07a860"
"tests/Architecture/LeadLifecycleOrchestrationArchitectureTest.php","A ","EXPECTED_TEST_ARTIFACT","934","113cd4630d1c97040c873f798e5e96205acdd14ceba7dac63890b9331545aba6"
"tests/Architecture/LeadLifecycleOutboxCompatibilityArchitectureTest.php","A ","EXPECTED_TEST_ARTIFACT","3079","9134706114a439d512e09e718debf3fc8f5336cc01cd3dc637c8f088e6ce23a9"
"tests/Architecture/LeadLifecycleOutboxOwnerSchemaArchitectureTest.php","A ","EXPECTED_TEST_ARTIFACT","2520","de7601a94bdc4bec5659df994938387c86da84e4bc4209b58bfef7528d36fb2c"
"tests/Architecture/LeadLifecyclePostgreSqlArchitectureTest.php","A ","EXPECTED_TEST_ARTIFACT","2748","e42a4eaa7f40dad9440d788269129019d177a2a28e33877f504e47fb237cf002"
"tests/Architecture/LeadLifecycleReplayInspectionContractArchitectureTest.php","A ","EXPECTED_TEST_ARTIFACT","1260","78ec43419287e858c23137f5cf535ea04f7c439c73541bc0bcf52d5868f66c35"
"tests/Architecture/LeadLifecycleRuntimeCompositionArchitectureTest.php","A ","EXPECTED_TEST_ARTIFACT","3013","95d31ae9d8d529a287513b2be15e974c29bbb3da436f2cda37d10faaceec0587"
"tests/Architecture/LeadLifecycleTransitionContextArchitectureTest.php","A ","EXPECTED_TEST_ARTIFACT","2217","16b62b7a642a0d63b42f39c759b1bcf64a63a464397dafbf4acbecf709860c8f"
"tests/Architecture/LeadLifecycleWorkflowArchitectureTest.php","A ","EXPECTED_TEST_ARTIFACT","2736","dfb6511684578c26dbc56624a2f7855a42f0f8313f9e306f01663dd67eaa3432"
"tests/Architecture/ListingCreationBoundaryArchitectureTest.php","A ","EXPECTED_TEST_ARTIFACT","1621","04c4b5e8b67cabd1ed58ec08c44cc8e64c3cf9caf2dad5ffbab2f7c18c1356d2"
"tests/Architecture/ListingModerationBoundaryArchitectureTest.php","A ","EXPECTED_TEST_ARTIFACT","1667","897300cab86ca11ed91f5d55010cd31def9bd842f4916ceee26f724056829d17"
"tests/Architecture/ListingModerationBoundaryImplementationArchitectureTest.php","A ","EXPECTED_TEST_ARTIFACT","2713","7610537536f247190b0a37c128622af39e8882556daf91ee6d0ac9ca8bf40cfd"
"tests/Architecture/ListingModerationIntentSourceArchitectureTest.php","A ","EXPECTED_TEST_ARTIFACT","1555","aaa3663b5df9b9711ed24f3200910711f7166df8d04e25db191421cd453fc98f"
"tests/Architecture/ListingModerationVersionReadAmendmentArchitectureTest.php","A ","EXPECTED_TEST_ARTIFACT","1492","2c19976ba745e7df719b9361ffb3a61926a82b27fd7c10a9386af9b72352601b"
"tests/Architecture/ListingPublicationEventContractArchitectureTest.php","A ","EXPECTED_TEST_ARTIFACT","2688","332fad859ad3952edd1a677278e88407e699675c8410a183aa5c871defc79956"
"tests/Architecture/ListingPublicationEventIntegrationArchitectureTest.php","A ","EXPECTED_TEST_ARTIFACT","3797","b3c1f65581ef16e7102d59545f58c5044d0cdd080c13ea96f0b734f614d39155"
"tests/Architecture/ListingPublicationEventRoutingArchitectureTest.php","A ","EXPECTED_TEST_ARTIFACT","3585","4f710b30617e4ff86470320de1044d4293b97ec33f068376567af3f02ffe02df"
"tests/Architecture/ListingPublicationEventTransportArchitectureTest.php","A ","EXPECTED_TEST_ARTIFACT","2686","bb25e10e817d3cf74ed7193534c6a5ae8fac846a39d74326d28cb55d9292c31d"
"tests/Architecture/ListingPublicationHttpRuntimeArchitectureTest.php","A ","EXPECTED_TEST_ARTIFACT","2414","e82165f2a33906070a1eaaf327b2aceb51c49948694ff93792dcd224e58911f0"
"tests/Architecture/ListingPublicationOutboxCompatibilityArchitectureTest.php","A ","EXPECTED_TEST_ARTIFACT","3563","5829bdcbdb92affc71256948f0136d75e5865753eb8b8a31da2e98a9df89c763"
"tests/Architecture/ListingPublicationRuntimeCompositionArchitectureTest.php","A ","EXPECTED_TEST_ARTIFACT","2963","0e1d0def45b902d34c8917f2e25e64b39574271d5db2a29adfde5da32e101b47"
"tests/Architecture/ListingPublicationRuntimeOrchestrationArchitectureTest.php","A ","EXPECTED_TEST_ARTIFACT","3121","88061cec4aebd7084abd939bd4f328a3e4c7299f0be47ff197e355080f31db04"
"tests/Architecture/ListingPublicationWorkflowArchitectureTest.php","A ","EXPECTED_TEST_ARTIFACT","1941","32a614933f12e37a486b008abc7d1f95b9316f7bddf58ba021c68c9965cb4451"
"tests/Architecture/ListingPublicationWorkflowPostgreSqlArchitectureTest.php","A ","EXPECTED_TEST_ARTIFACT","3434","92f1da3524c7a2cbd7e4fd99acb2673b2748643be0f411bbae82a7c7a360e30e"
"tests/Architecture/MediaIngestionEventDeliveryArchitectureTest.php","A ","EXPECTED_TEST_ARTIFACT","2787","66229cbe9d147916a72efe2c8800d80bb140c32d0175181c49ddbd6bf60b2c3c"
"tests/Architecture/MediaIngestionEventOutboxArchitectureTest.php","A ","EXPECTED_TEST_ARTIFACT","1786","1bcdc1266b8feb0561782078e79d131b6c51f8f833d95e6bb4316a1acb18fa7d"
"tests/Architecture/MediaIngestionPersistenceArchitectureTest.php","A ","EXPECTED_TEST_ARTIFACT","2792","c0f3246889c59dd4244bcb870ad22848162e683f0cb0669ebfc9cd85437cab8c"
"tests/Architecture/MediaIngestionRuntimeArchitectureTest.php","A ","EXPECTED_TEST_ARTIFACT","2123","936055530119dc5452ba6e33a94080549bbdfe256d5ce2bfbd6fcece4853314b"
"tests/Architecture/MediaItemLifecycleAtomicEventIntegrationArchitectureTest.php","A ","EXPECTED_TEST_ARTIFACT","2068","35b98431696bbea2fcc17fdfc5c9961c8f02a3e84d33a5f972f7ba697a535fb4"
"tests/Architecture/MediaItemLifecycleContextArchitectureTest.php","A ","EXPECTED_TEST_ARTIFACT","1999","b3ba19a94e5d2f528305a6bb67a4230a83c4884927256978308e87617bd525f5"
"tests/Architecture/MediaItemLifecycleContextualPersistenceArchitectureTest.php","A ","EXPECTED_TEST_ARTIFACT","2713","391d0f875ddccfbaa915c286768dd8ce3f5821617db95472fbed18d153320f80"
"tests/Architecture/MediaItemLifecycleDeliveryConsumptionRuntimeArchitectureTest.php","A ","EXPECTED_TEST_ARTIFACT","2844","5ddb7fc4d9f4459a6b674b58ce9fb348530710fdc0fc778d7d77857293b194f2"
"tests/Architecture/MediaItemLifecycleEventContractArchitectureTest.php","A ","EXPECTED_TEST_ARTIFACT","1949","0b57727f07a21917f497766a5c0205d64d76f3fd6641235f2458f263906d38b5"
"tests/Architecture/MediaItemLifecycleEventRoutingArchitectureTest.php","A ","EXPECTED_TEST_ARTIFACT","1740","9f0c71e6321ca70e628f5aad5055404be089de7dc382580b713daa35e2c65352"
"tests/Architecture/MediaItemLifecycleEventTransportArchitectureTest.php","A ","EXPECTED_TEST_ARTIFACT","1360","079dd2712e1c269df39730f15156aef15fc1b4e132a67644cf8e51f4370c2357"
"tests/Architecture/MediaItemLifecycleHttpRuntimeArchitectureTest.php","A ","EXPECTED_TEST_ARTIFACT","2420","c7eb00afb9082461d86d126859d8722c090e4d2d634aa9c0b1c344d0dbbd9483"
"tests/Architecture/MediaItemLifecycleOrchestrationArchitectureTest.php","A ","EXPECTED_TEST_ARTIFACT","2462","f73ad9fea82eeaffe67826bd49d0f11e0b646bdb7fe54ee5aede828ff7293474"
"tests/Architecture/MediaItemLifecycleOutboxCompatibilityArchitectureTest.php","A ","EXPECTED_TEST_ARTIFACT","2804","14df6389f39deab57cb78f098d22104baf4175c10fb90dc4a82e69f8f3eac67d"
"tests/Architecture/MediaItemLifecycleOutboxOwnerSchemaArchitectureTest.php","A ","EXPECTED_TEST_ARTIFACT","1997","106d132ce3efec7e4303c165e3a1d6ea4f7a779e6b3d925636073883cefab25f"
"tests/Architecture/MediaItemLifecyclePersistenceArchitectureTest.php","A ","EXPECTED_TEST_ARTIFACT","2343","1b1c28830c716789c5a78aae4c0b9d75a4b4f7d048cab0f61c6a1338b184a463"
"tests/Architecture/MediaItemLifecycleRuntimeCompositionArchitectureTest.php","A ","EXPECTED_TEST_ARTIFACT","2932","aeaec6c8d20694c6a14a77372d3d7e191b458046faf6721a52a263891bfa8607"
"tests/Architecture/MediaItemLifecycleWorkflowArchitectureTest.php","A ","EXPECTED_TEST_ARTIFACT","2464","20d130cbd428f7b0cacc2feff64048851230fa949bde77602368066703a1f477"
"tests/Architecture/MediaOwnershipLookupArchitectureTest.php","A ","EXPECTED_TEST_ARTIFACT","1668","e9b13d0e848aa50136a83f5ef696305cc777e0fbfaecd5397d22f800f3c319fb"
"tests/Architecture/ModerationAtomicOutboxBoundaryArchitectureTest.php","A ","EXPECTED_TEST_ARTIFACT","1203","7319ffd66ce6bae651e148b3b79b6e6c0689f93cc00039edaebba2ec40c387b5"
"tests/Architecture/ModerationEventDeliveryArchitectureTest.php","A ","EXPECTED_TEST_ARTIFACT","1185","fc312866b4eb3e277fe56123013269c9f43f9f444b48d683365dba44290077c6"
"tests/Architecture/ModerationEventOutboxArchitectureTest.php","A ","EXPECTED_TEST_ARTIFACT","1741","5477b8bfdc5135ad6727daccb7ff51d74ca66b6ddf09a5392c994e56473b90e8"
"tests/Architecture/ModerationHttpArchitectureTest.php","A ","EXPECTED_TEST_ARTIFACT","1694","f0495c108c40f2282759ed47c37865d58f76a2db5980143afe7b9d60da8a72cf"
"tests/Architecture/ModerationHttpReadBoundariesArchitectureTest.php","A ","EXPECTED_TEST_ARTIFACT","2086","c60188ba49c2d1f1f47e13a4e24293f9257b6939f0478ccabe0dfbe1b2dbb764"
"tests/Architecture/ModerationListingHandoffIntegrationArchitectureTest.php","A ","EXPECTED_TEST_ARTIFACT","4049","fded6310eb09643693546d0b96555c5dd5f30416300e92f566f3bbf1c34600c7"
"tests/Architecture/ModerationListingHandoffOutboxRoutingArchitectureTest.php","A ","EXPECTED_TEST_ARTIFACT","1541","4107e25a0e91d5907710e9a15ab7108b1d708f63d379664082f1ebed3082b23b"
"tests/Architecture/ModerationOperationalAuditArchitectureTest.php","A ","EXPECTED_TEST_ARTIFACT","1836","ad31873130671bce19cd2e119cf8bacc073c902c3b7d4b11b7ccfbad1da43169"
"tests/Architecture/ModerationOperationalAuditEventContractArchitectureTest.php","A ","EXPECTED_TEST_ARTIFACT","2332","ab1bfa3c4eee4f5e26e3f85847bc896a9b96d1fa34d7a14b0029d83c069bdc5a"
"tests/Architecture/ModerationOperationalAuditEventProductionArchitectureTest.php","A ","EXPECTED_TEST_ARTIFACT","1701","4b8e8572cf8708f53e8be67e4677a61713b6f2155dea2598634c42d432c11086"
"tests/Architecture/ModerationOrchestrationArchitectureTest.php","A ","EXPECTED_TEST_ARTIFACT","1541","a7c3bb54ce0518e353ec69f81b79938a2b20568fe01c064ed2b391b7c1223e78"
"tests/Architecture/ModerationQueueIdempotenceAmendmentArchitectureTest.php","A ","EXPECTED_TEST_ARTIFACT","2540","bdae3107b68cf2538791e6df98f77e7192f788792b12fe1738a3b9b980ee4f93"
"tests/Architecture/ModerationQueueOwnerReadSourceArchitectureTest.php","A ","EXPECTED_TEST_ARTIFACT","2272","033ddef59496d23a63f1c0ff7015611b7cf4750a9e624def2f7f571b605f38f3"
"tests/Architecture/ModerationReportOwnerReadSourceArchitectureTest.php","A ","EXPECTED_TEST_ARTIFACT","3379","3e9de4dd3b382cbf67d1ea0e22f343e4bbd8a1e8f3619033abdad88f0946b56c"
"tests/Architecture/ModerationReportsPersistenceArchitectureTest.php","A ","EXPECTED_TEST_ARTIFACT","3593","a3d88a25f8131c8373d1a8cd38c49617564dfa370ccc620968b3fc11196e15b7"
"tests/Architecture/ModerationResidualOperationalAuditContractArchitectureTest.php","A ","EXPECTED_TEST_ARTIFACT","2988","93538166bc89768493d019cf20333cc0b9b17b398321d151cf17eb2b03b37c2e"
"tests/Architecture/ModerationRuntimeArchitectureTest.php","A ","EXPECTED_TEST_ARTIFACT","3865","6db6ceff749f0e2d94a02b978d282b0831936a1d835b3c66d553c58272db8c86"
"tests/Architecture/MultiTargetDeliveryStrategyArchitectureTest.php","A ","EXPECTED_TEST_ARTIFACT","879","9038c67a559358eff58e2d12deec41a75cee45d91d35432bae559fda77607b80"
"tests/Architecture/Phase45DiscoveryArchitectureTest.php","A ","EXPECTED_TEST_ARTIFACT","1066","49bceda838b4bf22be3ddeda83881992b718641393a1b8bebe15136a05a59920"
"tests/Architecture/Phase46DiscoveryArchitectureTest.php","A ","EXPECTED_TEST_ARTIFACT","1905","cd35e812b06834c8aea1dc70985cdde52a034f29ad28d8a8b239d73c21c0444a"
"tests/Architecture/Phase47DiscoveryArchitectureTest.php","A ","EXPECTED_TEST_ARTIFACT","2067","ea905fe3faeb98e6a2a532fd88399e69237464e3776d4d0b60e4da6f25f6efe5"
"tests/Architecture/PlaceLifecycleAtomicEventIntegrationArchitectureTest.php","A ","EXPECTED_TEST_ARTIFACT","3083","f589dbaacb1451dbb1cb67a9c830996a352f8abcd7b47c994ded694ea225962a"
"tests/Architecture/PlaceLifecycleEventContractArchitectureTest.php","A ","EXPECTED_TEST_ARTIFACT","1848","2c5b5a78fe688532d1c0b096e615e19d8018fafe31d228fc41d63cd9bfc2b797"
"tests/Architecture/PlaceLifecycleEventRoutingArchitectureTest.php","A ","EXPECTED_TEST_ARTIFACT","1947","18f6d9d220b7c3a1cca394604fa655d75decb5fa7a5cd28ee8f0e86b3ab8a744"
"tests/Architecture/PlaceLifecycleEventTransportArchitectureTest.php","A ","EXPECTED_TEST_ARTIFACT","1429","63b555173a80a0c9b8df30214ee58d71e972276f740ab09dce8afd90ce07b05b"
"tests/Architecture/PlaceLifecycleGenericDeliveryAmendmentArchitectureTest.php","A ","EXPECTED_TEST_ARTIFACT","951","3fedbeaa9efbd80cb6851b6ba17988b0c36afa5d12e3b4af085bdffb19953686"
"tests/Architecture/PlaceLifecycleGenericDeliveryOutputAmendmentArchitectureTest.php","A ","EXPECTED_TEST_ARTIFACT","2206","94be4a7c7556b4c896784b1bb8d0f6c3d69017b47312e67abcf875dfaea31860"
"tests/Architecture/PlaceLifecycleGenericDeliveryOutputBlockerArchitectureTest.php","A ","EXPECTED_TEST_ARTIFACT","2028","355430f1124699f1b660301c5f3ba258b9e22195119b0041f6e03aa67ce5f1b0"
"tests/Architecture/PlaceLifecycleHttpRuntimeArchitectureTest.php","A ","EXPECTED_TEST_ARTIFACT","3253","957a7b0ee4a6875b943a0b0f838ca1342cf424bf030fc4c52177da6257f1474d"
"tests/Architecture/PlaceLifecycleOutboxCompatibilityArchitectureTest.php","A ","EXPECTED_TEST_ARTIFACT","2672","53de08f23d3181896eedc75fa33eabb27c5f4adf25331fcd1b65aa8423a1128a"
"tests/Architecture/PlaceLifecycleOutboxCompatibilityBlockerArchitectureTest.php","A ","EXPECTED_TEST_ARTIFACT","1507","d698cabfaf83f891316c3d3b27d485c04587772c3a536bd67b6357d4d5c57d90"
"tests/Architecture/PlaceLifecycleOutboxOwnerResolutionArchitectureTest.php","A ","EXPECTED_TEST_ARTIFACT","1281","bbbec8513af6aae90ef7e5fe22e0914082bbb8e095c09f5105d5e0226e866d83"
"tests/Architecture/PlaceLifecyclePersistenceArchitectureTest.php","A ","EXPECTED_TEST_ARTIFACT","2707","2bebfeef3453107c588ddcf122cf7072dd8499a7c0cea0a4e4c1d4d9042e6219"
"tests/Architecture/PlaceLifecycleRuntimeCompositionArchitectureTest.php","A ","EXPECTED_TEST_ARTIFACT","4071","7d9f25d574322f99c6d98ffd74aaa82da4d766c6dc9a7657932a134eb69ae8ef"
"tests/Architecture/PlaceLifecycleRuntimeOrchestrationArchitectureTest.php","A ","EXPECTED_TEST_ARTIFACT","2398","a98aca4dece7dafadfa7edf61a93a0c30997ff2ec78fe888022a3fc4af1ee405"
"tests/Architecture/PlaceLifecycleWorkflowArchitectureTest.php","A ","EXPECTED_TEST_ARTIFACT","2544","aa0b7a4bdfe5741c223958276976bbcaeb6b1007e87596d33b6aa0a04e506604"
"tests/Architecture/PlaceMergeContextArchitectureTest.php","A ","EXPECTED_TEST_ARTIFACT","2345","8ad6fdf83caa3842c8c9c8f164e5a6c95e13a82c42efa61557f9b47daa57dbe2"
"tests/Architecture/PostgreSqlPublicProjectionOutboxArchitectureTest.php","A ","EXPECTED_TEST_ARTIFACT","3975","8afd9296520e4b24bbbd370a4dbc316eed835cdc70466fe80c0d422b8bb22842"
"tests/Architecture/PostgreSqlPublicProjectionStoreArchitectureTest.php","A ","EXPECTED_TEST_ARTIFACT","1500","ff98ef655f95cb3ae688830b812f6ced1a34265971d9167f187bb0f60cf4f5df"
"tests/Architecture/ProfessionalMandateOwnerSourceArchitectureTest.php","A ","EXPECTED_TEST_ARTIFACT","2744","d4c0ace8f21ee23d2c658e9aa44c6903834b4a1f293e7dac270f256e671d5d08"
"tests/Architecture/ProfessionalMandatePublicResolutionBoundaryArchitectureTest.php","A ","EXPECTED_TEST_ARTIFACT","1818","33b9707258cff184cfc070ec0ac67e580b34da75935cc430a02c0f89e9502f74"
"tests/Architecture/ProfessionalOwnerReadRuntimeBindingsArchitectureTest.php","A ","EXPECTED_TEST_ARTIFACT","2095","ee888b90e8461a9b5034d2c55474558ab2d23549891db978e7a24eb7a88b5539"
"tests/Architecture/ProfessionalProfileHttpFoundationArchitectureTest.php","A ","EXPECTED_TEST_ARTIFACT","3277","553be1e266e7ce081286db316da42ad852f84f1cd66ea7b481dfbeac0b781359"
"tests/Architecture/ProfessionalProfilePersistenceArchitectureTest.php","A ","EXPECTED_TEST_ARTIFACT","1570","310da68fc0dee5a8583081e294097f9217dbaeb4b65887b48f526ed494044520"
"tests/Architecture/ProfessionalProfileRuntimeArchitectureTest.php","A ","EXPECTED_TEST_ARTIFACT","2544","c571a5d6793ecef2591077c7e6bf4dd40c3e28af1c2dd3fafcc74502d14483c3"
"tests/Architecture/ProfessionalStatusAtomicEventIntegrationArchitectureTest.php","A ","EXPECTED_TEST_ARTIFACT","2048","b6d32017447df769a59846443fdd6bf21b6339011f62dec543b2f45e61d27812"
"tests/Architecture/ProfessionalStatusContextualPersistenceArchitectureTest.php","A ","EXPECTED_TEST_ARTIFACT","1704","65b6cfd6190288ce4ee72140b1e26a966da7f1d85077c3a3362a3e5272a07bfe"
"tests/Architecture/ProfessionalStatusDeliveryConsumptionRuntimeArchitectureTest.php","A ","EXPECTED_TEST_ARTIFACT","2422","09aac78862c6d3bd92a230b9bca60f5413772d7608d96aa5b97bb2729fd4e487"
"tests/Architecture/ProfessionalStatusEventContractArchitectureTest.php","A ","EXPECTED_TEST_ARTIFACT","1394","df973a3eaa71656cb26701ff18a891c54816980ca26878b613515d8a88fb958c"
"tests/Architecture/ProfessionalStatusEventRoutingArchitectureTest.php","A ","EXPECTED_TEST_ARTIFACT","1746","d4ba6fa03f9b33a76f4b89c4b95d033f78685fd63fd4880e51dd493cbfd95a0b"
"tests/Architecture/ProfessionalStatusEventTransportArchitectureTest.php","A ","EXPECTED_TEST_ARTIFACT","1326","aa48263f19bec24685351c11632e5109b20598af83316e2d73c27d54c0a34153"
"tests/Architecture/ProfessionalStatusHttpRuntimeArchitectureTest.php","A ","EXPECTED_TEST_ARTIFACT","2482","1404de0339d2622eb2433fd07ac80d9afe0acfb017b70264fa990630c30f2927"
"tests/Architecture/ProfessionalStatusOrchestrationArchitectureTest.php","A ","EXPECTED_TEST_ARTIFACT","2144","b3d4a131adc7ab4929b9af263781a3a14113b033acf2f80fdb9e7edd33793bf3"
"tests/Architecture/ProfessionalStatusOutboxCompatibilityArchitectureTest.php","A ","EXPECTED_TEST_ARTIFACT","2879","e7ad18afcbdf0c89e1970e67d2b9f7a65f2e0954804bb861c2814839fc9f6541"
"tests/Architecture/ProfessionalStatusOutboxOwnerSchemaArchitectureTest.php","A ","EXPECTED_TEST_ARTIFACT","2572","c99186a07e3cde9c7a6467dc610e5b8599b3a15a8aac006051997b21d686063b"
"tests/Architecture/ProfessionalStatusPersistenceArchitectureTest.php","A ","EXPECTED_TEST_ARTIFACT","2039","c08999c7849593d4c82f4f5fa706dab9208f137f10f9ad1413e8177dc532c0a4"
"tests/Architecture/ProfessionalStatusPublicReadBoundaryArchitectureTest.php","A ","EXPECTED_TEST_ARTIFACT","1900","599e36a42f341a8557212e3737b67d2ac73806f23f6bb3a6458a062931a62ef3"
"tests/Architecture/ProfessionalStatusReplayPolicyAmendmentArchitectureTest.php","A ","EXPECTED_TEST_ARTIFACT","1557","222dc850f8eafbff4d879b274670b122cb1c6bcdb4404ebbf5773f110786aaff"
"tests/Architecture/ProfessionalStatusRuntimeCompositionArchitectureTest.php","A ","EXPECTED_TEST_ARTIFACT","3291","ae3b0692b467d72e60b876e09484a9ca88cfb022b41620972d0fded44d5b72cd"
"tests/Architecture/ProfessionalStatusTransitionContextArchitectureTest.php","A ","EXPECTED_TEST_ARTIFACT","2158","93e5645bf0c313136adf604ed55ae98e86978caff56940f5ed9572be7c240d47"
"tests/Architecture/ProfessionalStatusWorkflowArchitectureTest.php","A ","EXPECTED_TEST_ARTIFACT","2478","cd65148af9474107daa7bfa39e632a2fcb7611e5296ae0bf8c68699f69655f8b"
"tests/Architecture/ProfileClaimsSeedCutoverArchitectureTest.php","A ","EXPECTED_TEST_ARTIFACT","2314","95d95aa5cbdf2db4c34d96f865a2d4daad21e2ad079def95fb26e145b3e25e16"
"tests/Architecture/ProjectionRebuildRuntimeSourceArchitectureTest.php","A ","EXPECTED_TEST_ARTIFACT","2207","64bd64221da8e776e335aba4d3cd429db967a16b0b0d1c26c1b9333b8f0e960b"
"tests/Architecture/ProjectionRuntimeSourceArchitectureTest.php","A ","EXPECTED_TEST_ARTIFACT","2048","b8436695976a387b40636d27cf05f07a61560efd17a33fe302bc8fc73eaacf13"
"tests/Architecture/PropertyLifecycleEventContractArchitectureTest.php","A ","EXPECTED_TEST_ARTIFACT","2694","c2fbbbe394819a3df2c10de78c0dd97a7a788ee8c07da0432269bbc2b6202699"
"tests/Architecture/PropertyLifecycleEventIntegrationArchitectureTest.php","A ","EXPECTED_TEST_ARTIFACT","3733","edc6136c7f899090104fd93ec7d9b6e10f194217311d9b1447b22d70c9713690"
"tests/Architecture/PropertyLifecycleEventRoutingArchitectureTest.php","A ","EXPECTED_TEST_ARTIFACT","3273","6c52c848249bd7435bc150e9586fb21b3807ed3965f676d0136c4bdfebc04b1f"
"tests/Architecture/PropertyLifecycleEventTransportArchitectureTest.php","A ","EXPECTED_TEST_ARTIFACT","2954","e0f1698b248a1eca7fd2c0399726a5041f3df370034e0572c8381b100a0cd9a8"
"tests/Architecture/PropertyLifecycleHttpRuntimeArchitectureTest.php","A ","EXPECTED_TEST_ARTIFACT","2386","fb7921e7c7be275388db7094bfec9475026fffb51a53484f26ed73c7683b7ace"
"tests/Architecture/PropertyLifecycleOutboxCompatibilityArchitectureTest.php","A ","EXPECTED_TEST_ARTIFACT","3474","04cc19bfaecc512254752cf7c30b9e5bb27102ce48bcd98b66fd29c6d35bda2f"
"tests/Architecture/PropertyLifecyclePostgreSqlArchitectureTest.php","A ","EXPECTED_TEST_ARTIFACT","3523","af78d1c796e6244dfaf38222690a54276f7ec66f94c04e68b5c38efc34e2a5f5"
"tests/Architecture/PropertyLifecycleRuntimeCompositionArchitectureTest.php","A ","EXPECTED_TEST_ARTIFACT","3041","a642539b79bd63e53dea4c05830a14717282c1bd3d7556ee68ad286b88949ca1"
"tests/Architecture/PropertyLifecycleRuntimeOrchestrationArchitectureTest.php","A ","EXPECTED_TEST_ARTIFACT","2780","23c48d972a4e7faf3cd6abbd03686c6a13ed0a38f4900c4570e9c1a0d519e6df"
"tests/Architecture/PropertyLifecycleWorkflowArchitectureTest.php","A ","EXPECTED_TEST_ARTIFACT","2834","ce0a4687a46389c91abf7a2df87913b42bebd9b3d1fc2fff7cbcccf33340eb76"
"tests/Architecture/PropertyListingAuthoringHttpArchitectureTest.php","A ","EXPECTED_TEST_ARTIFACT","2489","6fc339daa1359bb94a76422a01241d45ea92e354112ab5acd9a83fbf20545039"
"tests/Architecture/PropertyListingAuthoringOperationsArchitectureTest.php","A ","EXPECTED_TEST_ARTIFACT","2512","2387406fa75d0f94e39e3c762c77840365c184cc1b330328c34b453e78a4f9b8"
"tests/Architecture/PropertyListingAuthoringPersistenceArchitectureTest.php","A ","EXPECTED_TEST_ARTIFACT","2105","9ece5321540591948852c783d998ea79235f089812ea0eea2fa34ff5e1c45b80"
"tests/Architecture/PropertyListingAuthoringRuntimeArchitectureTest.php","A ","EXPECTED_TEST_ARTIFACT","2251","6bd2e1de9d353943d16cd9bb668a7c3d4e5a6fd07202e6f54e1d3880d1d9f4d5"
"tests/Architecture/PropertyListingResolutionArchitectureTest.php","A ","EXPECTED_TEST_ARTIFACT","1592","bc52a228fbc6dd1f13cb5282764a7143783ce195152dcc9f70071b93a1dc1fb9"
"tests/Architecture/PublicAuthoringIntegrationArchitectureTest.php","A ","EXPECTED_TEST_ARTIFACT","3192","c5be2778bcca6c447fded91eea0b1a937d76f3646c13688ff35df9597eb4c701"
"tests/Architecture/PublicGeographyDurableSourceArchitectureTest.php","A ","EXPECTED_TEST_ARTIFACT","946","9e6b4eba0b7e2120c9de17e5f11d2a3ad8599e303dd97ba0e29727588a85afee"
"tests/Architecture/PublicGeographyRevisionArchitectureTest.php","A ","EXPECTED_TEST_ARTIFACT","1813","356bfe2f531a15a13ece45b6fbcb475599c3c47772e5b02597c886010bc9c205"
"tests/Architecture/PublicListingReadModelArchitectureTest.php","A ","EXPECTED_TEST_ARTIFACT","3108","ce8ac835d1961658b279ffe610c68a37d956f744698ec9f910ebfa85ff0dfd45"
"tests/Architecture/PublicMediaDurableSourceArchitectureTest.php","A ","EXPECTED_TEST_ARTIFACT","985","4dc979a5692766b33065141937fe3e12c543c0513021e57790573d549364ce3d"
"tests/Architecture/PublicMediaRevisionArchitectureTest.php","A ","EXPECTED_TEST_ARTIFACT","1805","2ada6906363067236dd7bc9e67a3f750f76648b2c1c2f8b6c3bdb96efd5f5d77"
"tests/Architecture/PublicProjectionDeliveryContractArchitectureTest.php","A ","EXPECTED_TEST_ARTIFACT","4460","ae34a45ecedee18fd96d6ade785d99d8c7bfc07b713a6e7931979c38728fd444"
"tests/Architecture/PublicProjectionEndToEndRuntimeCertificationArchitectureTest.php","A ","EXPECTED_TEST_ARTIFACT","1147","e51ad4af7cad3d42a32cc533e403ecf47f1c90c792e6ac904d49c3a03ffa05c7"
"tests/Architecture/PublicProjectionOutboxContractArchitectureTest.php","A ","EXPECTED_TEST_ARTIFACT","3534","952fc6ee55cba7127bb874c8444bf135cd5ab88f1034ad2386af5b12ad6e2d20"
"tests/Architecture/PublicProjectionRebuildArchitectureTest.php","A ","EXPECTED_TEST_ARTIFACT","1519","7993b8ccf58fad551a7d0dabea870929962102a1eb48a67dd6c38c22341cf390"
"tests/Architecture/PublicProjectionReconciliationArchitectureTest.php","A ","EXPECTED_TEST_ARTIFACT","1568","b4859f71e1eb6f6348160dd1e5d1f9ea1361dab5a3e3e4e361ace3d1e13fe6d5"
"tests/Architecture/PublicProjectionRetryArchitectureTest.php","A ","EXPECTED_TEST_ARTIFACT","1416","3acf2ffd1c8a823ac12e964db460cabd929a021568fe950af4ea00e0d85afe9c"
"tests/Architecture/PublicProjectionRuntimeBindingArchitectureTest.php","A ","EXPECTED_TEST_ARTIFACT","1705","6cc05a05ff53aa42f73b6ba1c038bc05ecf43f7c5c617cea1c21bd9ec9aebb53"
"tests/Architecture/PublicProjectionSourceLookupArchitectureTest.php","A ","EXPECTED_TEST_ARTIFACT","1564","e8fe88a6570a6676fab9bb3637bf04dca71d8b2afb122557253eb300d8f02e38"
"tests/Architecture/PublicProjectionStoreContractArchitectureTest.php","A ","EXPECTED_TEST_ARTIFACT","4716","40644f980e1375a98914ee70e0a92de071a57c172f73e110ec011610da119fc8"
"tests/Architecture/PublicProjectionUpdaterArchitectureTest.php","A ","EXPECTED_TEST_ARTIFACT","2915","8be2f791c3006835ca7a3f5be1d4c9dd9c898425bf60d524a71897c15d5d23cc"
"tests/Architecture/PublicProjectionUpdaterIntegrationArchitectureTest.php","A ","EXPECTED_TEST_ARTIFACT","1484","e714153879a8242c3a1bd3dece2b4e5f476968f302ec5cf7fd4492e964f7fd3f"
"tests/Architecture/PublicProjectionWorkerArchitectureTest.php","A ","EXPECTED_TEST_ARTIFACT","1494","4f80fd1fbcc58541597b3790142580e2dd6d16038da7fc1183fff04f960b0fe1"
"tests/Architecture/PublicWebAdapterArchitectureTest.php","A ","EXPECTED_TEST_ARTIFACT","3517","2e81b4d056f8fb5d8fcac1b80e0c48a8d994198c6040d4a788b84863d0e44d89"
"tests/Architecture/PublicWebDeliveryContractArchitectureTest.php","A ","EXPECTED_TEST_ARTIFACT","2577","cda4a1c5d00658001dcf71324d0dfb193c820330e653414215cd246418b5dd85"
"tests/Architecture/ReservationLifecycleAtomicEventIntegrationArchitectureTest.php","A ","EXPECTED_TEST_ARTIFACT","2883","f7e212004c883ba0dad9c50470cdb138fa3a28d4d75f73a78271df6921e33e8c"
"tests/Architecture/ReservationLifecycleDeliveryConsumptionRuntimeArchitectureTest.php","A ","EXPECTED_TEST_ARTIFACT","4170","5842914c0c8e9f32f057aa4d173c112eb2a0348762f065bae2f2a15dbd93bf22"
"tests/Architecture/ReservationLifecycleEventContractArchitectureTest.php","A ","EXPECTED_TEST_ARTIFACT","3297","f74ece8604d093273c67725a146ab55eae39311feab1edb5268d979a16f978f7"
"tests/Architecture/ReservationLifecycleEventRoutingArchitectureTest.php","A ","EXPECTED_TEST_ARTIFACT","5225","55067b5ce6d05086faedfe5a63c81f84faf62bd51c834d84cc41e7957ea9fa5b"
"tests/Architecture/ReservationLifecycleEventTransportArchitectureTest.php","A ","EXPECTED_TEST_ARTIFACT","5126","e0e5f8db450530dcf833498b23b77fc934d4675cf39485756154f2b4565ed8af"
"tests/Architecture/ReservationLifecycleHttpRuntimeArchitectureTest.php","A ","EXPECTED_TEST_ARTIFACT","2373","a8e7ea9b0d3b8d82fde71a42d1e606b11d54da0be9f30209f7e9217fd3cfb61c"
"tests/Architecture/ReservationLifecycleOutboxCompatibilityArchitectureTest.php","A ","EXPECTED_TEST_ARTIFACT","2177","160cb31f8813a7bad87bd0d1f83b5b05bb51656dec192afee77ac7720f412988"
"tests/Architecture/ReservationLifecycleOutboxOwnerSchemaArchitectureTest.php","A ","EXPECTED_TEST_ARTIFACT","3410","c1855520eb08d3e6a40d709d35c0e51d4c96f7e41f544c860c4231392d23e8ea"
"tests/Architecture/ReservationLifecyclePostgreSqlArchitectureTest.php","A ","EXPECTED_TEST_ARTIFACT","3454","63ce71706831bcf6e2d217d5aeffa9f43e204c2cfc19791e3821011e60fa1c78"
"tests/Architecture/ReservationLifecycleRuntimeCompositionArchitectureTest.php","A ","EXPECTED_TEST_ARTIFACT","3088","17c84f98daf6b360eb26118b005ee655db699560c258be3b11fb8c2b2ee880a6"
"tests/Architecture/ReservationLifecycleRuntimeOrchestrationArchitectureTest.php","A ","EXPECTED_TEST_ARTIFACT","3471","dbdc64b64b5d2dd2e260234456a5285519d1549548ca051d8e7d52d3f09a5f37"
"tests/Architecture/ReservationLifecycleWorkflowArchitectureTest.php","A ","EXPECTED_TEST_ARTIFACT","3207","9fb8d4b9e06ffd0215b856a49dd79ed19db50444945d8ee7ecb0a676828830a2"
"tests/Architecture/RuntimeHealthFoundationArchitectureTest.php","A ","EXPECTED_TEST_ARTIFACT","1633","2ad926d413f40a24802fdbfb40f2ff0d919a7cc86ef5fd556d79d638efeef4a1"
"tests/Architecture/SearchDecisionReadArchitectureTest.php","A ","EXPECTED_TEST_ARTIFACT","2717","f3c1aea558f15be040c8f419a2a1af93cb670863620460999a357bb49be51a00"
"tests/Architecture/SeoListingProjectionArchitectureTest.php","A ","EXPECTED_TEST_ARTIFACT","3301","dea371aeaafdf35499d6bfee0abff43e2cd5bd590ff935e9760704074ceed25f"
"tests/Architecture/TransactionalRuntimeCompositionArchitectureTest.php","A ","EXPECTED_TEST_ARTIFACT","956","54da978a2e2944ea0ebb841591876d273f2cc36f3661cbe23914c1edc05d4eab"
"tests/Feature/AccountStatusAtomicEventIntegrationRuntimeTest.php","A ","EXPECTED_TEST_ARTIFACT","2037","6176092505ccd6698bd55ecdf550dd3d5fb7b251518bfa374e8096e6345f1633"
"tests/Feature/AccountStatusHttpRuntimeTest.php","A ","EXPECTED_TEST_ARTIFACT","8231","dcc8ad63a38f1d3e1e7f9c0cec76971d335dc29c88bb4337968696b6507f49df"
"tests/Feature/AccountStatusOutboxCompatibilityRuntimeTest.php","A ","EXPECTED_TEST_ARTIFACT","1867","d6bc72a68a794bafbdc3705a01634cb7170fc538aa81dbd654ed1ce26972d384"
"tests/Feature/AccountStatusRuntimeCompositionTest.php","A ","EXPECTED_TEST_ARTIFACT","4543","4386f3e0ad879eda24ccf60bca6658816c6cefeed1f5765e9b554b26744999fb"
"tests/Feature/AdministrationAuditPublicAppendRuntimeTest.php","A ","EXPECTED_TEST_ARTIFACT","1327","e93403bb82c2ea27cb6ff9f9721fe90c92c6fccb8c8179ce651d4090468d2c25"
"tests/Feature/AdministrativeActionLifecycleAtomicEventIntegrationRuntimeTest.php","A ","EXPECTED_TEST_ARTIFACT","2190","0f035e8aa2a7ecbdab5af6178c99bd39133c33561ad481197bf0949a8a0e73ec"
"tests/Feature/AdministrativeActionLifecycleEventRoutingRuntimeCompositionTest.php","A ","EXPECTED_TEST_ARTIFACT","3313","a2cc1919308c6e177d1abdcd1f48852289e2bb63de8f4ce1293e9ad1a1733266"
"tests/Feature/AdministrativeActionLifecycleHttpRuntimeTest.php","A ","EXPECTED_TEST_ARTIFACT","9474","d205ba9d3ca2c5d70e5830867fa85d18c37e1ec66bb93605d6905b55b8f51476"
"tests/Feature/AdministrativeActionLifecycleOrchestrationRuntimeTest.php","A ","EXPECTED_TEST_ARTIFACT","2959","d649603a35120918d3b421eccd351c3c0a308e0a79705f2807fd7442ea394ade"
"tests/Feature/AdministrativeActionLifecycleRuntimeCompositionTest.php","A ","EXPECTED_TEST_ARTIFACT","4326","b16209a8e99e91b51f0c718fc1f0853cb9601fb1f969a5f03e0c91ad78180cc8"
"tests/Feature/HistoricalAccountRuntimeCompositionTest.php","A ","EXPECTED_TEST_ARTIFACT","2196","ed4b0e4cceb4abd81513640e50be4a22ddb631869a94b2d14edccbe66a023839"
"tests/Feature/HistoricalRedirectEndToEndCertificationTest.php","A ","EXPECTED_TEST_ARTIFACT","10326","818108d6fda8d53f17b29a88ccf64cf7fc58a235dbf319bae1c2644019909ba5"
"tests/Feature/HistoricalRedirectHttpIntegrationTest.php","A ","EXPECTED_TEST_ARTIFACT","8487","94ddf5ef06892ad6d6faf846269320206a9fb0688113ac11eae95fad66fa9f14"
"tests/Feature/IdentityAccessEventOutboxRuntimeTest.php","A ","EXPECTED_TEST_ARTIFACT","1225","b8678ca6ef5ee0ec46105fcf64d72d3cac4cf4eb14ea82d9d3242452156b9064"
"tests/Feature/IdentityAccessHttpSecurityTest.php","A ","EXPECTED_TEST_ARTIFACT","7302","0abb1564694c9cf204e00e8c88ab70455cfdce257e68e6b7bf35135ad2cc49e2"
"tests/Feature/IdentityAccessRuntimeCompositionTest.php","A ","EXPECTED_TEST_ARTIFACT","2662","a6d5c87be872afd6cce040998256654af7db0825437f96cd96572e736f2b6195"
"tests/Feature/IdentityAccessRuntimeOrchestrationTest.php","A ","EXPECTED_TEST_ARTIFACT","1945","3a005535d35b41ec2f10eb124a6d36af93bbfe4e66a609884299f6c136aafac2"
"tests/Feature/LeadEligibilitySourceDataRuntimeTest.php","A ","EXPECTED_TEST_ARTIFACT","2623","c7cf245c8ab7f211b1b510bcf7b2dd660354574d0a2ecd56556d61f4b7375934"
"tests/Feature/LeadEligibilitySourceRuntimeTest.php","A ","EXPECTED_TEST_ARTIFACT","2802","0c7e1afd474847b902e857b6d1c0f2e22fac9fe31158e3ffa7cbb27362e29b65"
"tests/Feature/LeadLifecycleAtomicEventIntegrationRuntimeTest.php","A ","EXPECTED_TEST_ARTIFACT","2124","48022ab909c46047d751ca0bc8134037d93fccd1a8614a87cd833c58832f3a6e"
"tests/Feature/LeadLifecycleEventRoutingRuntimeCompositionTest.php","A ","EXPECTED_TEST_ARTIFACT","2852","6d87c2edf9d29385a91bf67c67b13233de2c5d56643cc756e7e2a07b6b3fb749"
"tests/Feature/LeadLifecycleHttpRuntimeTest.php","A ","EXPECTED_TEST_ARTIFACT","6992","7f478db1496c520c93e4325412b98e59c0398678da654bd78b49797c1dbcba52"
"tests/Feature/LeadLifecycleOrchestrationRuntimeTest.php","A ","EXPECTED_TEST_ARTIFACT","2070","a68a334dc783476b5828dfa39a0d704a27af14a73901003b2868b30c247f7159"
"tests/Feature/LeadLifecycleOutboxCompatibilityRuntimeTest.php","A ","EXPECTED_TEST_ARTIFACT","2197","fd33ddf91bd4c85fdd1b84bf6233c4ae3a557cc76f5a3c639f0292d37d3a64fb"
"tests/Feature/LeadLifecycleRuntimeCompositionTest.php","A ","EXPECTED_TEST_ARTIFACT","3021","36de913f12791338edfcd51aa2148a08e6939a3bd6e37ba13ad545cfbab29da6"
"tests/Feature/ListingModerationBoundaryRuntimeTest.php","A ","EXPECTED_TEST_ARTIFACT","1229","7bfc48eb25aa1c591da62ce075036c040f4d05f8a302ace7acc73aa026bc523f"
"tests/Feature/ListingPublicationEventRoutingRuntimeTest.php","A ","EXPECTED_TEST_ARTIFACT","4970","362bd1bfdde1ee22ba02932ed93a43828aeeb426fae0f8eaaa1dc05d2b999a6d"
"tests/Feature/ListingPublicationHttpRuntimeTest.php","A ","EXPECTED_TEST_ARTIFACT","6634","387028c8b0958feb06f618b21da918c622987ddae10802dc64b176b3f73e864e"
"tests/Feature/ListingPublicationRuntimeCompositionTest.php","A ","EXPECTED_TEST_ARTIFACT","3903","d3f5f81e717587eb602670e8a6bf397b0af99eace1c837a8d157979f0baf0319"
"tests/Feature/MediaIngestionEventDeliveryRuntimeTest.php","A ","EXPECTED_TEST_ARTIFACT","979","4f9ea5699e7a80f81c346a57757e39ae980aa6f976de3e57fb9fa8d24d92cf6f"
"tests/Feature/MediaIngestionEventOutboxRuntimeTest.php","A ","EXPECTED_TEST_ARTIFACT","1404","4c6077c4e8a2fdfa599156d37284891599ebe4813149f0bc96fc6a82672fa8f0"
"tests/Feature/MediaIngestionRuntimeCompositionTest.php","A ","EXPECTED_TEST_ARTIFACT","2739","a678395f2acccb0b4c23d2069d9bba904cba2790e6720eaeeabe5878129d0839"
"tests/Feature/MediaItemLifecycleAtomicEventIntegrationRuntimeTest.php","A ","EXPECTED_TEST_ARTIFACT","1968","6f834378daf0b54e4a7a46a7abed5ab5b2358bb50d3476f299512ed69e291e79"
"tests/Feature/MediaItemLifecycleEventRoutingRuntimeCompositionTest.php","A ","EXPECTED_TEST_ARTIFACT","2971","631f76142cd5c5747add56797eafaf01edc0b454dc871efa881675e4da9aa342"
"tests/Feature/MediaItemLifecycleHttpRuntimeTest.php","A ","EXPECTED_TEST_ARTIFACT","8726","9123587b470c2553c1ac96b267a1e94bfaf07e9d1fada8e5286aaedb6fb76f72"
"tests/Feature/MediaItemLifecycleOrchestrationRuntimeTest.php","A ","EXPECTED_TEST_ARTIFACT","3012","8827a00f507c18f1984f89220a1f59ded09b6c0eb74f9274fe711d43a6001896"
"tests/Feature/MediaItemLifecycleOutboxCompatibilityRuntimeTest.php","A ","EXPECTED_TEST_ARTIFACT","2515","59a1afbf4832a250338ba73060da494c256a468a8bb07cf66fbabc7282c6201d"
"tests/Feature/MediaItemLifecycleRuntimeCompositionTest.php","A ","EXPECTED_TEST_ARTIFACT","2918","594a590774c29dc1fb5574746dab41beab7a99e8ee9dc5688d37be4529b5a03e"
"tests/Feature/ModerationHttpMutationAdaptationTest.php","A ","EXPECTED_TEST_ARTIFACT","5125","a5b52d73b52f60fa05e27f00ccd24be96429a242a13f72f9a64c006ab69a39d5"
"tests/Feature/ModerationHttpReadBoundariesRuntimeTest.php","A ","EXPECTED_TEST_ARTIFACT","1924","cfdfa20ca81f2667a7dda7891e1fd0337149b31cd5c94597fd473ead6d0a082f"
"tests/Feature/ModerationHttpRuntimeCompositionTest.php","A ","EXPECTED_TEST_ARTIFACT","670","b2b83d86a1a337587a6a6d010888eab0899b9116875d1ba07cb901656c8ec729"
"tests/Feature/ModerationHttpSecurityTest.php","A ","EXPECTED_TEST_ARTIFACT","4772","4a63bc4a690c760366c33f88bfd55aa8dcfe5b82e6114d98df1ea479bbbc2a46"
"tests/Feature/ModerationListingHandoffRuntimeTest.php","A ","EXPECTED_TEST_ARTIFACT","1110","9c8300e9bbc98b7984351cf1a1771393999202d93c56209cf5419f122577418b"
"tests/Feature/ModerationOperationalAuditRuntimeTest.php","A ","EXPECTED_TEST_ARTIFACT","1814","9f212297de0e8cad307a0529af574fbcce2124f84f51342ef6d3212e85b68781"
"tests/Feature/ModerationOrchestrationCompositionTest.php","A ","EXPECTED_TEST_ARTIFACT","824","70b4b75eabd025634a0fc3581ef80cf5cc8ecc9559be39f77201cbc1143b2693"
"tests/Feature/ModerationReportOwnerReadSourceRuntimeTest.php","A ","EXPECTED_TEST_ARTIFACT","842","851a682a40665845f84bd0e45e85735d6e3dff6f853bf8a89c5a129fa99bc77b"
"tests/Feature/ModerationRuntimeCompositionTest.php","A ","EXPECTED_TEST_ARTIFACT","2556","f34539982ee535187ae5b2120d89b8d11d0a6c670d47539b64a2c2b06c654291"
"tests/Feature/PlaceLifecycleAtomicEventIntegrationRuntimeTest.php","A ","EXPECTED_TEST_ARTIFACT","1397","9c330f65e7578d7b8d0fe7a1f30ad6fe3ed4c64bf466ad7a8c2b7a2c3b0fee35"
"tests/Feature/PlaceLifecycleHttpRuntimeTest.php","A ","EXPECTED_TEST_ARTIFACT","5443","3e687b9d325266d19538d5fcf1bfd17651bf402fb52fcb2f4ae3c6f7aff66eea"
"tests/Feature/PlaceLifecycleOutboxCompatibilityRuntimeTest.php","A ","EXPECTED_TEST_ARTIFACT","2585","f3a4a7c8c2d8ba6c531a7f2a9cea86287a147a4c908773a12ce5c2cd3506a1d7"
"tests/Feature/PlaceLifecycleRuntimeCompositionTest.php","A ","EXPECTED_TEST_ARTIFACT","3508","ad8eddaee27832ce8ae2e1a8a2188a42ce0b1c2ae7cab738b1adef27ab9339ca"
"tests/Feature/ProfessionalOwnerReadRuntimeBindingsTest.php","A ","EXPECTED_TEST_ARTIFACT","2198","e830987131ba083f0b83451c4f15341e8871d51bc236524af7c07f44794b8c03"
"tests/Feature/ProfessionalProfileHttpFoundationTest.php","A ","EXPECTED_TEST_ARTIFACT","5045","b64ca207785d1394e68b69202d2b1f5d52c08c1c74c6bca81b48498b68682ba9"
"tests/Feature/ProfessionalProfileHttpRuntimeTest.php","A ","EXPECTED_TEST_ARTIFACT","1979","a8390189940f586dce400197dce26893f680ee748d16eecb963f39122d6644b3"
"tests/Feature/ProfessionalProfileRuntimeCompositionTest.php","A ","EXPECTED_TEST_ARTIFACT","2395","05aa8536adcd8e5a2840257acd57390e804ba15cbc139b52fa41e899d642a92f"
"tests/Feature/ProfessionalStatusAtomicEventIntegrationRuntimeTest.php","A ","EXPECTED_TEST_ARTIFACT","1961","e1f8f52c960063f40669383e62280909f8a5b0ce45c7d405b7f0d7154bf1be10"
"tests/Feature/ProfessionalStatusEventRoutingRuntimeCompositionTest.php","A ","EXPECTED_TEST_ARTIFACT","2963","b62a829f8783016e88d7e8372c4a3c6b961518661af28f455e5cb7b4e082dc57"
"tests/Feature/ProfessionalStatusHttpRuntimeTest.php","A ","EXPECTED_TEST_ARTIFACT","6813","5e6d5acf848982805cdebeab170562936fdda856a298e37fbb58dc95d0c41158"
"tests/Feature/ProfessionalStatusOrchestrationRuntimeTest.php","A ","EXPECTED_TEST_ARTIFACT","2998","7cf87f6fe99ae1895cff2d34e8c02d3591da7ddfa961d9d833e546a85aa83e22"
"tests/Feature/ProfessionalStatusOutboxCompatibilityRuntimeTest.php","A ","EXPECTED_TEST_ARTIFACT","2233","e92b42a3ac9b227cd53f49c36336abae923fa640c6c8294000d14aa4eb80eb98"
"tests/Feature/ProfessionalStatusRuntimeCompositionTest.php","A ","EXPECTED_TEST_ARTIFACT","3201","beb1a3f913dde13465e1f6d83cbb6f28a63016475b59ab2ecfee72f511324133"
"tests/Feature/PropertyLifecycleEventIntegrationRuntimeTest.php","A ","EXPECTED_TEST_ARTIFACT","2349","6f2d4d1c2335152a757771b9af3c0f8bd143ec82ffd4f898ecea9fa72052f6b0"
"tests/Feature/PropertyLifecycleEventRoutingRuntimeTest.php","A ","EXPECTED_TEST_ARTIFACT","2779","623e2087dd83b5fd9c6a9e286bcefa42eda1708c1d26f5f02cf21f24730e71e1"
"tests/Feature/PropertyLifecycleHttpRuntimeTest.php","A ","EXPECTED_TEST_ARTIFACT","8812","24c99799ba1a521ff549f1828b8c21417e07231d4d7b914b1101e66afb91e1cb"
"tests/Feature/PropertyLifecycleOutboxCompatibilityRuntimeTest.php","A ","EXPECTED_TEST_ARTIFACT","1940","8fbdac449974c9d952be96a913bf0d6d7671a011179b0305b5636f5757e7ce21"
"tests/Feature/PropertyLifecycleRuntimeCompositionTest.php","A ","EXPECTED_TEST_ARTIFACT","4044","32680234e822ca34019fa1f740db952365c1b81b144445f97758a7ea7072c3aa"
"tests/Feature/PropertyListingAuthoringHttpSecurityTest.php","A ","EXPECTED_TEST_ARTIFACT","4864","b0907747418ec749eda69b982785ac712fcc74e73c87effab6c649b56cc7de41"
"tests/Feature/PropertyListingAuthoringOperationsRuntimeTest.php","A ","EXPECTED_TEST_ARTIFACT","2260","bc460e7d6e57a4a613b95c531b90a54a4af2794aec24eb6d58b03f3538394383"
"tests/Feature/PropertyListingAuthoringRuntimeCompositionTest.php","A ","EXPECTED_TEST_ARTIFACT","3294","5e760282dc65aa2cbefb2d38191f3367e35b14087ddd6c73d71d803087e41830"
"tests/Feature/PublicAuthoringIntegrationSecurityTest.php","A ","EXPECTED_TEST_ARTIFACT","4764","906a7030f52cac2380e2199bf3d91c03c57eef6f4a88bcf81800877e05ec983b"
"tests/Feature/PublicProjectionEndToEndRuntimeCertificationTest.php","A ","EXPECTED_TEST_ARTIFACT","20593","389dad782809bc5161b37303828b8a2efcb001c3baa3192428e5af9719bc01de"
"tests/Feature/PublicProjectionHttpRuntimeCertificationTest.php","A ","EXPECTED_TEST_ARTIFACT","7523","52f5d9f7de1d10ef0af02d33b68eb56ac1444af65ae98fc4038e9efaea275d76"
"tests/Feature/PublicProjectionRuntimeBindingTest.php","A ","EXPECTED_TEST_ARTIFACT","11936","a943ac8ba1c6f0bb92cb4a9913f9f03bfe2210748e9a9f15d3dda162266b3bdf"
"tests/Feature/PublicWebAdapterTest.php","A ","EXPECTED_TEST_ARTIFACT","3890","e3786028b37bd4759d9e5b5a932cbd4f502b25b20e1f545e63fff18f29486fec"
"tests/Feature/ReservationLifecycleAtomicEventIntegrationRuntimeTest.php","A ","EXPECTED_TEST_ARTIFACT","2224","b20b78927d8b02ef3de3e846ab95066b46e2b3fef36075adc3ca7a18a5413c86"
"tests/Feature/ReservationLifecycleEventRoutingRuntimeCompositionTest.php","A ","EXPECTED_TEST_ARTIFACT","2925","02bda8ae80ba9b6a383c073208bdfa12a266457f741df7f331ac7968fc4e62d0"
"tests/Feature/ReservationLifecycleHttpRuntimeTest.php","A ","EXPECTED_TEST_ARTIFACT","11384","a52371a71bb09ae35f036f21daa8cb09f294d71a34deb5932cfd14a1b05c5e2b"
"tests/Feature/ReservationLifecycleOutboxCompatibilityRuntimeTest.php","A ","EXPECTED_TEST_ARTIFACT","2278","2f69d690c72bf27043bc09baf7aed216d1d5a1c1b20a1483d852685fef9c794c"
"tests/Feature/ReservationLifecycleRuntimeCompositionTest.php","A ","EXPECTED_TEST_ARTIFACT","2823","131d16bccfe9037bc4d6af0d343f8e4ba03139155a81a975688c7b41f36dd486"
"tests/Feature/ReservationLifecycleRuntimeOrchestrationTest.php","A ","EXPECTED_TEST_ARTIFACT","2387","4a791fe9b1c47de41ec344e65791c3748e254341dbd6a3a1898308cfa9066722"
"tests/Foundation/FoundationBootTest.php","  ","EXPECTED_TEST_ARTIFACT","452","4c181fdd892e2d12b955da84ffd517908b606876061515301204fb4abb4bb505"
"tests/PostgreSQL/AccountStatusPersistence/bootstrap-concurrency-worker.php","A ","EXPECTED_TEST_ARTIFACT","1505","f4b6078a3e667a09f30f664e8b64ecf30baebc01cb1d7277c430b501a37c1cab"
"tests/PostgreSQL/AccountStatusPersistence/PostgreSqlAccountStatusAtomicEventIntegrationTest.php","A ","EXPECTED_TEST_ARTIFACT","9425","d13e4fae0a27c8386260a1cb40187e1ca8ce7f507eed511c1b52768353cbb40f"
"tests/PostgreSQL/AccountStatusPersistence/PostgreSqlAccountStatusHistoricalAccountCompatibilityTest.php","A ","EXPECTED_TEST_ARTIFACT","4194","7b744457f983c2490d298e26664d2fd37d3216834e08d051dc122695c77a8a5e"
"tests/PostgreSQL/AccountStatusPersistence/PostgreSqlAccountStatusOrchestratorTest.php","A ","EXPECTED_TEST_ARTIFACT","6153","b2bf54fa1eacad09a2702054bf346cc5ec2f2f71bb5869bc43885943c302be98"
"tests/PostgreSQL/AccountStatusPersistence/PostgreSqlAccountStatusWorkflowStoreTest.php","A ","EXPECTED_TEST_ARTIFACT","12568","98608fd8723b41ad5b0334cc9effde48435e967ef02ba0ca490057b12c22cd6d"
"tests/PostgreSQL/ActiveGenerationReader/concurrency-reader.php","A ","EXPECTED_TEST_ARTIFACT","713","b61db0af181b1b9b0be6ff59571dcd8880ef638d6e77e0365650700f35b86949"
"tests/PostgreSQL/ActiveGenerationReader/PostgreSqlActiveGenerationReaderTest.php","A ","EXPECTED_TEST_ARTIFACT","7028","91b6fc1f7775d4c30054b5c89b2ffc84006131ded1c2d527d90672e6e779f734"
"tests/PostgreSQL/AdministrationAudit/concurrency-worker.php","A ","EXPECTED_TEST_ARTIFACT","1585","5fb571565b706fd3d2360898d4d6bf7d99aa995b0c51b02a2e93a0ed9d83a668"
"tests/PostgreSQL/AdministrationAudit/FailBeforeCommitAdministrativeActionTransaction.php","A ","EXPECTED_TEST_ARTIFACT","1168","882313f089a7c9ccf7ddef8c3f5f3ac033c5e05e280932e4bc26a175f61283d2"
"tests/PostgreSQL/AdministrationAudit/PostgreSqlAdministrativeActionConcurrencyTest.php","A ","EXPECTED_TEST_ARTIFACT","4056","bf30904d4c44be71b8d3ef1ebc868233dc0fd8436d2f180f32569e0e8b5c9acb"
"tests/PostgreSQL/AdministrationAudit/PostgreSqlAdministrativeActionRegistryContractTest.php","A ","EXPECTED_TEST_ARTIFACT","488","4585c2236695ab562ec20341b0645979c2ed0e4cef847fed867d4bb5d1e3d1a6"
"tests/PostgreSQL/AdministrationAudit/PostgreSqlAdministrativeActionRegistryHarness.php","A ","EXPECTED_TEST_ARTIFACT","1605","8861213dfd65af5ba36ebac2ee7fe1be0d9883456243a32e67c7fefb131d23cd"
"tests/PostgreSQL/AdministrationAudit/PostgreSqlAdministrativeActionRepositoryIntegrationTest.php","A ","EXPECTED_TEST_ARTIFACT","5257","7c00931fab13e35c17c149615cef0261296131c06d93679d7ca7fd6f79542d91"
"tests/PostgreSQL/AdministrationAuditPublicAppend/concurrency-worker.php","A ","EXPECTED_TEST_ARTIFACT","1071","222ef70516d858a3feea376acd6b13ff0ee313d6452f1eacfcae5508e876b612"
"tests/PostgreSQL/AdministrationAuditPublicAppend/PostgreSqlAdministrationAuditPublicAppendTest.php","A ","EXPECTED_TEST_ARTIFACT","5937","92e2e4e3d80c6b04783873e94f462eebbb1eef5eed30782769e878d85b74bea6"
"tests/PostgreSQL/AdministrativeActionLifecycleContext/concurrency-worker.php","A ","EXPECTED_TEST_ARTIFACT","4322","18c2896a753615ada11e76553f83cb0e74c0f2222a9a5fb1118d69fd48df5e1c"
"tests/PostgreSQL/AdministrativeActionLifecycleContext/PostgreSqlAdministrativeActionContextualTransitionStoreTest.php","A ","EXPECTED_TEST_ARTIFACT","11124","dfa9e20d88ef665130180f69544fc1c204eb4c9f66977e4b1ae8d6ea8b1bca33"
"tests/PostgreSQL/AdministrativeActionLifecycleEventIntegration/atomic-concurrency-worker.php","A ","EXPECTED_TEST_ARTIFACT","5731","a140e8e721415e3c57d9a5abefd0bce43a30369538ca64bac988847acc6796ee"
"tests/PostgreSQL/AdministrativeActionLifecycleEventIntegration/PostgreSqlAdministrativeActionLifecycleAtomicEventIntegrationTest.php","A ","EXPECTED_TEST_ARTIFACT","21634","ae182b1fa3de377748ecf9e1bca68c0d9213f412d5ad6e4602491c7347fb1ef9"
"tests/PostgreSQL/AdministrativeActionLifecycleEventRouting/concurrency-worker.php","A ","EXPECTED_TEST_ARTIFACT","3671","c5dd98ace3e6da0c4f59c3e686a229c38c13d1a70ca3f4691bd2ce7d66eddec4"
"tests/PostgreSQL/AdministrativeActionLifecycleEventRouting/PostgreSqlAdministrativeActionLifecycleInboxRepositoryTest.php","A ","EXPECTED_TEST_ARTIFACT","10244","5ca08bf4d91e1d8f73b3bcbb07cdee553eb123cb573fb7b8ab80727f93db179e"
"tests/PostgreSQL/AdministrativeActionLifecycleOutboxCompatibility/PostgreSqlAdministrativeActionLifecycleOutboxCompatibilityTest.php","A ","EXPECTED_TEST_ARTIFACT","6910","894baa11f264a9aea74581a75b68e93ab410dbe48dc46b89d5961390e69a09f1"
"tests/PostgreSQL/AdministrativeActionLifecyclePersistence/concurrency-worker.php","A ","EXPECTED_TEST_ARTIFACT","2358","ebbf1710c30814e5e898ffb766fce2d112ece7f9f3faf33a22e40506bedc7212"
"tests/PostgreSQL/AdministrativeActionLifecyclePersistence/PostgreSqlAdministrativeActionLifecycleWorkflowStoreTest.php","A ","EXPECTED_TEST_ARTIFACT","16467","9ff7288bd23990cd49ca9d646f58660917789b0c177b496c8c4170d13ae39d3b"
"tests/PostgreSQL/AuthoringOperations/PostgreSqlAuthoringOperationsTest.php","A ","EXPECTED_TEST_ARTIFACT","8636","cb233a508ffed4e1103219eaf5a5688cf6887450b7bcd4a7604f9c4496cd98ec"
"tests/PostgreSQL/AuthoringPersistence/concurrency-worker.php","A ","EXPECTED_TEST_ARTIFACT","1178","45e97efe02b620423c60ff78a2f23be49fe145e057b0b16612b02ca3b9339133"
"tests/PostgreSQL/AuthoringPersistence/PostgreSqlAuthoringPersistenceTest.php","A ","EXPECTED_TEST_ARTIFACT","8437","c02dcdace74f2a51e08218d306603521ecba0886083c1c906f2f1eeb3f33a484"
"tests/PostgreSQL/ContentSeoSnapshot/concurrency-worker.php","A ","EXPECTED_TEST_ARTIFACT","751","b03e97b8b7fc0a5c2470bd1de40194ac336ebd5846c6d12977ebff7948a9c4b7"
"tests/PostgreSQL/ContentSeoSnapshot/PostgreSqlContentSeoSourceSnapshotIntegrationTest.php","A ","EXPECTED_TEST_ARTIFACT","4051","a73d16b5d68293a7db7f2eb2ea0d73a792832687df7d2b19950711b4a032eb51"
"tests/PostgreSQL/ContentSeoSnapshot/PostgreSqlContentSeoSourceSnapshotStoreContractTest.php","A ","EXPECTED_TEST_ARTIFACT","1522","f117bf34843254eb9934a8755a9f88c92a4876a44b21bb4165afa29fc853d0be"
"tests/PostgreSQL/DecisionTimeSource/PostgreSqlDecisionTimeSourceTest.php","A ","EXPECTED_TEST_ARTIFACT","7407","b3a0f427ccaada1ccdedb8271aea861796eeebd706cb31c0727bd82eb99711c7"
"tests/PostgreSQL/HistoricalAccountPersistence/PostgreSqlAccountRepositoryTest.php","A ","EXPECTED_TEST_ARTIFACT","12070","be7692cfb09b5104cf8df6793d7758df91e8b61ec3fcf75ff2911e9fad502736"
"tests/PostgreSQL/HistoricalAccountPersistence/save-concurrency-worker.php","A ","EXPECTED_TEST_ARTIFACT","1503","6576e20d0d48cac2576e06c11f3e9ef30405852313caa8e2ffa9c2e24094f6a8"
"tests/PostgreSQL/HistoricalCanonicalQualification/PostgreSqlHistoricalCanonicalQualifierContractTest.php","A ","EXPECTED_TEST_ARTIFACT","2007","e27e8189889a02127becf061afb28e22d6d6cf2710661b0a02d73f4e59e94dc6"
"tests/PostgreSQL/HistoricalCanonicalQualification/PostgreSqlHistoricalCanonicalQualifierIntegrationTest.php","A ","EXPECTED_TEST_ARTIFACT","5057","d4d3a7d190dd29db947416646ef668311a96c2216905251961c1b49e87a9cbca"
"tests/PostgreSQL/HistoricalRedirect/PostgreSqlHistoricalRedirectResolverContractTest.php","A ","EXPECTED_TEST_ARTIFACT","2238","2db10627f534f49ff86c32482768e0d3466787b745b5d85f0006164641564471"
"tests/PostgreSQL/HistoricalRedirect/PostgreSqlHistoricalRedirectResolverIntegrationTest.php","A ","EXPECTED_TEST_ARTIFACT","6075","238739094764d6e51b3422305bec643cc82613a400d46597868a09566e3e8c72"
"tests/PostgreSQL/IdentityAccessCompletion/atomic-concurrency-worker.php","A ","EXPECTED_TEST_ARTIFACT","1959","b16668fb414250d1477a764a61441db0e083dd8dd0ad00b977a4762150838393"
"tests/PostgreSQL/IdentityAccessCompletion/concurrency-worker.php","A ","EXPECTED_TEST_ARTIFACT","1134","c7a2876f4710c0b1b9ad307f77f9396fafd3a4b07dc486d38a66785081060d41"
"tests/PostgreSQL/IdentityAccessCompletion/DeterministicTestSeedProtector.php","A ","EXPECTED_TEST_ARTIFACT","559","df00c743417af88e50d5e03eddc1eeef4a73dd7504b218d60c07bb094aa77077"
"tests/PostgreSQL/IdentityAccessCompletion/outbox-concurrency-worker.php","A ","EXPECTED_TEST_ARTIFACT","1487","6882ac20afb12e42b8b5ca98c641dda9882b5165ada5a822f319031cae70fd81"
"tests/PostgreSQL/IdentityAccessCompletion/PostgreSqlAccountClosureStateReaderTest.php","A ","EXPECTED_TEST_ARTIFACT","2740","0137f66044017be0eecabab5baaa982e896df5225234e038b7bd6ebdba72a74a"
"tests/PostgreSQL/IdentityAccessCompletion/PostgreSqlIdentityAccessAtomicEventOutboxTest.php","A ","EXPECTED_TEST_ARTIFACT","10927","de1ba4838ef5c31673a018fe7d79dad8ca31eeb5313a738a9bb0becc9a120f82"
"tests/PostgreSQL/IdentityAccessCompletion/PostgreSqlIdentityAccessAtomicTransactionTest.php","A ","EXPECTED_TEST_ARTIFACT","7209","c3113e8ed950f5e2f88415394c50b5ae803e2be6f8f442dc8e9c2029157bebae"
"tests/PostgreSQL/IdentityAccessCompletion/PostgreSqlIdentityAccessCompletionPersistenceTest.php","A ","EXPECTED_TEST_ARTIFACT","11551","94dabdb84097ea7160eb817aef630e69fc0125d2d7a3c02476f8bf94f657a3bc"
"tests/PostgreSQL/IdentityAccessCompletion/PostgreSqlProfileClaimsSeedAndCutoverTest.php","A ","EXPECTED_TEST_ARTIFACT","7462","faedd256ef0c9d5c4429caafc069c40b1e09fa1bef241513ca163da14c2496d6"
"tests/PostgreSQL/LeadEligibilitySourceData/concurrency-worker.php","A ","EXPECTED_TEST_ARTIFACT","2055","48891cca6484c55eb678e53990c93805ad63694ca4ec0adfc8faa5964c6b4f37"
"tests/PostgreSQL/LeadEligibilitySourceData/PostgreSqlLeadEligibilityDecisionStoreContractTest.php","A ","EXPECTED_TEST_ARTIFACT","1474","4f887acc174111e2750070585340fd7324f5a647011259c1e4565e0c7fb59d33"
"tests/PostgreSQL/LeadEligibilitySourceData/PostgreSqlLeadEligibilityDecisionStoreIntegrationTest.php","A ","EXPECTED_TEST_ARTIFACT","7153","1a7cfd782cb250e9d928abae92f4b189aa27f5737d0335429dbdcc4d20948b3e"
"tests/PostgreSQL/LeadLifecycleContext/concurrency-worker.php","A ","EXPECTED_TEST_ARTIFACT","2071","ce7d9a603f3de9d12e54c9d05114e0e99fd37d8a1ae1eb47c7581413a1f33742"
"tests/PostgreSQL/LeadLifecycleContext/PostgreSqlLeadLifecycleContextualTransitionContractTest.php","A ","EXPECTED_TEST_ARTIFACT","1894","bb74947cbd8a9808e2479da3b2a627cf7f0cd566863c56f48d3e89e7ff78bc6d"
"tests/PostgreSQL/LeadLifecycleContext/PostgreSqlLeadLifecycleContextualTransitionTest.php","A ","EXPECTED_TEST_ARTIFACT","9976","43baeec7dcbc897aa3b0adaaf1a4c29c1c26410796ba11b9c150ce61827355aa"
"tests/PostgreSQL/LeadLifecycleEventIntegration/atomic-concurrency-worker.php","A ","EXPECTED_TEST_ARTIFACT","3486","4899b1b076fee2a9596107009aad3057afcf615815ffc04030f24da2bf8271dd"
"tests/PostgreSQL/LeadLifecycleEventIntegration/PostgreSqlLeadLifecycleAtomicEventIntegrationTest.php","A ","EXPECTED_TEST_ARTIFACT","13330","f430964686e9b53361bf8d36b37f6f0db99f039ed373f238b0f4741ec65465fe"
"tests/PostgreSQL/LeadLifecycleEventRouting/concurrency-worker.php","A ","EXPECTED_TEST_ARTIFACT","2693","3a4b7d7d400983aad2d2e0711d0b8826924e1ee1fe90a8c68056dab24f6d9ef9"
"tests/PostgreSQL/LeadLifecycleEventRouting/PostgreSqlLeadLifecycleInboxRepositoryTest.php","A ","EXPECTED_TEST_ARTIFACT","8820","71d64c7a345c8360e049fe08ab3032479bacf9b5785e507cd53654175b00ab42"
"tests/PostgreSQL/LeadLifecycleOrchestration/concurrency-worker.php","A ","EXPECTED_TEST_ARTIFACT","2367","e74b4184aba43ec27a0ef258a998540e67da4800a5acfad9b22fe7700978fe45"
"tests/PostgreSQL/LeadLifecycleOrchestration/PostgreSqlLeadLifecycleOrchestratorTest.php","A ","EXPECTED_TEST_ARTIFACT","7346","cc9d10480bb7f8b9cfe7183ce1275596b784d9006ee0bafe363247e12981d70e"
"tests/PostgreSQL/LeadLifecycleWorkflow/concurrency-worker.php","A ","EXPECTED_TEST_ARTIFACT","961","c59caa4fcdd496d3f17a81ffbbf34ff509c319a71933a688cc05e9c712c52755"
"tests/PostgreSQL/LeadLifecycleWorkflow/PostgreSqlLeadLifecycleWorkflowIntegrationTest.php","A ","EXPECTED_TEST_ARTIFACT","5259","e8fa55e217200b26642bb896c5f13802d8743a8c628ead2d3d3d086c5f34d162"
"tests/PostgreSQL/LeadLifecycleWorkflow/PostgreSqlLeadLifecycleWorkflowRepositoryContractTest.php","A ","EXPECTED_TEST_ARTIFACT","1093","aa9ae987408ba6fa4819022cfc710fbae01a3ac40a310ebc84fadcfc37e49489"
"tests/PostgreSQL/ListingCreation/concurrency-worker.php","A ","EXPECTED_TEST_ARTIFACT","2253","82b4df37d59cbc9fb40fd32c4a25edddc7a997203a625e4b9f918979957a24d8"
"tests/PostgreSQL/ListingCreation/PostgreSqlCreateListingDraftV1Test.php","A ","EXPECTED_TEST_ARTIFACT","7621","6acda00335d80980b592e9bd5dbabdd2cedd8da0a5cbdee8178a24f04336db86"
"tests/PostgreSQL/ListingLifecycle/concurrency-worker.php","A ","EXPECTED_TEST_ARTIFACT","2149","62fbdb86abd075a1790b0b503fee4a754d32377f04b120be425b183bd56b9cfa"
"tests/PostgreSQL/ListingLifecycle/FailBeforeCommitListingTransaction.php","A ","EXPECTED_TEST_ARTIFACT","1093","787c01ac4c9edb8f9d703d8e6481a573a97c2d1acdd7488535424ed841a32303"
"tests/PostgreSQL/ListingLifecycle/PostgreSqlListingConcurrencyTest.php","A ","EXPECTED_TEST_ARTIFACT","3814","b1227a221f7e884396fa491bb3cfd21016cb5fe139d63156b96ddc0f41d3647b"
"tests/PostgreSQL/ListingLifecycle/PostgreSqlListingRegistryContractTest.php","A ","EXPECTED_TEST_ARTIFACT","401","48b3fc8a7bfc5588636ceccdfad49f3b463e28506dac92b5e0bb1ea3010e38de"
"tests/PostgreSQL/ListingLifecycle/PostgreSqlListingRegistryHarness.php","A ","EXPECTED_TEST_ARTIFACT","1421","c0934d3dc135f6d8340e59e32968854d3e0cc4c9c8ea8ece5c0909764d7b5c11"
"tests/PostgreSQL/ListingLifecycle/PostgreSqlListingRepositoryIntegrationTest.php","A ","EXPECTED_TEST_ARTIFACT","9048","fe7184ceb7c0702dfdb99cc458bd08964b222dc495507207c907509ed5848995"
"tests/PostgreSQL/ListingModerationBoundaryImplementation/concurrency-worker.php","A ","EXPECTED_TEST_ARTIFACT","1949","79ae99fd4f9c8c5fd4000770d6e5dce878b4df96a5a60be1a6be4cd92b7d25d2"
"tests/PostgreSQL/ListingModerationBoundaryImplementation/PostgreSqlListingModerationBoundaryImplementationTest.php","A ","EXPECTED_TEST_ARTIFACT","9759","9513369f29b6ee4d3ce1e017a9ca6810ac6c8076a622bb7a7ff4bde296bedd8b"
"tests/PostgreSQL/ListingModerationIntentSource/concurrency-worker.php","A ","EXPECTED_TEST_ARTIFACT","2737","6bc80eeff7ef096f616e2a54735b922475ec943e49fc4610bbdf92d139ee26ed"
"tests/PostgreSQL/ListingModerationIntentSource/PostgreSqlListingModerationIntentSourceTest.php","A ","EXPECTED_TEST_ARTIFACT","8618","b7632072ef3f435f61fcb93c794127da6d1e5ef1e332583ca9a8ae295f776ab6"
"tests/PostgreSQL/ListingPublicationEventIntegration/PostgreSqlListingPublicationEventIntegrationTest.php","A ","EXPECTED_TEST_ARTIFACT","10627","696d8b21204879d65923237f9f37fe71c5599ddb1602acbe204bb8e24d8b7361"
"tests/PostgreSQL/ListingPublicationEventRouting/PostgreSqlListingPublicationEventInboxTest.php","A ","EXPECTED_TEST_ARTIFACT","5847","c105f64568742f97fcb6ac3d770dd59a8baf75f9260b023e52261ed4f02d3dcc"
"tests/PostgreSQL/ListingPublicationWorkflow/concurrency-worker.php","A ","EXPECTED_TEST_ARTIFACT","973","65a838ba36b9a32eafb8c2a877a9e8875383c822902ecbe716b89f8a6ef5fc47"
"tests/PostgreSQL/ListingPublicationWorkflow/PostgreSqlListingPublicationWorkflowIntegrationTest.php","A ","EXPECTED_TEST_ARTIFACT","6793","6996d7b6a65af85ab793da09514578f17cc354d1dae273128a581857a596a685"
"tests/PostgreSQL/ListingPublicationWorkflow/PostgreSqlListingPublicationWorkflowRepositoryContractTest.php","A ","EXPECTED_TEST_ARTIFACT","1162","1a51784bb1c6042f5c739d8fcffdb493968f4604eb900e068e2784f68c8e2953"
"tests/PostgreSQL/Media/concurrency-worker.php","A ","EXPECTED_TEST_ARTIFACT","1479","f189535f8fa4e8681fc7b7e152c668f8a54202ef55bcf80b8f1b73b8c9c606f1"
"tests/PostgreSQL/Media/FailBeforeCommitMediaCollectionTransaction.php","A ","EXPECTED_TEST_ARTIFACT","1075","5497cec1fa1eef41c25d7d46f44cf378634eb6cba307485f379b67df38f9bead"
"tests/PostgreSQL/Media/PostgreSqlMediaCollectionConcurrencyTest.php","A ","EXPECTED_TEST_ARTIFACT","3811","cf9829652a1e55cb0dd2c06d0c7335e94505fcf8613224abc618e24b8521c33f"
"tests/PostgreSQL/Media/PostgreSqlMediaCollectionRegistryContractTest.php","A ","EXPECTED_TEST_ARTIFACT","416","550b7374aa3893100773e9aa6cfa7eff2e4cd5ccd221c459205320a59cc74829"
"tests/PostgreSQL/Media/PostgreSqlMediaCollectionRegistryHarness.php","A ","EXPECTED_TEST_ARTIFACT","1470","8553afcf4dd392dd616fe78b5a6be0dec80464018faf1a526cea3604192b5bd7"
"tests/PostgreSQL/Media/PostgreSqlMediaCollectionRepositoryIntegrationTest.php","A ","EXPECTED_TEST_ARTIFACT","1732","8628eee40c5f5fd629505392fea2f702e90d427d4b17b8aad98260e9a8e15065"
"tests/PostgreSQL/MediaIngestionEventDelivery/PostgreSqlMediaIngestionEventDeliveryTest.php","A ","EXPECTED_TEST_ARTIFACT","2545","1cdc4eb958e7cb7f850f87784abd2ba5caebc1828f5e03f514d8ad80431877b3"
"tests/PostgreSQL/MediaIngestionEventOutbox/PostgreSqlMediaIngestionEventOutboxTest.php","A ","EXPECTED_TEST_ARTIFACT","6536","d69a6c622a936c30ec298cc01d7c7f87c423c9c145f4a96311d36fec4dcf4079"
"tests/PostgreSQL/MediaIngestionPersistence/PostgreSqlMediaIngestionPersistenceTest.php","A ","EXPECTED_TEST_ARTIFACT","5727","68a0e15ac92f19c9544d3cac713fa404f8628bd07402fff756d8dbb46f43ea36"
"tests/PostgreSQL/MediaIngestionRuntime/PostgreSqlMediaIngestionRuntimeTest.php","A ","EXPECTED_TEST_ARTIFACT","2898","298ef9306bb39684318d8165bf87c87361fc87d8cba505657c376fd893643657"
"tests/PostgreSQL/MediaItemLifecycleContext/concurrency-worker.php","A ","EXPECTED_TEST_ARTIFACT","3226","e6ef3070679443e4134f1c18324de5861c3cdf464bbbeaeafd8bbd88e1cde63a"
"tests/PostgreSQL/MediaItemLifecycleContext/PostgreSqlMediaItemLifecycleContextualTransitionStoreTest.php","A ","EXPECTED_TEST_ARTIFACT","11421","bf27995f3aeb56a92cee6be8ade0c35ed4153d7e7b1a4abfeebfb04efcdea7fe"
"tests/PostgreSQL/MediaItemLifecycleEventIntegration/atomic-concurrency-worker.php","A ","EXPECTED_TEST_ARTIFACT","4723","5042708377f0920ab22066d102296bda5b9fbdbc2dee8b431f0da03f57dfe905"
"tests/PostgreSQL/MediaItemLifecycleEventIntegration/PostgreSqlMediaItemLifecycleAtomicEventIntegrationTest.php","A ","EXPECTED_TEST_ARTIFACT","13296","6b0e430f4cf11b9b383ece8742f80d5b37c4c5c2c388f525c78ad8872e652887"
"tests/PostgreSQL/MediaItemLifecycleEventRouting/concurrency-worker.php","A ","EXPECTED_TEST_ARTIFACT","3026","99b8f7416b22d056c15c5c51a868d191fe3004d44d16ff188d2e70ae13e20ba4"
"tests/PostgreSQL/MediaItemLifecycleEventRouting/PostgreSqlMediaItemLifecycleInboxRepositoryTest.php","A ","EXPECTED_TEST_ARTIFACT","8900","1ec9375f82415d06030bd94eabc5a4c73e6bba0886048b2be25bea685243a891"
"tests/PostgreSQL/MediaItemLifecycleOrchestration/concurrency-worker.php","A ","EXPECTED_TEST_ARTIFACT","3629","2d416429ff8f90f4b39d6e92b71b4934d7b790081b19cd5e0714e4ceaefdb039"
"tests/PostgreSQL/MediaItemLifecycleOrchestration/PostgreSqlMediaItemLifecycleOrchestratorTest.php","A ","EXPECTED_TEST_ARTIFACT","8737","2310478994b29e50310af5759f18d2f1928ef1bb1096586fc7e5eafe2e06072e"
"tests/PostgreSQL/MediaItemLifecycleOutboxCompatibility/PostgreSqlMediaItemLifecycleOutboxCompatibilityTest.php","A ","EXPECTED_TEST_ARTIFACT","6044","2cc2b8c9b5403737ab1035e692ffa59acd17b70bdef7f865ea20b8bf01f81e84"
"tests/PostgreSQL/MediaItemLifecyclePersistence/concurrency-worker.php","A ","EXPECTED_TEST_ARTIFACT","1201","1c000bc63a5d2f2f25707e97322f6bedf64ac16465b11ef0c6ef2907909af8a3"
"tests/PostgreSQL/MediaItemLifecyclePersistence/PostgreSqlMediaItemLifecycleWorkflowStoreTest.php","A ","EXPECTED_TEST_ARTIFACT","4702","9bf71a957f882954c1302d6f08d18569c7533bc134d883dec94181238c5c83cf"
"tests/PostgreSQL/MediaOwnership/PostgreSqlMediaCollectionOwnershipLookupContractTest.php","A ","EXPECTED_TEST_ARTIFACT","1447","84f6de1a98e7c9b4b6f19b8151f4a27108ab7764451bfc019a1e06d2b6994fb3"
"tests/PostgreSQL/MediaOwnership/PostgreSqlMediaCollectionOwnershipLookupIntegrationTest.php","A ","EXPECTED_TEST_ARTIFACT","970","b46fafdd7074cf7bf3d915bcb8f3b5780ceb8d6b432f5d5494fd09a265b74f04"
"tests/PostgreSQL/ModerationAtomicOperation/concurrency-worker.php","A ","EXPECTED_TEST_ARTIFACT","1658","c9da94d3ca5aa2d914843e6a560c26da101b4f988f27292b463a3553391dd92e"
"tests/PostgreSQL/ModerationAtomicOperation/PostgreSqlModerationAtomicOperationTest.php","A ","EXPECTED_TEST_ARTIFACT","9789","635b895ed744ba703f9329d0bf63d67068b78ff96d6bc1a705d7b8dc69d03583"
"tests/PostgreSQL/ModerationEventDelivery/concurrency-worker.php","A ","EXPECTED_TEST_ARTIFACT","1226","3d06ad6f9fb7cb84b18260cad0be8d65d0ae6a8b6e071fe130da54d3b1b66647"
"tests/PostgreSQL/ModerationEventDelivery/PostgreSqlModerationEventDeliveryTest.php","A ","EXPECTED_TEST_ARTIFACT","4978","8d294081821a8b8360522c77eb97f64c67df85b156f9f433b7553e1e7efa9268"
"tests/PostgreSQL/ModerationEventOutbox/concurrency-worker.php","A ","EXPECTED_TEST_ARTIFACT","1364","480d0b43fec79d011ec9fa9a8ba84f335ea97c2fb9bef90294dc578d1f3e072d"
"tests/PostgreSQL/ModerationEventOutbox/PostgreSqlModerationEventOutboxTest.php","A ","EXPECTED_TEST_ARTIFACT","11236","9a784867bd7fb61bba918d81c90cc2b5d264541d1f603d545590efde4c937536"
"tests/PostgreSQL/ModerationHttp/PostgreSqlModerationHttpMutationTest.php","A ","EXPECTED_TEST_ARTIFACT","10314","86c25c220f338ec4cc83d38d4f52ff81ea923489d550a0ca2e0a02cf49007d3b"
"tests/PostgreSQL/ModerationHttpReadBoundaries/PostgreSqlModerationHttpReadBoundariesTest.php","A ","EXPECTED_TEST_ARTIFACT","9482","2549c9d8d47119d428ead16b1e5771e8f9206df64b5a8d4c4f67a49448c86c16"
"tests/PostgreSQL/ModerationListingHandoffIntegration/PostgreSqlModerationListingHandoffIntegrationTest.php","A ","EXPECTED_TEST_ARTIFACT","15158","554eb5315dee63f02d3d99f65f3c70a7f444be5e5a0ce357ca53e20ec4e650c4"
"tests/PostgreSQL/ModerationListingHandoffOutboxRouting/concurrency-worker.php","A ","EXPECTED_TEST_ARTIFACT","952","ce5a8ed5ac105232c6221cce41cd771a1c4e179cf906df75a9cf6b3d90a8588f"
"tests/PostgreSQL/ModerationListingHandoffOutboxRouting/PostgreSqlModerationListingHandoffOutboxRoutingTest.php","A ","EXPECTED_TEST_ARTIFACT","7553","1503be86ea01f6e582fc446f0d6905ea77bf8ffa9da7a1f471a034a607a62a38"
"tests/PostgreSQL/ModerationOperationalAudit/PostgreSqlModerationOperationalAuditRoutingIntegrationTest.php","A ","EXPECTED_TEST_ARTIFACT","9011","65f696af7ec373cd309f606d7cbcbb266a45b2626d440e4094872635fdd14a5c"
"tests/PostgreSQL/ModerationOperationalAudit/PostgreSqlModerationOperationalAuditTest.php","A ","EXPECTED_TEST_ARTIFACT","9061","9cb18f1f99e8eb338e4d394c24cc8e03afeb8f0edb0e9a430f64fa5d694bca5b"
"tests/PostgreSQL/ModerationOperationalAuditEventProduction/concurrency-worker.php","A ","EXPECTED_TEST_ARTIFACT","1317","dd8f36810f94285a923336706295e5500bc14c3078a9eaab568de8d55918270d"
"tests/PostgreSQL/ModerationOperationalAuditEventProduction/PostgreSqlModerationOperationalAuditEventProductionTest.php","A ","EXPECTED_TEST_ARTIFACT","18288","bf039f03d60ab98253aaa615e2eb7e70ff74d9a67695a941c4857d3461ecca22"
"tests/PostgreSQL/ModerationOrchestration/concurrency-worker.php","A ","EXPECTED_TEST_ARTIFACT","2219","83603d41d81c906d75ad6802073a108abbb0da7463ae8b0f0e7c6cadd3c4c501"
"tests/PostgreSQL/ModerationOrchestration/PostgreSqlModerationOrchestrationTest.php","A ","EXPECTED_TEST_ARTIFACT","10438","2f8aac818e5cc280a85bb7fefcd42e8cdf769c4b69a4fcd9f3a325328c450d06"
"tests/PostgreSQL/ModerationQueueIdempotence/concurrency-worker.php","A ","EXPECTED_TEST_ARTIFACT","1133","9dde0280dab36e08eab30776e5495ad462fe2b490f4c3320411cc9be0ee6bf05"
"tests/PostgreSQL/ModerationQueueIdempotence/PostgreSqlModerationQueueIdempotenceTest.php","A ","EXPECTED_TEST_ARTIFACT","6941","d15149bf7c3ef50d60ee27480dba99eedfb4c6ea0c24807be206eaba6db856f3"
"tests/PostgreSQL/ModerationQueueOwnerReadSource/PostgreSqlModerationQueueOwnerReadSourceTest.php","A ","EXPECTED_TEST_ARTIFACT","6199","caa3487b9ae4afb0cba81a2a5e9ed0c18d8e8e1c2a9206cff4ad77424d4c1903"
"tests/PostgreSQL/ModerationReportOwnerReadSource/PostgreSqlModerationReportOwnerReadSourceTest.php","A ","EXPECTED_TEST_ARTIFACT","4608","2b65202601fc85f84b4826497b489d0da05af41e8afd50cdf49e986bede03e5c"
"tests/PostgreSQL/ModerationReportsPersistence/concurrency-worker.php","A ","EXPECTED_TEST_ARTIFACT","1436","0ea1fb3435ee0e9b487ef0560b8072e4d4faff2a2b08d7c551993788a758cce3"
"tests/PostgreSQL/ModerationReportsPersistence/PostgreSqlModerationReportsPersistenceTest.php","A ","EXPECTED_TEST_ARTIFACT","14413","3d44e147b968d2873e4cdd32b2e251898017f563f4ebd4750565794dba2b9a76"
"tests/PostgreSQL/ModerationRuntime/PostgreSqlModerationRuntimeTest.php","A ","EXPECTED_TEST_ARTIFACT","3923","5bef4c857392a34c9f5e6ff2e35aa3aee2dfc80dc16cdfd2de4309f1052dc381"
"tests/PostgreSQL/PlaceLifecycleEventIntegration/PostgreSqlPlaceLifecycleAtomicEventIntegrationTest.php","A ","EXPECTED_TEST_ARTIFACT","10284","efbdb5bb1b546c5724c37beafc1af2525c409f36130bf019493d5051e0ef7c89"
"tests/PostgreSQL/PlaceLifecycleEventRouting/concurrency-worker.php","A ","EXPECTED_TEST_ARTIFACT","915","958fcdf01986a8b29a0e3bf83663fa4163ed912437532fd00c8caaf9d65898a1"
"tests/PostgreSQL/PlaceLifecycleEventRouting/PostgreSqlPlaceLifecycleInboxRepositoryTest.php","A ","EXPECTED_TEST_ARTIFACT","6405","f4df855e547bd1278fd3e451da237b3a17a62263a70fcc6233a278e903ec2425"
"tests/PostgreSQL/PlaceLifecyclePersistence/concurrency-worker.php","A ","EXPECTED_TEST_ARTIFACT","2652","b4cc15541d0aec289e088fda9e963abd3e4093c64e6eedd2c4e5c5b4135692d7"
"tests/PostgreSQL/PlaceLifecyclePersistence/PostgreSqlPlaceLifecycleWorkflowStoreTest.php","A ","EXPECTED_TEST_ARTIFACT","10317","a19915ec251febf41685dcb34141ef817f2b2c103d4b3688634b4a20cdecd2cd"
"tests/PostgreSQL/ProfessionalMandateOwnerSource/PostgreSqlProfessionalMandateOwnerSourceTest.php","A ","EXPECTED_TEST_ARTIFACT","4439","cc6d4b9c06a4f0711d16ef7ec54b7f76a54414e90110dcdbf91b9651c5f6e1af"
"tests/PostgreSQL/ProfessionalProfilePersistence/PostgreSqlProfessionalProfilePersistenceTest.php","A ","EXPECTED_TEST_ARTIFACT","7370","4cc36e242b450a6d9a2df1f93363ebd5266792d207fb5d081a9983581a5c251d"
"tests/PostgreSQL/ProfessionalProfilePersistence/profile-concurrency-worker.php","A ","EXPECTED_TEST_ARTIFACT","1429","274396944e6a7392c98e7405b7f64b414db44931261de365c50d6498236dda99"
"tests/PostgreSQL/ProfessionalProfileRuntime/PostgreSqlProfessionalProfileRuntimeTest.php","A ","EXPECTED_TEST_ARTIFACT","3350","279fcc0e0d0059b868ecb3c8370e03fa0cf6a652278d50ce6f673b8dbcc701c9"
"tests/PostgreSQL/ProfessionalStatusContextualPersistence/concurrency-worker.php","A ","EXPECTED_TEST_ARTIFACT","2442","da7b8ec4f5a5471c424b609888731211e680e31d02d06db93738bd6d9090e66d"
"tests/PostgreSQL/ProfessionalStatusContextualPersistence/PostgreSqlProfessionalStatusContextualTransitionStoreTest.php","A ","EXPECTED_TEST_ARTIFACT","8472","a86359867291d10f833de54c1e0b7d0500bcf4cdcee85d8253f684963181ec91"
"tests/PostgreSQL/ProfessionalStatusEventIntegration/atomic-concurrency-worker.php","A ","EXPECTED_TEST_ARTIFACT","4184","ec6d5fab4b0e6ec2698ea6ee3cf93e85b0f53b678a8cc56cc6ae20db0079855b"
"tests/PostgreSQL/ProfessionalStatusEventIntegration/PostgreSqlProfessionalStatusAtomicEventIntegrationTest.php","A ","EXPECTED_TEST_ARTIFACT","13209","281faf6a561d01aa70073f53091276f2b6c7cad79fecfa8715c0fd0246a9bca7"
"tests/PostgreSQL/ProfessionalStatusEventRouting/concurrency-worker.php","A ","EXPECTED_TEST_ARTIFACT","2934","f05cdf31119c2a27b8016b75f814bad80bf9a52f93b901c683a5f850651fa8d7"
"tests/PostgreSQL/ProfessionalStatusEventRouting/PostgreSqlProfessionalStatusInboxRepositoryTest.php","A ","EXPECTED_TEST_ARTIFACT","9062","5989fc6c9f2a2a021f050c2cf8176099f40a7cf75515e266d653ace8bd77cdf1"
"tests/PostgreSQL/ProfessionalStatusOrchestration/concurrency-worker.php","A ","EXPECTED_TEST_ARTIFACT","2944","d46ae52bc75428898b6f704727edcb497d2f618b7e30c3eb9c6a9b8f4cbe91f4"
"tests/PostgreSQL/ProfessionalStatusOrchestration/PostgreSqlProfessionalStatusOrchestratorTest.php","A ","EXPECTED_TEST_ARTIFACT","7789","c7fe10ab5499a4a511410d748d7a3d800c55726ee13d10932ebb8f9770ff6474"
"tests/PostgreSQL/ProfessionalStatusOutboxCompatibility/PostgreSqlProfessionalStatusOutboxCompatibilityTest.php","A ","EXPECTED_TEST_ARTIFACT","6198","b1abeeac9cf3581a634def3495cd25f7e375c4721a1d02a2d5a9ff5c0f727081"
"tests/PostgreSQL/ProfessionalStatusPersistence/concurrency-worker.php","A ","EXPECTED_TEST_ARTIFACT","1257","36dd317734ee8ad6c2da00eebd263ed2f9f46154b4e23d399edb7ec14025327b"
"tests/PostgreSQL/ProfessionalStatusPersistence/PostgreSqlProfessionalStatusWorkflowStoreTest.php","A ","EXPECTED_TEST_ARTIFACT","4860","578f94f486a589f21d6238771ad660d694cd593ca06dc3f589c7d03f81c7911a"
"tests/PostgreSQL/ProjectionRebuildRuntimeSource/PostgreSqlPublicProjectionRebuildEnumeratorTest.php","A ","EXPECTED_TEST_ARTIFACT","3740","40377aaf39cb9841cbc0afbea0cdb8bc9e40fd1bec3ce77cbfd1e15fe527d683"
"tests/PostgreSQL/PropertyLifecycleEventIntegration/PostgreSqlPropertyLifecycleEventIntegrationTest.php","A ","EXPECTED_TEST_ARTIFACT","10738","4d25f0f0ba90f5143fff50b64c54f4db52ae6451b5ef762611d83e91e51ca37b"
"tests/PostgreSQL/PropertyLifecycleEventRouting/PostgreSqlPropertyLifecycleEventInboxTest.php","A ","EXPECTED_TEST_ARTIFACT","5972","e03564a30877484394f305b943e0dc851cf69a8f84fd87144090d2368daa3e0c"
"tests/PostgreSQL/PropertyLifecycleWorkflow/concurrency-worker.php","A ","EXPECTED_TEST_ARTIFACT","971","e544a17b77b1681be4b246ed7eb9ea86becaa53c6289bc9f336b70e59a8b2af4"
"tests/PostgreSQL/PropertyLifecycleWorkflow/PostgreSqlPropertyLifecycleWorkflowIntegrationTest.php","A ","EXPECTED_TEST_ARTIFACT","5500","f49ee9f3c349bf814ffdc4375efeb16fe22ab5348895e6f7064f374a371ffbd5"
"tests/PostgreSQL/PropertyLifecycleWorkflow/PostgreSqlPropertyLifecycleWorkflowRepositoryContractTest.php","A ","EXPECTED_TEST_ARTIFACT","1142","d5ad26d55807ce95a0a9f37744a25a00858f40e80ad763cd6fd4a6eb0392cefd"
"tests/PostgreSQL/PropertyListingResolution/concurrency-reader.php","A ","EXPECTED_TEST_ARTIFACT","741","11fc2f72888c6f523b18ee1f306ea0951bfbca1ed3a31ba7bca2e0d7f9ed31ad"
"tests/PostgreSQL/PropertyListingResolution/PostgreSqlPropertyListingsResolverTest.php","A ","EXPECTED_TEST_ARTIFACT","7373","78abb8525dac36c4b0b5d8e9651de8fbeb399d6de8565caf90f25541c56912b8"
"tests/PostgreSQL/PublicAuthoringIntegration/PostgreSqlPublicAuthoringJourneyTest.php","A ","EXPECTED_TEST_ARTIFACT","3443","5a2b62023e161f85f1ab490ec134643508eaac85f81f3a18208080b6c00c94ed"
"tests/PostgreSQL/PublicGeographySource/concurrency-worker.php","A ","EXPECTED_TEST_ARTIFACT","1445","aa59c8318522fe0c6e076e5ea153f5c66238b1be1db32fb4d90f983904b05a69"
"tests/PostgreSQL/PublicGeographySource/PostgreSqlPublicGeographySourceTest.php","A ","EXPECTED_TEST_ARTIFACT","5767","b77e2d7ef7df316dfc93ef36838ceb3fd0529d982311fcc20e21e2cb6ef5af9f"
"tests/PostgreSQL/PublicMediaSource/concurrency-worker.php","A ","EXPECTED_TEST_ARTIFACT","701","7aeee9eab50899dcccff98d79491f4f6180295865b596dc683cc23ab2eca37ea"
"tests/PostgreSQL/PublicMediaSource/PostgreSqlPublicMediaSourceTest.php","A ","EXPECTED_TEST_ARTIFACT","6127","dbb757f23b1c27a38259f2e7d282530393aeb754988981f5937e383296c43101"
"tests/PostgreSQL/PublicProjectionOutbox/PostgreSqlAccountStatusOutboxCompatibilityTest.php","A ","EXPECTED_TEST_ARTIFACT","5138","afb041e53f93209901d4036fbf5ce061c1a5c8e4b047c6efefb23436c3d632cd"
"tests/PostgreSQL/PublicProjectionOutbox/PostgreSqlAdministrationAuditOutboxOwnerSchemaTest.php","A ","EXPECTED_TEST_ARTIFACT","8549","6587f030b6463dc502e7186ab01c271d561b1d71f59b1bf36935239f34541886"
"tests/PostgreSQL/PublicProjectionOutbox/PostgreSqlContactsLeadsOutboxOwnerSchemaTest.php","A ","EXPECTED_TEST_ARTIFACT","8431","ea174280f12b07460a85caf93b62393dd816e4f27aab1e9c2037004c4a530908"
"tests/PostgreSQL/PublicProjectionOutbox/PostgreSqlLeadLifecycleOutboxCompatibilityTest.php","A ","EXPECTED_TEST_ARTIFACT","5921","6fde438cd4066962e508d9cd6a63876b24fec65413e28b4d992cb0ef16ca1326"
"tests/PostgreSQL/PublicProjectionOutbox/PostgreSqlListingPublicationOutboxCompatibilityTest.php","A ","EXPECTED_TEST_ARTIFACT","5045","0387435f566352873462b675cfb80047d3bda25f0db8021d85e65ee43cfe8bcb"
"tests/PostgreSQL/PublicProjectionOutbox/PostgreSqlMediaCollectionPropertyResolverTest.php","A ","EXPECTED_TEST_ARTIFACT","1833","1f857e8c16bd31c0c3d6aaf17d5c8247ff6cfba55106f2503954d59402fcfbd6"
"tests/PostgreSQL/PublicProjectionOutbox/PostgreSqlMediaOutboxOwnerSchemaTest.php","A ","EXPECTED_TEST_ARTIFACT","7174","a0a836825e87f8ddb5ec0837b55a8aaa5049a50b1244b63e20fffd705509b0eb"
"tests/PostgreSQL/PublicProjectionOutbox/PostgreSqlPlaceLifecycleOutboxCompatibilityTest.php","A ","EXPECTED_TEST_ARTIFACT","7517","82264e9a11cfba4b4c96a366d01e62b464537ae75f33111f893f1e61ec527dd5"
"tests/PostgreSQL/PublicProjectionOutbox/PostgreSqlProfessionalsOutboxOwnerSchemaTest.php","A ","EXPECTED_TEST_ARTIFACT","7934","bec855644215b2157d2eaab0de4b4ea14281382402997eca2dad86d92a50eec4"
"tests/PostgreSQL/PublicProjectionOutbox/PostgreSqlPropertyLifecycleOutboxCompatibilityTest.php","A ","EXPECTED_TEST_ARTIFACT","4994","c5e86e67afb1822c02b11ec6aaa952440fea297cacde7b08af079ddaab97d180"
"tests/PostgreSQL/PublicProjectionOutbox/PostgreSqlPublicProjectionDeliveryWorkerTest.php","A ","EXPECTED_TEST_ARTIFACT","6716","d968ce021ed8b19d9492d3ca4a6b225ddd98d35fbde1fe8f670f53ee19850ed9"
"tests/PostgreSQL/PublicProjectionOutbox/PostgreSqlPublicProjectionMultiTargetConsumerTest.php","A ","EXPECTED_TEST_ARTIFACT","5249","c0ece41b54b962c8ef3a7b2a23fefe02cd6bd24541b28177f335fecb67930d27"
"tests/PostgreSQL/PublicProjectionOutbox/PostgreSqlPublicProjectionOutboxIntegrationTest.php","A ","EXPECTED_TEST_ARTIFACT","10851","31f77d1c0d2788e4d2c615a846e411085575fb234955706b49bcf849e415c2c9"
"tests/PostgreSQL/PublicProjectionOutbox/PostgreSqlPublicProjectionUpdaterConsumerTest.php","A ","EXPECTED_TEST_ARTIFACT","5956","b773b3e62e55fc1fb7b4b7edfe8618069cc0f5ee5800b8232a848d5c82c58726"
"tests/PostgreSQL/PublicProjectionOutbox/PostgreSqlPublicProjectionWorkerConcurrencyTest.php","A ","EXPECTED_TEST_ARTIFACT","6240","bb7ad019bf49c79481a8ff22cadf290a1916dcb3daffbcff4ca4b2c1872e8711"
"tests/PostgreSQL/PublicProjectionOutbox/PostgreSqlReservationLifecycleOutboxCompatibilityTest.php","A ","EXPECTED_TEST_ARTIFACT","7650","0a7c1d0cbd3c01a2b17c7f3ec59a8f33e6f041dfa396364b7dce8add30544618"
"tests/PostgreSQL/PublicProjectionOutbox/PostgreSqlReservationLifecycleOutboxOwnerSchemaTest.php","A ","EXPECTED_TEST_ARTIFACT","9485","8190cef57f7c02cb789a251a2e8aac426b5866118c0cc4f6f8062fbb9b4022f7"
"tests/PostgreSQL/PublicProjectionOutbox/PostgreSqlTransactionalRuntimeCompositionTest.php","A ","EXPECTED_TEST_ARTIFACT","6994","e477c336f127ac3f763472a78eebc6333f219e34e393f4ddf29aad817e9be9fa"
"tests/PostgreSQL/PublicProjectionOutbox/worker-concurrency-worker.php","A ","EXPECTED_TEST_ARTIFACT","3441","c0302ff5a78c976ab93fede3daba21dd3ed0c79ad9a45327e4877d14a3956221"
"tests/PostgreSQL/PublicProjectionRebuild/generation-activation-worker.php","A ","EXPECTED_TEST_ARTIFACT","1500","648c928e1941b45d6c8e6e9bbaadb4ae905c71598af360b6e5ce7c1267c1fcbf"
"tests/PostgreSQL/PublicProjectionRebuild/PostgreSqlPublicProjectionRebuildIntegrationTest.php","A ","EXPECTED_TEST_ARTIFACT","10763","eba2901b2287bce5d15603e0130b3fa17899213373d285fa4700db678c31394f"
"tests/PostgreSQL/PublicProjectionStore/concurrency-worker.php","A ","EXPECTED_TEST_ARTIFACT","1463","112bfbc57bed3a580353adceafa97c2b26bf0d02e76c9a9f1f85e6a1771e15f7"
"tests/PostgreSQL/PublicProjectionStore/PostgreSqlPublicListingProjectionStoreContractTest.php","A ","EXPECTED_TEST_ARTIFACT","591","8445ce8b9632dada8e24ea7604e58452ee846fa514102dc7fe9e5c1fcff2d8a7"
"tests/PostgreSQL/PublicProjectionStore/PostgreSqlPublicListingProjectionStoreHarness.php","A ","EXPECTED_TEST_ARTIFACT","2865","0d7e280d84be4790f3f013f5c86e8b578df3461812e80025cdf357e5dc8b35bb"
"tests/PostgreSQL/PublicProjectionStore/PostgreSqlPublicListingProjectionStoreIntegrationTest.php","A ","EXPECTED_TEST_ARTIFACT","4999","a2a4f75e9a63e9c34ec6e702c822edee79056d033403da5cd8b394ecece4e3eb"
"tests/PostgreSQL/RealEstateCatalog/concurrency-worker.php","A ","EXPECTED_TEST_ARTIFACT","2204","f8949f9e9dc07273b24eb620a07e4058c5d8cfac631c2f637aeb147f112956e3"
"tests/PostgreSQL/RealEstateCatalog/FailBeforeCommitPropertyTransaction.php","A ","EXPECTED_TEST_ARTIFACT","1101","d1ce44e6b680e00529c6d5c4af3e309bb79e810ae203c34d3f2379fb5da8b0b8"
"tests/PostgreSQL/RealEstateCatalog/PostgreSqlPropertyConcurrencyTest.php","A ","EXPECTED_TEST_ARTIFACT","4518","f47a4e585847e94ab042f9591168c1c625dc281341aa0c600ab6a29f39277fad"
"tests/PostgreSQL/RealEstateCatalog/PostgreSqlPropertyRegistryContractTest.php","A ","EXPECTED_TEST_ARTIFACT","410","0c0109cc6dba5f964b3dfc5a7dbd1e6d1487e3e04b8eea1a7e628c75b7494316"
"tests/PostgreSQL/RealEstateCatalog/PostgreSqlPropertyRegistryHarness.php","A ","EXPECTED_TEST_ARTIFACT","1439","8e977baa0c3d57ac2d2a65e9776f1cd0c48119cc5a94ae910a1428ede6393f6d"
"tests/PostgreSQL/RealEstateCatalog/PostgreSqlPropertyRepositoryIntegrationTest.php","A ","EXPECTED_TEST_ARTIFACT","6742","7ac11824fd16de010f1c21ed9adff5c561ce3954c88c5129b89309042f0809ef"
"tests/PostgreSQL/ReservationLifecycleEventIntegration/atomic-concurrency-worker.php","A ","EXPECTED_TEST_ARTIFACT","2827","e32567fdda440a12df37ac1c455cf2bb0215e4fa12c0a0e8efa711f31eeb36c8"
"tests/PostgreSQL/ReservationLifecycleEventIntegration/PostgreSqlReservationLifecycleAtomicEventIntegrationTest.php","A ","EXPECTED_TEST_ARTIFACT","15403","2dbd3ceb63f6cd07fc9b80a294bb87aff2ba5d3e95ecee69eaa91ef70c2941de"
"tests/PostgreSQL/ReservationLifecycleEventRouting/concurrency-worker.php","A ","EXPECTED_TEST_ARTIFACT","1761","9954d05d172a5dc1ad24c57c9ddd39d6224caecafafd963c6726a4099e6db38b"
"tests/PostgreSQL/ReservationLifecycleEventRouting/PostgreSqlReservationLifecycleInboxRepositoryTest.php","A ","EXPECTED_TEST_ARTIFACT","9541","59c3af8bae938c74e0131fd23947b89ddb8cbc11a341d435d4696f26aafe2ce0"
"tests/PostgreSQL/ReservationLifecycleWorkflow/concurrency-worker.php","A ","EXPECTED_TEST_ARTIFACT","969","ab3f1f28f67e6568fbf85cf69bd3ac0231a6425a6b8c2c09e93d963d83afe1b8"
"tests/PostgreSQL/ReservationLifecycleWorkflow/PostgreSqlReservationLifecycleWorkflowIntegrationTest.php","A ","EXPECTED_TEST_ARTIFACT","5626","ab4a7e78f8779ebe7d15b8219597678c6ba1ab76320ff3775c1f97e5f799123e"
"tests/PostgreSQL/ReservationLifecycleWorkflow/PostgreSqlReservationLifecycleWorkflowRepositoryContractTest.php","A ","EXPECTED_TEST_ARTIFACT","1198","20db9cb756ead6566f322589871373fffb584d43d5defbabc759c7e98c93fac5"
"tests/PostgreSQL/SearchDecision/concurrency-worker.php","A ","EXPECTED_TEST_ARTIFACT","703","39babf9b43bbb31b2ad7da4cec78153729ce0855466513a10a4a1a7385f9617b"
"tests/PostgreSQL/SearchDecision/PostgreSqlSearchDecisionIntegrationTest.php","A ","EXPECTED_TEST_ARTIFACT","4229","5f9a648c0522f806fd05bdf3850e979e6b46f533a8a4a18fdcfdf4c295579d3a"
"tests/PostgreSQL/SearchDecision/PostgreSqlSearchDecisionStoreContractTest.php","A ","EXPECTED_TEST_ARTIFACT","1399","8caa5980dca6bb5ea7dfc970dbc5f150614a3956ec5b136ec1358baabf3375f9"
"tests/PostgreSQL/Support/PostgreSqlTestEnvironment.php","A ","EXPECTED_TEST_ARTIFACT","18431","f47fead6c682974c6cfaff6dcdc2c78c29c19816ca2febea04710332a2c839d3"
"tests/Support/AccountStatusDeliveryTestFactory.php","A ","EXPECTED_TEST_ARTIFACT","4425","4db225b05afca8177d561c9c433abb086e5df5ef2598ded9539610f6c359f1c4"
"tests/Support/AdministrativeActionContextualTransitionStoreContract.php","A ","EXPECTED_TEST_ARTIFACT","2806","4c77d7e291fbf753cdc45c2e260f129172acd0241f5c35e379402049d6cb5b15"
"tests/Support/AdministrativeActionLifecycleWorkflowStoreContract.php","A ","EXPECTED_TEST_ARTIFACT","8515","6fc0c7e53f348c5658519dfea04d2e82ef356909618448713a09f946eb742a7e"
"tests/Support/ContentSeoSourceSnapshotFixture.php","A ","EXPECTED_TEST_ARTIFACT","2219","c598cf3e71a0da5ea40815714c2e6cdd1b85558696fb34b5c3a834a81852ccc4"
"tests/Support/LeadLifecycleContextualTransitionStoreContract.php","A ","EXPECTED_TEST_ARTIFACT","2857","1e01e4216e80f7359cd0fc36c05d14683b31ecfdd89df5a7206b397e0519764a"
"tests/Support/MediaItemLifecycleContextualTransitionStoreContract.php","A ","EXPECTED_TEST_ARTIFACT","4178","f0c898d83017a58f5e51264136e4988fe066a498d74270e470291199b9920024"
"tests/Support/MediaItemLifecycleWorkflowStoreContract.php","A ","EXPECTED_TEST_ARTIFACT","4844","5938b9bcc83225f43ec95c8cd8831de55d135dfe8c0c4f21b7cc8d580f30142d"
"tests/Support/ProfessionalStatusContextualTransitionStoreContract.php","A ","EXPECTED_TEST_ARTIFACT","3292","94198dc5b5be00a4072b36bfe6e2ed3c4c7e19740b485c997bda718ba4248e87"
"tests/Support/ProfessionalStatusWorkflowStoreContract.php","A ","EXPECTED_TEST_ARTIFACT","4764","faa84eb8dd422727dac0bf45a09f09ce5f9965fc75dcbb7068ac46a38001efcf"
"tests/Support/PublicListingReadModelFixture.php","A ","EXPECTED_TEST_ARTIFACT","2978","7f35a7b5bc0d10788292a2d6af19ade845d25ea69d27e805640c0e8a95eeca77"
"tests/Support/PublicMediaDecisionFixture.php","A ","EXPECTED_TEST_ARTIFACT","1321","ab3e3088bb4e9e83283cecaf8b45b63bede192539712263678aa78b6e56a4ae0"
"tests/Support/SearchDecisionFixture.php","A ","EXPECTED_TEST_ARTIFACT","2003","3508f46408e273e8b0aa2859d907e0e713024fa45648131081de38eec88e599d"
"tests/TestCase.php","  ","EXPECTED_TEST_ARTIFACT","142","c7c209f5579c42647c1f7b2a79ac828e8b54ac62a98442045a6e94fa2c0d0ebc"
"tests/Unit/ActiveGenerationReader/ActiveGenerationReadResultTest.php","A ","EXPECTED_TEST_ARTIFACT","1218","eac89e0b2fdf7a425fe48c033f54e3c88efbf4cba0c3bbd53b620bbca0b772db"
"tests/Unit/AdministrationAudit/AdministrationAuditPublicAppendImplementationTest.php","A ","EXPECTED_TEST_ARTIFACT","3249","f9153af5e074efc172031f554233ce2ecdc3a045ecee0657a75da8b20ca6d86d"
"tests/Unit/AdministrationAudit/AdministrativeActionLifecycleAtomicEventOrchestratorTest.php","A ","EXPECTED_TEST_ARTIFACT","7642","8facd02bbe6ce4f33428bc474c850d5dbf5a3a46d3a7a693e7a9d3c55ecd253e"
"tests/Unit/AdministrationAudit/AdministrativeActionLifecycleDeliveryConsumptionPolicyTest.php","A ","EXPECTED_TEST_ARTIFACT","2642","9096db0a50f31ea491ba8cb9aa0d1589a467b8e87bdbb202e4269a06f484f97b"
"tests/Unit/AdministrationAudit/AdministrativeActionLifecycleEventContractTest.php","A ","EXPECTED_TEST_ARTIFACT","7042","2ae0bfa45820f369c9decbdc509a1ea448e6e41575103e9afea20bf27606401a"
"tests/Unit/AdministrationAudit/AdministrativeActionLifecycleEventTransportContractTest.php","A ","EXPECTED_TEST_ARTIFACT","10436","0c7582e8d24ee993ef199fadde7eb909347af915e2dacc68c036daed2dccfdaf"
"tests/Unit/AdministrationAudit/AdministrativeActionLifecycleOutboxCompatibilityTest.php","A ","EXPECTED_TEST_ARTIFACT","10204","ea046338b01d1366a20b40227059ad263a10c3fc31100a7b562a97b86dbe9006"
"tests/Unit/AdministrationAudit/AdministrativeActionTransitionContextContractTest.php","A ","EXPECTED_TEST_ARTIFACT","12636","a11d4d43bddd9d5d4730383bd0fc9f113c32e014c5182d5ec2062bddc34ce49e"
"tests/Unit/AdministrationAudit/DeterministicAdministrativeActionLifecycleOrchestratorTest.php","A ","EXPECTED_TEST_ARTIFACT","10718","d97863bbfb9db010d93df22ba193ea1a9c670192fc0da7f41cb8988f5b2a11d3"
"tests/Unit/AdministrationAudit/DurableAdministrativeActionLifecycleEventRouterTest.php","A ","EXPECTED_TEST_ARTIFACT","7099","aab25d805475d3793c9943435b78f9b6fbeeb8022856a4b4276b1b86b02cafcc"
"tests/Unit/AdministrationAudit/PublicAuditAppendContractTest.php","A ","EXPECTED_TEST_ARTIFACT","4049","7eeb505725e69860672380f9b5dc4f3d8a3e6a429d25929f87e4c1f77f90a50d"
"tests/Unit/AdministrativeActionDecisionContext/AdministrativeActionDecisionContextContractTest.php","A ","EXPECTED_TEST_ARTIFACT","7623","ee7bf0eb1ce64761c9f0f221c3941ab2dabfb3908cb3964f6c46a40bd118cf69"
"tests/Unit/AdministrativeActionHistoricalMirror/AdministrativeActionHistoricalMirrorContractTest.php","A ","EXPECTED_TEST_ARTIFACT","10827","a83eae1ecc4bfffb4608b229d4df6a94aa459701850ff26516936ab8dca9983b"
"tests/Unit/AdministrativeActionLifecycle/AdministrativeActionLifecycleWorkflowTest.php","A ","EXPECTED_TEST_ARTIFACT","9687","42fc12ab5095537cf182086abfd3fb05692f8a1b336d87d102c0a88fb551386b"
"tests/Unit/AdministrativeActionLifecycleHttpResultMapperTest.php","A ","EXPECTED_TEST_ARTIFACT","2547","571f1d0cb2292e120111704efda84b51b479ebfcd1fe872d3febaef22ad3eb04"
"tests/Unit/AdministrativeActionLifecyclePersistence/AdministrativeActionLifecycleWorkflowMapperTest.php","A ","EXPECTED_TEST_ARTIFACT","3774","9a23f8caf1da9f3a903e019080958d2c805c9566acd39c4aecc8c89d05b8fb5f"
"tests/Unit/AdministrativeActionPersistenceCoexistence/AdministrativeActionPersistenceCoexistenceContractTest.php","A ","EXPECTED_TEST_ARTIFACT","7747","30c3fc8802778c7c7b338be95d6451e5f163ab713a63d93bb999039ef472bcd0"
"tests/Unit/Application/AccountAvailabilityPolicyTest.php","A ","EXPECTED_TEST_ARTIFACT","7581","77234bd9798bc2a4a33d80b016e9ff5011a88f583ef8eee1530a53267325ca53"
"tests/Unit/Application/IdentityAccessCompletionPersistenceMapperTest.php","A ","EXPECTED_TEST_ARTIFACT","1193","bcf4ab8aae7b9afee3c7a1127be679f774b2ec71afc7107a1028e871a96ac24e"
"tests/Unit/Application/IdentityAccessEventDeliveryTest.php","A ","EXPECTED_TEST_ARTIFACT","5878","846229fd74ee7d019474935b3b1e98e96f27ba6aa957f97aba964cfda13ed1a2"
"tests/Unit/Application/IdentityAccessOrchestratorTest.php","A ","EXPECTED_TEST_ARTIFACT","3872","9cb96229f2a2a860b267f4f3cac848b86330d82f38ba79794439792d8b0556e6"
"tests/Unit/Application/IdentityAccessRuntimeHealthTest.php","A ","EXPECTED_TEST_ARTIFACT","1843","e5fbc2bb817e13cac186d0f0675a191371babd7aaacb1174feea3e979e1a6246"
"tests/Unit/Application/ModerationAtomicOperation/ModerationAtomicMutationTest.php","A ","EXPECTED_TEST_ARTIFACT","3433","1c7dad95f05d66ebeabec3bf47ca0cabe59485c4410bde2525798285eb4abe7a"
"tests/Unit/Application/ModerationEventOutbox/ModerationEventOutboxContractTest.php","A ","EXPECTED_TEST_ARTIFACT","2083","b51b614a19762382064551f30e513fc8f70a3a1378525c0704ccca8457397def"
"tests/Unit/Application/ModerationListingHandoff/ModerationListingHandoffConsumerTest.php","A ","EXPECTED_TEST_ARTIFACT","12723","2d2c9103571c0ea59341d2471eaf9645da1fd3a2c67d85eb05499ebc945dae41"
"tests/Unit/Application/PublicListingQueryTest.php","A ","EXPECTED_TEST_ARTIFACT","4077","1dd3fd77e2cf8115cb1d5f57c30cc61c703900e4fb1aba33ef54ab5fa2d0c654"
"tests/Unit/Application/PublicProjectionReconciliation/PublicProjectionReconciliationEngineTest.php","A ","EXPECTED_TEST_ARTIFACT","6314","1ce7d7476df4c5ed458a7e0656e73be3178d6374372b3d115ce669a763169d12"
"tests/Unit/Application/PublicProjectionReconciliation/Support/FakePublicProjectionReconciliationSource.php","A ","EXPECTED_TEST_ARTIFACT","1020","f07bd74bed3910ddc1407b8329287ef0b66dbb480b84dbb5d1d96c8b0b1190af"
"tests/Unit/Application/PublicProjectionReconciliation/Support/FakePublicProjectionReplayPlanner.php","A ","EXPECTED_TEST_ARTIFACT","548","a63184cb1d956c1d07442edf3e09540b86e0acb391f697422541dfe489493b3e"
"tests/Unit/Application/PublicProjectionRetry/PublicProjectionReplayAndQuarantineTest.php","A ","EXPECTED_TEST_ARTIFACT","5195","da659ec6c070cccb2ba3f750e8e3e14d3a463a5ae7a484e2924eb8cb3fa40795"
"tests/Unit/Application/PublicProjectionRetry/PublicProjectionRetryPolicyTest.php","A ","EXPECTED_TEST_ARTIFACT","3042","effd03f3e1147b0827968b269473d3fa31ab108d3d127be177496ee736052013"
"tests/Unit/Application/PublicProjectionRetry/Support/FakePublicProjectionBackoff.php","A ","EXPECTED_TEST_ARTIFACT","674","05634e791a882fffe49dba08d5e983fc3f60323b901770d1beb964deec4f0622"
"tests/Unit/Application/PublicProjectionRetry/Support/FakePublicProjectionQuarantine.php","A ","EXPECTED_TEST_ARTIFACT","413","cc0ce14754a4ccc4ca5018cbc5e56d91cc25eb3140dd279151b863642343a320"
"tests/Unit/Application/PublicProjectionRetry/Support/FakePublicProjectionReplay.php","A ","EXPECTED_TEST_ARTIFACT","400","3732b9ceda49feed8aaccf39e547db0582f549c3dc92cabfcaf1b71d57a9bb1e"
"tests/Unit/Application/PublicProjectionUpdaterIntegration/PublicProjectionUpdaterConsumerTest.php","A ","EXPECTED_TEST_ARTIFACT","9834","8fde8b647a7b27fbe3dff625dab8164eec3fe89f6c3cd7f57a735afa3facd7bd"
"tests/Unit/Application/PublicProjectionUpdaterIntegration/PublicProjectionUpdaterMultiTargetConsumerTest.php","A ","EXPECTED_TEST_ARTIFACT","12358","300e64286d973a1a5e71f9960936521647015283001c3f7b61c65ffbfea58076"
"tests/Unit/Application/PublicProjectionUpdaterIntegration/Support/FakePublicProjectionSourceLookup.php","A ","EXPECTED_TEST_ARTIFACT","685","6bae87b23f6a4590b3837b0fb7978fa0fda9a7aaf8ac8ef3627f4f9aa831ddf0"
"tests/Unit/Application/PublicProjectionUpdaterIntegration/Support/FakePublicProjectionUpdateExecutor.php","A ","EXPECTED_TEST_ARTIFACT","748","b862013db2198174059da88a742086ba39f71c85249be3c517d0a8b60d5df8f8"
"tests/Unit/Application/PublicProjectionWorker/PublicProjectionDeliveryWorkerTest.php","A ","EXPECTED_TEST_ARTIFACT","10028","1333c50b5c11aa015eb2ae4705763812e0cabde0f562c39738f731228b8326cb"
"tests/Unit/Application/PublicProjectionWorker/PublicProjectionRoutedDeliveryWorkerTest.php","A ","EXPECTED_TEST_ARTIFACT","3996","9d7ae489db89a00bf627c713c53cca23885a9138c0dd0474dce68c52eba3021c"
"tests/Unit/Application/PublicProjectionWorker/Support/FakeConfiguredDeliveryConsumer.php","A ","EXPECTED_TEST_ARTIFACT","678","3fe5cb81a55a4f62ee0e7f6112bb74efda524fa23b310998c5814f981d7c59f2"
"tests/Unit/Application/PublicProjectionWorker/Support/FakePublicProjectionDeliveryClock.php","A ","EXPECTED_TEST_ARTIFACT","430","9b77c3bee562737a3efd09a5815650bf5febeda819f2b9669dfda0a39399929e"
"tests/Unit/Application/PublicProjectionWorker/Support/FakePublicProjectionOutboxRetryPolicy.php","A ","EXPECTED_TEST_ARTIFACT","1003","02bb5ef6c28cfd82707b34562995f5df43cac22429bcfd34f5385c18b5948aaa"
"tests/Unit/Application/Support/InMemoryPublicListingQuery.php","A ","EXPECTED_TEST_ARTIFACT","1083","1ff415fc5f4bae14ca270f8b5fcb9dbf0df892cf46a2a81037d94d059e7d36fa"
"tests/Unit/AuthoringOperations/AuthoringOperationCommandTest.php","A ","EXPECTED_TEST_ARTIFACT","1855","7338be0f5e764d5a23a93c9d2e1dd63e2da65e41c5f6645dbf8687e851e93fe4"
"tests/Unit/AuthoringOperations/AuthoringSubmissionHandoffTest.php","A ","EXPECTED_TEST_ARTIFACT","4757","984b7d94c8cce473ed624cd3eaaef67336ffbd53a2850572d863dcc037300773"
"tests/Unit/Contracts/ActiveGenerationReader/ActiveGenerationReaderContract.php","A ","EXPECTED_TEST_ARTIFACT","1400","6ef57a05cb139c819de33bc8279e2c442108755088148d155bcebc5de1a6dd30"
"tests/Unit/Contracts/ActiveGenerationReader/FakeActiveGenerationReaderContractTest.php","A ","EXPECTED_TEST_ARTIFACT","1319","742de05f4d0fd45e02f90d73a932d1803c12da284f3f31097b9b07c94d166135"
"tests/Unit/Contracts/AdministrationAudit/AdministrativeActionRegistryContract.php","A ","EXPECTED_TEST_ARTIFACT","11156","32b69ab9900186e5f29dd42a868d16f3ede0587ac7558533734c436a306c82d7"
"tests/Unit/Contracts/AdministrationAudit/AdministrativeActionRegistryHarness.php","A ","EXPECTED_TEST_ARTIFACT","1144","cc16d2451d123010fa2685cff60d98565d377e5542195884e9b6984bf6d02e5e"
"tests/Unit/Contracts/AdministrationAudit/FakeAdministrativeActionRegistryContractTest.php","A ","EXPECTED_TEST_ARTIFACT","314","e018d35251ed982641a3e6eee409e918255af2fbd4db1ed6ef4c68a2b4a2a7f5"
"tests/Unit/Contracts/AdministrationAudit/FakeAdministrativeActionRegistryHarness.php","A ","EXPECTED_TEST_ARTIFACT","4071","48b9c0f2bc45364e4e2e89f7da637bdcbdd3ea79fab454706ef04e3efd6185f5"
"tests/Unit/Contracts/ContentSeoSnapshot/ContentSeoSourceSnapshotStoreContract.php","A ","EXPECTED_TEST_ARTIFACT","2196","6e8f41aae93f8252983c5416326016ca22856c454f5133e3c7afc75277add633"
"tests/Unit/Contracts/ContentSeoSnapshot/FakeContentSeoSourceSnapshotStoreContractTest.php","A ","EXPECTED_TEST_ARTIFACT","2217","6cdc653a24888c69995fbe2086fe6ec1cc2403d6722f5f63d3974e6127a38276"
"tests/Unit/Contracts/DecisionTimeSource/ContentSeoSnapshotDecisionTimeReaderContractTest.php","A ","EXPECTED_TEST_ARTIFACT","2170","95f471e07289cb4100239cd535b26c3188cea2d6e8f84ccc0e3f9f0ecab27590"
"tests/Unit/Contracts/DecisionTimeSource/DecisionTimeReaderContract.php","A ","EXPECTED_TEST_ARTIFACT","1574","a7fd18bcacb5b171e8758bb72a2a230b64e4c2b7e7a6f2685965a9d787fec60b"
"tests/Unit/Contracts/HistoricalCanonicalQualification/HistoricalCanonicalQualifierContract.php","A ","EXPECTED_TEST_ARTIFACT","2879","55a513266a5ef8d97ff4cfaa16bf56ecddda1ca33453915e56e00776154d128d"
"tests/Unit/Contracts/HistoricalRedirect/HistoricalRedirectResolverContract.php","A ","EXPECTED_TEST_ARTIFACT","3698","24cd999203fbfbbd97f2daa589460985ff1afb23a5d796fb8dcd1e4654f6ab72"
"tests/Unit/Contracts/LeadEligibilitySourceData/LeadEligibilityDecisionMaterializerContract.php","A ","EXPECTED_TEST_ARTIFACT","7221","7f10a29ef529fdd615f06a1af8a11b25ed15e3b91cfbbe07af9fd79ab62d5a51"
"tests/Unit/Contracts/LeadLifecycleWorkflow/LeadLifecycleWorkflowStoreContract.php","A ","EXPECTED_TEST_ARTIFACT","5231","ce76931bed502b7bb1f61781074df400ae60f258b8c1df9f590692b6489c07d9"
"tests/Unit/Contracts/ListingLifecycle/FakeListingRegistryContractTest.php","A ","EXPECTED_TEST_ARTIFACT","259","f2513db2619c4b27f7c268983a0c28f1694c699b77b397e296ba2268d4eb5afc"
"tests/Unit/Contracts/ListingLifecycle/FakeListingRegistryHarness.php","A ","EXPECTED_TEST_ARTIFACT","5035","1d96d3566af2f2ffbf0651a2a80ad071c6a77f349f7c12e680d0ad1d289ad31b"
"tests/Unit/Contracts/ListingLifecycle/ListingRegistryContract.php","A ","EXPECTED_TEST_ARTIFACT","10049","84194fd90632ad73066981a88ab0eec4f095567a5dcbec9452ae8249a3048b5d"
"tests/Unit/Contracts/ListingLifecycle/ListingRegistryHarness.php","A ","EXPECTED_TEST_ARTIFACT","772","de31860f5bd8976823377f90f51263c8f8a58a116c172ad68d02329892805173"
"tests/Unit/Contracts/ListingPublicationWorkflow/ListingPublicationWorkflowRepositoryContract.php","A ","EXPECTED_TEST_ARTIFACT","5560","330ede776673e8c805b70b30058dd70af4a10a30b1351fb86f2a8426a07fdeeb"
"tests/Unit/Contracts/Media/FakeMediaCollectionRegistryContractTest.php","A ","EXPECTED_TEST_ARTIFACT","280","b88c5d3e9373cfcc121077057277e404ccd5ec60e27f0e920ea36619d1595c87"
"tests/Unit/Contracts/Media/FakeMediaCollectionRegistryHarness.php","A ","EXPECTED_TEST_ARTIFACT","2881","45de050b35aaa4a4dbd6fc820ad8962e256a9427fe7993fd6a95c7e7e929c85a"
"tests/Unit/Contracts/Media/MediaCollectionRegistryContract.php","A ","EXPECTED_TEST_ARTIFACT","10470","40dfcfab7536e4a4ecff7c4b770871841105b72c4386abfda1a886ca2c25f3a1"
"tests/Unit/Contracts/Media/MediaCollectionRegistryHarness.php","A ","EXPECTED_TEST_ARTIFACT","985","4e10394ddde8e76a01e1129ac9428bee1ffc61c1fe04be576a04735488a45543"
"tests/Unit/Contracts/MediaOwnership/FakeMediaCollectionOwnershipLookupContractTest.php","A ","EXPECTED_TEST_ARTIFACT","1480","40710dbeb0b94d79aac02e3a066f4d27890375ef1cae88c46af527c0acaa280d"
"tests/Unit/Contracts/MediaOwnership/MediaCollectionOwnershipLookupContract.php","A ","EXPECTED_TEST_ARTIFACT","2500","56cb8d34f3c971c50dfd2f996a0df99d285a849d05aeec60b9b9882dadfbcfcf"
"tests/Unit/Contracts/PropertyLifecycleWorkflow/PropertyLifecycleWorkflowStoreContract.php","A ","EXPECTED_TEST_ARTIFACT","5494","e829fae694f1b6636d038dd0f03cb4512029a8466f2d2e14d01eb9c382c28f7b"
"tests/Unit/Contracts/PublicGeographyRevision/FakePublicGeographyRevisionReaderContractTest.php","A ","EXPECTED_TEST_ARTIFACT","1079","86ff922826beb4dd31d0d61157f78f976881c143b77b521aeaea203c291ae548"
"tests/Unit/Contracts/PublicGeographyRevision/PublicGeographyRevisionReaderContract.php","A ","EXPECTED_TEST_ARTIFACT","1091","d0d815b08a2d553a01b75bce70097131edb88ed67d8ccbf2bd851d3a44febbd8"
"tests/Unit/Contracts/PublicMediaRevision/FakePublicMediaRevisionReaderContractTest.php","A ","EXPECTED_TEST_ARTIFACT","1069","5b5cc77165cfa902d527586fb0eb45d23a352e32d3ff052f5ad9691086d88034"
"tests/Unit/Contracts/PublicMediaRevision/PublicMediaRevisionReaderContract.php","A ","EXPECTED_TEST_ARTIFACT","1209","555932ffbc7d1a5372efe268855b1786f94087b92c71423b3137a590083edd94"
"tests/Unit/Contracts/PublicProjectionDelivery/FakePublicProjectionDeliveryContractTest.php","A ","EXPECTED_TEST_ARTIFACT","162","397f97995ef23b7f28fe637f7c626b9e643916b6018a97aabe1ada52e6c90930"
"tests/Unit/Contracts/PublicProjectionDelivery/PublicProjectionDeliveryContract.php","A ","EXPECTED_TEST_ARTIFACT","14533","6e29dab126b2c17d9914c492e15611a35be62cd9d1c74cadf648b0246532acfb"
"tests/Unit/Contracts/PublicProjectionDelivery/Support/FakePublicProjectionDeliveryConsumer.php","A ","EXPECTED_TEST_ARTIFACT","3226","68d506974073909b2738a54ccecae5b2cf6a3552f7f10f52431fdda98f29b123"
"tests/Unit/Contracts/PublicProjectionOutbox/FakePublicProjectionOutboxContractTest.php","A ","EXPECTED_TEST_ARTIFACT","156","58bcd778186bf9d99003eb36fa03d781bf7a3867311144fad7159575a4ad2354"
"tests/Unit/Contracts/PublicProjectionOutbox/PublicProjectionOutboxContract.php","A ","EXPECTED_TEST_ARTIFACT","13063","303630e4194df1a4400cfe53ae428c6072fc694107d26ae63e9f0b553bf9e39d"
"tests/Unit/Contracts/PublicProjectionOutbox/Support/FakePublicProjectionOutboxClaimManager.php","A ","EXPECTED_TEST_ARTIFACT","3394","511739c9058693ceb050c63134f00114b852d448500262cf04c88bf40b73a9d1"
"tests/Unit/Contracts/PublicProjectionOutbox/Support/FakePublicProjectionOutboxCursorStore.php","A ","EXPECTED_TEST_ARTIFACT","1133","ee1915214647078cfe91d0ecffe1f37851a95b2d5c128e71945baa9ceb4b9875"
"tests/Unit/Contracts/PublicProjectionOutbox/Support/FakePublicProjectionOutboxReader.php","A ","EXPECTED_TEST_ARTIFACT","2784","cbedc8229f86d3cd21a82d2f4541ddd01750b7cd5c7103caaa4c0ed92815a079"
"tests/Unit/Contracts/PublicProjectionOutbox/Support/FakePublicProjectionOutboxState.php","A ","EXPECTED_TEST_ARTIFACT","1033","f4235b5eabfde1df5b93210a9e1055a7a48f0d5651ac6f8fbab960e9736f319b"
"tests/Unit/Contracts/PublicProjectionOutbox/Support/FakePublicProjectionOutboxWriter.php","A ","EXPECTED_TEST_ARTIFACT","7019","46218cb74f68f983ed0259ed9c76fde4c2a84fb629ba13863b66e71a2ce3e91c"
"tests/Unit/Contracts/PublicProjectionStore/FakePublicListingProjectionStoreContractTest.php","A ","EXPECTED_TEST_ARTIFACT","316","4e8132406ff23b01287e1e8f9ca142c51922d6c80446ada67b9663dfaa6ed1f5"
"tests/Unit/Contracts/PublicProjectionStore/FakePublicListingProjectionStoreHarness.php","A ","EXPECTED_TEST_ARTIFACT","2018","383adcb9a07e86c7072abccf7e5bf71df01809ae1111623db6f85b9ca9ff5be7"
"tests/Unit/Contracts/PublicProjectionStore/PublicListingProjectionStoreContract.php","A ","EXPECTED_TEST_ARTIFACT","14587","40b42f66eb9b163771bf7700b73e9131cc99fe43d0750e313d127a1d27cc4e14"
"tests/Unit/Contracts/PublicProjectionStore/PublicListingProjectionStoreHarness.php","A ","EXPECTED_TEST_ARTIFACT","779","a32cf63ff18db49189b701a45fea718664e4c354aeec897986fcb7c1b48ee49a"
"tests/Unit/Contracts/PublicProjectionStore/Support/FakePublicListingProjectionStore.php","A ","EXPECTED_TEST_ARTIFACT","9191","89255948c84f07a33064338a592f86be721d38e469445cb4c6feb8982a9bcb9f"
"tests/Unit/Contracts/RealEstateCatalog/FakePropertyRegistryContractTest.php","A ","EXPECTED_TEST_ARTIFACT","264","85ea5d6fb7edb63503788a8f940d1dcf1040848fb9ca62721d25f163c8520fcf"
"tests/Unit/Contracts/RealEstateCatalog/FakePropertyRegistryHarness.php","A ","EXPECTED_TEST_ARTIFACT","4151","1e20164862d0bf62bcf2bb95ab5fb3d05682b3401880e4825fe3d9aa196e4f0d"
"tests/Unit/Contracts/RealEstateCatalog/PropertyRegistryContract.php","A ","EXPECTED_TEST_ARTIFACT","8755","c35738403863fbabb48d6920ad3f51596ce1da2060f4f2a8e688db75d684d5bb"
"tests/Unit/Contracts/RealEstateCatalog/PropertyRegistryHarness.php","A ","EXPECTED_TEST_ARTIFACT","1105","f2b1f7a3f82f02ae15dedef162c53142cda59c573f3e90f1da54e509d77eba39"
"tests/Unit/Contracts/ReservationLifecycleWorkflow/ReservationLifecycleWorkflowStoreContract.php","A ","EXPECTED_TEST_ARTIFACT","5758","0430d553b807a0ec69275c5f5449d875531c75084c6cdd93192a28a4a26922fe"
"tests/Unit/Contracts/SearchDecision/FakeSearchDecisionStoreContractTest.php","A ","EXPECTED_TEST_ARTIFACT","2069","aa4585c294fc3de6904782323f3429167c3e1f2961d968b8f15dce386f42cccb"
"tests/Unit/Contracts/SearchDecision/SearchDecisionStoreContract.php","A ","EXPECTED_TEST_ARTIFACT","2423","23986393d45f696cebe077ae277873af88281b93e6c8612c0eea4885e3698352"
"tests/Unit/FoundationInfrastructureReadinessTest.php","A ","EXPECTED_TEST_ARTIFACT","3610","2bc88963126b7e7147cdb50c755f20f5bbdd0dbee795cdbc976d96cbb1bf1f9e"
"tests/Unit/HistoricalCanonicalQualification/HistoricalCanonicalQualificationTest.php","A ","EXPECTED_TEST_ARTIFACT","4035","b4070b10a8d7b3b47e1aae0c730e9d32e21748aa278b359fe7e29cb26b3d71b1"
"tests/Unit/HistoricalRedirect/HistoricalRedirectResolutionTest.php","A ","EXPECTED_TEST_ARTIFACT","4665","c8babf3bd4ef189498831ea3cdef58a70ff5f15f6d7a9261940010ee1634bc21"
"tests/Unit/Http/PublicListingControllerTest.php","A ","EXPECTED_TEST_ARTIFACT","2609","1247459dfbede51f0456ab5a2fe4d5505bf6fc6ed2f0f115c86a917b3f7ded4b"
"tests/Unit/IdentityAccess/ModeratorAuthorization/ModeratorAuthorizationContractTest.php","A ","EXPECTED_TEST_ARTIFACT","1959","f2cf4190cf3e49c6778afd6d6bd3c3002cd5b77f3635caf0cbb7c6532088182f"
"tests/Unit/IdentityAccess/ModeratorAuthorization/ModeratorAuthorizationRuntimeBindingTest.php","A ","EXPECTED_TEST_ARTIFACT","1359","ed01215889c2612d22c3447be458ce748e73eb071e69628fab1d214e33bb4652"
"tests/Unit/IdentityAccess/ModeratorAuthorization/OwnerModeratorAuthorizationReaderV1Test.php","A ","EXPECTED_TEST_ARTIFACT","5522","33dcaf1c7ffeb2dbefeb3729141b3218adf52a72ec8b521053f09e2e5cabe2a2"
"tests/Unit/Infrastructure/AdministrationAudit/AdministrativeActionMapperTest.php","A ","EXPECTED_TEST_ARTIFACT","9386","973efaeb6b034f77bc089d6525a9fa1f6007841b6abfa6981b00525fa9c447dc"
"tests/Unit/Infrastructure/ListingLifecycle/ListingMapperTest.php","A ","EXPECTED_TEST_ARTIFACT","4857","77126949d7afdd08ee08836d8478403da7c1063ca7cb470b012b88d30628ba22"
"tests/Unit/Infrastructure/RealEstateCatalog/PropertyMapperTest.php","A ","EXPECTED_TEST_ARTIFACT","6747","66d0571b3fe7f1b88b989a0614ed720e9dd033a89b659007d604fe621420279c"
"tests/Unit/LeadEligibilitySource/MaterializedEligibilityCatalogTest.php","A ","EXPECTED_TEST_ARTIFACT","5898","dedcf7e9948b9cdbddc150275e03ce9ef08a3a069ea2dc742649e26d753ff62e"
"tests/Unit/LeadLifecycleEvent/LeadLifecycleEventContractTest.php","A ","EXPECTED_TEST_ARTIFACT","6668","b9efa078f120ab260d45fd2db873f415460e1d2662628238a77281adff1ed817"
"tests/Unit/LeadLifecycleEventConsumption/LeadLifecycleDeliveryConsumptionPolicyTest.php","A ","EXPECTED_TEST_ARTIFACT","2377","dffc89a06a77a3cc719fb8513725e6731b2e00d9a9158542bba986de197a46f0"
"tests/Unit/LeadLifecycleEventIntegration/LeadLifecycleAtomicEventOrchestratorTest.php","A ","EXPECTED_TEST_ARTIFACT","5138","75809d1c91139dd01999111b8844bcb649bca0a47f88c209569a4cffa2ddd854"
"tests/Unit/LeadLifecycleEventRouting/DurableLeadLifecycleEventRouterTest.php","A ","EXPECTED_TEST_ARTIFACT","5500","95d697db164c2cc9f323756775bb1ba402d1d708679c7983e0d6e3190706ec75"
"tests/Unit/LeadLifecycleEventTransport/LeadLifecycleEventTransportContractTest.php","A ","EXPECTED_TEST_ARTIFACT","8567","e48fdb2cfa5a9ef73db046c741aa7db509bbf4b87790a03b2b112a9001b58db3"
"tests/Unit/LeadLifecycleEventTransport/LeadLifecycleOutboxCompatibilityTest.php","A ","EXPECTED_TEST_ARTIFACT","8636","62e64cff71e4c26a3da83887c3882b2def44ee0667e27b4eff04d590de993ab7"
"tests/Unit/LeadLifecycleHttpRuntime/LeadLifecycleHttpResultMapperTest.php","A ","EXPECTED_TEST_ARTIFACT","2848","236599802b40e1b8aefa19055ec123848cf567d6f8be1c1083f9ccf2a143a8d9"
"tests/Unit/LeadLifecycleOrchestration/DeterministicLeadLifecycleOrchestratorTest.php","A ","EXPECTED_TEST_ARTIFACT","7897","89e326a7a55d6d43041b2357b7ed844b82583a9e27a3fccfd896262bc8c8e75c"
"tests/Unit/LeadLifecycleTransitionContract/LeadLifecycleContextualReplayInspectionContractTest.php","A ","EXPECTED_TEST_ARTIFACT","3064","c528f640d9979ba99159ca57e62301aedd14561ae53f8be71bb4bf6b4d60431f"
"tests/Unit/LeadLifecycleTransitionContract/LeadLifecycleTransitionContextContractTest.php","A ","EXPECTED_TEST_ARTIFACT","3618","a4f3951ec742e545a59a891af8ba3ecd0997112c49dbb748e1d468daded7ca4f"
"tests/Unit/LeadLifecycleWorkflow/LeadLifecycleWorkflowTest.php","A ","EXPECTED_TEST_ARTIFACT","5603","a66a4fdd987401e903d7f734cba17e62f3719a19bd40a1462be07862c29d53e3"
"tests/Unit/ListingCreation/CreateListingDraftV1ContractTest.php","A ","EXPECTED_TEST_ARTIFACT","2842","ef0c6a04eb557971c337ea25555f4d2c22a448e2d4cb2725c9210d967b31acb3"
"tests/Unit/ListingLifecycle/ModerationBoundary/ListingModerationBoundaryContractTest.php","A ","EXPECTED_TEST_ARTIFACT","1315","2176d001120e8791270b90c70236c06adaca0a4ce5334d81ebc311a200c1adb5"
"tests/Unit/ListingLifecycle/ModerationBoundary/OwnerListingModerationBoundaryTest.php","A ","EXPECTED_TEST_ARTIFACT","9527","288aea4849c15787ce950fd5e95fae14b6f0c23a24f40eb907b08bdd313a4c59"
"tests/Unit/ListingPublicationEventRouting/DurableListingPublicationEventRouterTest.php","A ","EXPECTED_TEST_ARTIFACT","4705","c454ba03207c30aa0980bd7597bd3cc698580033a3518f3b8974589afcb1d01b"
"tests/Unit/ListingPublicationEventTransport/ListingPublicationEventTransportContractTest.php","A ","EXPECTED_TEST_ARTIFACT","8905","55235b10fb97fcbd1db42ff3736d52b7b0a1db48ed5008d1ae425a49c3d65534"
"tests/Unit/ListingPublicationEventTransport/ListingPublicationOutboxCompatibilityTest.php","A ","EXPECTED_TEST_ARTIFACT","10078","138691d2212d4499f678e8654d37f31c6ee814625eada1bbcceda7b81edc6776"
"tests/Unit/ListingPublicationWorkflow/ListingModerationVersionReadAmendmentTest.php","A ","EXPECTED_TEST_ARTIFACT","1695","2a3b8766f149bc37c68a03d70af462b83e1ae12abe61a133f341ba74a563b30a"
"tests/Unit/ListingPublicationWorkflow/ListingPublicationEventContractTest.php","A ","EXPECTED_TEST_ARTIFACT","10630","283a7021e59e19fbb0784f1b4fa1d6f5b0d055978468dd97e917ce602794d04d"
"tests/Unit/ListingPublicationWorkflow/ListingPublicationOrchestratorTest.php","A ","EXPECTED_TEST_ARTIFACT","9987","944cfb96cbeceb555fdf5230f94926e9b19f61fddc2d532e449c74b521ddc77f"
"tests/Unit/ListingPublicationWorkflow/ListingPublicationWorkflowTest.php","A ","EXPECTED_TEST_ARTIFACT","6863","98ff4dd16457c215e849cbdaa32c562980b268d99929bf5e11864b0b0ce289c2"
"tests/Unit/MediaIngestionEvent/MediaIngestionEventFoundationTest.php","A ","EXPECTED_TEST_ARTIFACT","5747","e00d47e04d33837485fff8e5e717e8d9e30c800565b70c76887ee7e4477a4e51"
"tests/Unit/MediaIngestionEvent/MediaIngestionEventOutboxContractTest.php","A ","EXPECTED_TEST_ARTIFACT","493","2e09a824406d9a94a222dc79730207a41da34d3a5cc684d2018498c3fbbdaf77"
"tests/Unit/MediaIngestionPersistence/MediaIngestionStateMapperTest.php","A ","EXPECTED_TEST_ARTIFACT","1608","1750309e0b0e671264e60815250c795d335759f4cbc8005bcbc81b007a0bea96"
"tests/Unit/MediaIngestionRuntime/MediaIngestionRuntimeAvailabilityPolicyTest.php","A ","EXPECTED_TEST_ARTIFACT","1564","c7ce80eb78bb141d1e1cb88a37743dcf106adfb3b1adab3a742848dd55ba7dda"
"tests/Unit/MediaItemLifecycleContext/MediaItemLifecycleContextualPersistenceContractTest.php","A ","EXPECTED_TEST_ARTIFACT","5401","89fafe5b9a096317404124af041881369f38f3157ba825427ced4a46b2803036"
"tests/Unit/MediaItemLifecycleContext/MediaItemLifecycleTransitionContextTest.php","A ","EXPECTED_TEST_ARTIFACT","6516","d714879fc704f02116aeed2084102f65a86ec8a51bbb5af8b8ef42edb6906dd1"
"tests/Unit/MediaItemLifecycleEvent/MediaItemLifecycleEventContractTest.php","A ","EXPECTED_TEST_ARTIFACT","6427","4a9bf3e2e2344891340648975a2596f346e8f51444f2125aaf23bc02a7b80384"
"tests/Unit/MediaItemLifecycleEventConsumption/MediaItemLifecycleDeliveryConsumptionPolicyTest.php","A ","EXPECTED_TEST_ARTIFACT","2439","ca14ead54d1554fe3cc0db7eb4796bf8f9328f42ea849fe21a94ecd8aa183a54"
"tests/Unit/MediaItemLifecycleEventIntegration/MediaItemLifecycleAtomicEventOrchestratorTest.php","A ","EXPECTED_TEST_ARTIFACT","6128","9d49d0f035c5a401b6f8d1dae60b217c8a504949c4161f25ee1c800b90895151"
"tests/Unit/MediaItemLifecycleEventRouting/DurableMediaItemLifecycleEventRouterTest.php","A ","EXPECTED_TEST_ARTIFACT","5903","13d708b6a6b4d20bddc183cab8544970f3ba23c486f98f45caef7d28824811b7"
"tests/Unit/MediaItemLifecycleEventTransport/MediaItemLifecycleEventTransportContractTest.php","A ","EXPECTED_TEST_ARTIFACT","8641","367e2e577c746816473e6a359d81b18c9edbdf532c09ff5a9e1f37513f2a5f86"
"tests/Unit/MediaItemLifecycleEventTransport/MediaItemLifecycleOutboxCompatibilityTest.php","A ","EXPECTED_TEST_ARTIFACT","8799","90bd01f6bcc7e6cc22c67c1ad1b315178a07b490c027272daf99220395d74d7d"
"tests/Unit/MediaItemLifecycleHttpResultMapperTest.php","A ","EXPECTED_TEST_ARTIFACT","2101","506b420146277d5772aba5a211a0c369009ea05bf8ba15cc09b331f333940073"
"tests/Unit/MediaItemLifecycleOrchestration/DeterministicMediaItemLifecycleOrchestratorTest.php","A ","EXPECTED_TEST_ARTIFACT","12184","72577415114fc21bc70ee497299585072bbdf7cbfb4c5163328155dfa769973d"
"tests/Unit/MediaItemLifecyclePersistence/MediaItemLifecycleWorkflowMapperTest.php","A ","EXPECTED_TEST_ARTIFACT","1650","a729088441bfdd595b0d37028602f517d4d44727a2f74aa9bd7e2e8c61a0f92f"
"tests/Unit/MediaItemLifecycleWorkflow/MediaItemLifecycleWorkflowTest.php","A ","EXPECTED_TEST_ARTIFACT","5451","bf16e95987dcfdc56722a307ec42bb4ab3539b3268b98954bec361a77c61e243"
"tests/Unit/MediaOwnership/MediaOwnershipIdentityTest.php","A ","EXPECTED_TEST_ARTIFACT","902","e9e2651cadf524be45c6350ba928a004eeac750948a335b7905b1d329260a156"
"tests/Unit/ModerationEventDelivery/ModerationEventFoundationTest.php","A ","EXPECTED_TEST_ARTIFACT","3370","7deb69489cf6fef63737fadfc80117c45b41809cf4380fb9349494a259c987c5"
"tests/Unit/ModerationHttp/ModerationHttpResponseMapperTest.php","A ","EXPECTED_TEST_ARTIFACT","1763","ef85ea79cef8f30546846aa40e2b190f1d5725a989badada7855676920f6eb4a"
"tests/Unit/ModerationHttpReadBoundaries/ModerationHttpReadBoundaryContractTest.php","A ","EXPECTED_TEST_ARTIFACT","2074","67061803b245f5aaf636f1a29dae963db0a4de3fff1a3b71234ad92825c09390"
"tests/Unit/ModerationHttpReadBoundaries/ModerationHttpReadBoundaryPolicyTest.php","A ","EXPECTED_TEST_ARTIFACT","3440","ab083e45c64ceec17fe6d1cd8cba873a9af158842649661ca81c3e621be66e7a"
"tests/Unit/ModerationOperationalAuditEventContractTest.php","A ","EXPECTED_TEST_ARTIFACT","3594","066e7f46ec899b1a14d78b1db91964b969179dd10172c802da80ecf07a19ffb9"
"tests/Unit/ModerationOperationalAuditOutboxMessageTest.php","A ","EXPECTED_TEST_ARTIFACT","1453","44ae04ca595ef3ce289aa159918d04515b99fdd58c11cf56b5f93babdfed9c1a"
"tests/Unit/ModerationOperationalAuditRoutingIntegrationTest.php","A ","EXPECTED_TEST_ARTIFACT","4379","345e65450c83e7d97b6adfd10f14f3a81f8353e14104f935d0796339dcbcb7ca"
"tests/Unit/ModerationOperationalAuditTest.php","A ","EXPECTED_TEST_ARTIFACT","2071","1e1cd076b55beaa2698320fd75d2ed21266c5f90f9e16eeb48d7fa454ae3ff17"
"tests/Unit/ModerationOrchestration/ModerationFourEyesOrchestratorTest.php","A ","EXPECTED_TEST_ARTIFACT","3557","e232a7e5e81b3140ef077529784f3ea13544802fcdec2dab9c76766b45284322"
"tests/Unit/ModerationQueueOwnerReadSource/ModerationQueueOwnerReadSourceContractTest.php","A ","EXPECTED_TEST_ARTIFACT","2908","55362adaded2d55dc5fe69ba6e3a0569e49236a5c3a6f214f9757bc893e544a2"
"tests/Unit/ModerationReportOwnerReadSource/ModerationReportOwnerReadSourceContractTest.php","A ","EXPECTED_TEST_ARTIFACT","2518","168eff7e149bc10078b3e23a50a3a03aaff161314c7627c60989a3ed07413bde"
"tests/Unit/ModerationResidualOperationalAuditContractTest.php","A ","EXPECTED_TEST_ARTIFACT","4577","2c4776ab70cd1758898e217e3d21d4cffad8f0e641f60bb99128e9ae7ffcfa53"
"tests/Unit/ModerationRuntime/ModerationQueueIdempotenceRuntimeTest.php","A ","EXPECTED_TEST_ARTIFACT","1704","4bbf4ee261108663a094bd4096d0b19142bb3b49657c9fb0b4f2751880e37b20"
"tests/Unit/ModerationRuntime/ModerationRuntimeTest.php","A ","EXPECTED_TEST_ARTIFACT","2975","e4b1aab11986fdb85c1566e95ad0c8f9ff010a49567a8064814afde4caed67f4"
"tests/Unit/Modules/AdministrationAudit/AdministrationAuditUseCasesTest.php","A ","EXPECTED_TEST_ARTIFACT","7674","3543176034d089608644105dea6322ba5722993f7550b0a59b9a34ce13c24fe2"
"tests/Unit/Modules/AdministrationAudit/AdministrationAuditValueObjectsTest.php","A ","EXPECTED_TEST_ARTIFACT","1773","5ebc583efae0ea70388677e0cca2519cf5e0cdb5b545bd00c1551ee550cefeb9"
"tests/Unit/Modules/AdministrationAudit/AdministrativeActionTest.php","A ","EXPECTED_TEST_ARTIFACT","13171","ccb4268c881c1920375cf9843df52ff8db99456fd21261eed89f63a7631d907d"
"tests/Unit/Modules/AdministrationAudit/Support/FakeAdministrativeActionRegistry.php","A ","EXPECTED_TEST_ARTIFACT","2015","cd24b18d5118c6d8f023f2d684132955689bf86258acd88c5cb85dfc92550dba"
"tests/Unit/Modules/ContactsLeads/ContactsLeadsTestCase.php","A ","EXPECTED_TEST_ARTIFACT","3408","1074956db4652c42b86897e5f0bceb01200468f071523f0d73ff990271bb20dc"
"tests/Unit/Modules/ContactsLeads/LeadTest.php","A ","EXPECTED_TEST_ARTIFACT","6112","a2d96ffcb3116630030085606c80224d52b2c47adb50b6ba07de1fd3eee3a41c"
"tests/Unit/Modules/ContactsLeads/LeadUseCasesTest.php","A ","EXPECTED_TEST_ARTIFACT","6916","754618191ee4a1484ce821e0b6e70210c786e0ec5fe673cf6687b974b066ffa8"
"tests/Unit/Modules/ContactsLeads/LeadValuesTest.php","A ","EXPECTED_TEST_ARTIFACT","3222","0d320756b697a4e38abcb957ed4ca52077edff909327e65f63990dcf6ee64818"
"tests/Unit/Modules/ContactsLeads/Support/FakeAdvertiserCatalog.php","A ","EXPECTED_TEST_ARTIFACT","1540","cfd6cae92df8f47cf4d001502ae09dab220034f5d88943e7d2f07b775eebcf54"
"tests/Unit/Modules/ContactsLeads/Support/FakeLeadRegistry.php","A ","EXPECTED_TEST_ARTIFACT","2415","29d3486fc74087fac77b59ff1369d5a413847fa7b69e0882edf037a5b14dde50"
"tests/Unit/Modules/ContactsLeads/Support/FakeListingCatalog.php","A ","EXPECTED_TEST_ARTIFACT","1324","26ea8588a70a39705909ddaa83662dc62edb7c84c7b833d164644294bef1b9bd"
"tests/Unit/Modules/ContentSeo/ContentSeoTestCase.php","A ","EXPECTED_TEST_ARTIFACT","2768","8007fabf44ac9486b96090546e0616ccfcb97f9e324931199b14b2cf1cf2e41f"
"tests/Unit/Modules/ContentSeo/HtmlRobotsDirectiveTest.php","A ","EXPECTED_TEST_ARTIFACT","1120","c59ad650202472293a093e6b39ec4cbee961d5dfee273feae872a3f7fc08b6ed"
"tests/Unit/Modules/ContentSeo/ListingSeoDecisionPolicyTest.php","A ","EXPECTED_TEST_ARTIFACT","9446","a1e3583e67bae8722788c563799f581659cefadafed5cbaa560988a53d5f509d"
"tests/Unit/Modules/ContentSeo/PublicJsonLdTest.php","A ","EXPECTED_TEST_ARTIFACT","2126","1d9b77918c2614f81fcf1ee67b666243f04011e23251fc60b286cadd0519d4b4"
"tests/Unit/Modules/ContentSeo/SeoPolicyAndValuesTest.php","A ","EXPECTED_TEST_ARTIFACT","4880","bc1135ee6cf72eddbf9f26f267d74d8692fddfb8d6931f78d213ed6207473a8d"
"tests/Unit/Modules/ContentSeo/SeoProjectionTest.php","A ","EXPECTED_TEST_ARTIFACT","9236","dec56965685248ea6eed705140425337eaf933f91f644fb78a9f2011f8ccb1ca"
"tests/Unit/Modules/ContentSeo/SeoUseCasesTest.php","A ","EXPECTED_TEST_ARTIFACT","9336","e94cd7457a09e98267cbda73e8e610c9484491c165913b520e1e1e9f1235280a"
"tests/Unit/Modules/ContentSeo/Support/FakeListingCatalog.php","A ","EXPECTED_TEST_ARTIFACT","745","b51e4172b70827370e6156dd0c97123f583b311ea81bc58ab2392accf222decd"
"tests/Unit/Modules/ContentSeo/Support/FakePropertyCatalog.php","A ","EXPECTED_TEST_ARTIFACT","752","c496aaa3061446a5c3a3d54e02280f42bf4d13444a092f4a6e57bf898ce3befb"
"tests/Unit/Modules/ContentSeo/Support/FakeSearchCatalog.php","A ","EXPECTED_TEST_ARTIFACT","738","e50ae7f7e0501650f0cb0ce59709c2d86b83d680cd6cff0feed4eb56a8870675"
"tests/Unit/Modules/ContentSeo/Support/FakeSeoProjectionRegistry.php","A ","EXPECTED_TEST_ARTIFACT","3015","5193cc87a9fb845604495b8c063c20082140de52375f6c45c1c5ac501ab5ced8"
"tests/Unit/Modules/Geography/DurablePlaceLifecycleEventRouterTest.php","A ","EXPECTED_TEST_ARTIFACT","5770","574df98c33804634dc81b257af9c7487ddb90d43bd2e49033e20dac1f07741b5"
"tests/Unit/Modules/Geography/GeographyUseCasesTest.php","A ","EXPECTED_TEST_ARTIFACT","11081","8621aad38c5c1f745a8a2d48bf0d179b9a8be6ce9687aea6118c916411f0e38b"
"tests/Unit/Modules/Geography/PlaceLifecycleDeliveryConsumptionTest.php","A ","EXPECTED_TEST_ARTIFACT","7202","cc92ed63c51f0d34c660f0efa4dd2644362dfe99f5e933910de15c4062fad9d9"
"tests/Unit/Modules/Geography/PlaceLifecycleEventContractTest.php","A ","EXPECTED_TEST_ARTIFACT","10502","dc7d56eeb7dbab8ad76b5c626fc327e3ad094328abf62332652fbaf6a4cb3768"
"tests/Unit/Modules/Geography/PlaceLifecycleEventTransportContractTest.php","A ","EXPECTED_TEST_ARTIFACT","10695","61bf88d9da1d701c78fce877c58cceeb378ce3a2a08cbdf2b1339df64996dd5b"
"tests/Unit/Modules/Geography/PlaceLifecycleOrchestratorTest.php","A ","EXPECTED_TEST_ARTIFACT","14426","09cf9a62c6c22481539c3ee76074062c8a348700baead6baefcac3d75490f2f6"
"tests/Unit/Modules/Geography/PlaceLifecycleWorkflowMapperTest.php","A ","EXPECTED_TEST_ARTIFACT","4770","1cdc3328c93461941a693b8989f706643203167200c918c42e7906441a62bb6b"
"tests/Unit/Modules/Geography/PlaceLifecycleWorkflowTest.php","A ","EXPECTED_TEST_ARTIFACT","8984","ab3c4c900947e96e6f6cde88f27d783510c48cd965eddc30248bf90388db1d27"
"tests/Unit/Modules/Geography/PlaceMergeContextV1Test.php","A ","EXPECTED_TEST_ARTIFACT","8624","bffc1a1a130c71e1709881bf9135320e4f9df7b441106f3862a6cac3c3a78d03"
"tests/Unit/Modules/Geography/PlaceTest.php","A ","EXPECTED_TEST_ARTIFACT","15232","297feee18c328490b3122799e33469ecda4059b2597bef859be8ff97c0087b79"
"tests/Unit/Modules/Geography/Support/FakePlaceRegistry.php","A ","EXPECTED_TEST_ARTIFACT","1735","7bfc6d421c796cd35b05e52a67b59b9f4cb63fdd9ba156c3342fdae2ed59dd50"
"tests/Unit/Modules/Geography/ValueObjectsTest.php","A ","EXPECTED_TEST_ARTIFACT","3977","aaf4375344ae2c2d5f9ed113ef1e58ec7f4d5cc4b920e54eec8a140f7cd26662"
"tests/Unit/Modules/IdentityAccess/AccountStatusAtomicEventIntegrationTest.php","A ","EXPECTED_TEST_ARTIFACT","8051","542d5a6c32e621c75642c056a29acf253f6623616230d8239312e6b0ec73afe0"
"tests/Unit/Modules/IdentityAccess/AccountStatusDeliveryConsumptionTest.php","A ","EXPECTED_TEST_ARTIFACT","4951","b22a1f8f17fd755c16849b6d3e63f7a444e7b8bb85bc1ea874ee976d16d58525"
"tests/Unit/Modules/IdentityAccess/AccountStatusEventContractTest.php","A ","EXPECTED_TEST_ARTIFACT","4971","efccc763372b409dd9171576ca36e0a70d0f1acce759dae94718a03c67318548"
"tests/Unit/Modules/IdentityAccess/AccountStatusEventRoutingTest.php","A ","EXPECTED_TEST_ARTIFACT","4889","f023525c3902968c981a2abb394142cc57f1e553a0e5f1462a1917abef859b10"
"tests/Unit/Modules/IdentityAccess/AccountStatusEventTransportTest.php","A ","EXPECTED_TEST_ARTIFACT","4946","d7ab156aeccf6e9b0256766fa760c6e6d8a1648bc24bce96e6b94ca73f43ffe7"
"tests/Unit/Modules/IdentityAccess/AccountStatusOrchestratorTest.php","A ","EXPECTED_TEST_ARTIFACT","10012","4fba05c4398e6dcaaf44b1a87b3837a5e63adaf669b7e1f35fcfdc205a189f99"
"tests/Unit/Modules/IdentityAccess/AccountStatusRoutedDeliveryCompatibilityTest.php","A ","EXPECTED_TEST_ARTIFACT","3496","4196fc5c6d37ed2e873552d646c157703f56eef1694f055a65064adc84f6a7fd"
"tests/Unit/Modules/IdentityAccess/AccountStatusWorkflowMapperTest.php","A ","EXPECTED_TEST_ARTIFACT","2454","e34ba034d0edfafa8b4fd2aa3f04d5d48bf8a5d77d9dac982e993fd271352d92"
"tests/Unit/Modules/IdentityAccess/AccountStatusWorkflowTest.php","A ","EXPECTED_TEST_ARTIFACT","9269","58d643c9045af916b821fc61070b716a517ae76af4b1aa948c1c65a77fc39f37"
"tests/Unit/Modules/IdentityAccess/AccountTest.php","A ","EXPECTED_TEST_ARTIFACT","12583","d76e1a5f4ca21bb074f7d14eae6c2765471870cd19c931b144503ee6393460aa"
"tests/Unit/Modules/IdentityAccess/AccountTestData.php","A ","EXPECTED_TEST_ARTIFACT","1770","476706a43e5e4bfee893a359f4d925db6cfb6823afe7123ae666ae44a422380b"
"tests/Unit/Modules/IdentityAccess/HistoricalAccountPersistenceMapperTest.php","A ","EXPECTED_TEST_ARTIFACT","8827","23026fdf26cb63c66580f629221fc2d9fa808ff3e7c32c0df7b206aada1bd2b3"
"tests/Unit/Modules/IdentityAccess/IdentityAccessUseCasesTest.php","A ","EXPECTED_TEST_ARTIFACT","6763","813667c512319b044dcfb6a03b6a54b880c1e21f9ce60fb29a132fc690ad73d4"
"tests/Unit/Modules/IdentityAccess/IdentityValueObjectsTest.php","A ","EXPECTED_TEST_ARTIFACT","2989","add8544637b121d911cff3368dc8c51f4dfdbc0d105cfe550d490d98b64c0612"
"tests/Unit/Modules/IdentityAccess/Support/FakeAccountRegistry.php","A ","EXPECTED_TEST_ARTIFACT","1848","c7aeb3e13b9d8f988d2c618a8a171b805fd34d7cb456a5194efa16608b4d3330"
"tests/Unit/Modules/ListingLifecycle/ListingTest.php","A ","EXPECTED_TEST_ARTIFACT","14830","8bed0446ac2b5ce18d4c4546c9541c2ce460f9fe01edc1e5f95bbabd6629a098"
"tests/Unit/Modules/ListingLifecycle/ListingUseCasesTest.php","A ","EXPECTED_TEST_ARTIFACT","9258","910d42cf80264b9e52e62d7cca6730e23b18e2c6796cdbe46ab355d63ddb5a5f"
"tests/Unit/Modules/ListingLifecycle/ListingValueObjectsTest.php","A ","EXPECTED_TEST_ARTIFACT","2770","d4fe0b625243c5250fe0a7a94a3cc8f090f58620f3b1dcea583ac845fc80a99b"
"tests/Unit/Modules/ListingLifecycle/PublicationPipelineTest.php","A ","EXPECTED_TEST_ARTIFACT","8699","fa201bf3080ee4da350c4f5cbcc32e6476d34464eec917d423f9517aa5cd37e6"
"tests/Unit/Modules/ListingLifecycle/Support/FakeListingRegistry.php","A ","EXPECTED_TEST_ARTIFACT","2084","b2935dfc041f1c360bd5d7805fc1836471ba12cbb01bc77f11e2f4aa23a9534e"
"tests/Unit/Modules/ListingLifecycle/Support/FakeMediaCatalog.php","A ","EXPECTED_TEST_ARTIFACT","978","a5174284cb1b7bbc1e5315903728cf3d6d4ecfbea8e336d83bb9075b3de989d8"
"tests/Unit/Modules/ListingLifecycle/Support/FakePropertyCatalog.php","A ","EXPECTED_TEST_ARTIFACT","748","4d5d660080637a7447f48e3f1512f84ff7906fcebdf3c51e319803971e86d46f"
"tests/Unit/Modules/Media/MediaCollectionMapperTest.php","A ","EXPECTED_TEST_ARTIFACT","3455","1bf594633c494e03db1e81618309a237935d0c8b9d83ab42bf28e0ac4c6539e2"
"tests/Unit/Modules/Media/MediaCollectionTest.php","A ","EXPECTED_TEST_ARTIFACT","17739","f142aac0832fb45cab80991e009a0d2b66065246fcacef9ccd2205992b9beb28"
"tests/Unit/Modules/Media/MediaUseCasesTest.php","A ","EXPECTED_TEST_ARTIFACT","9138","8994186a99180dc764c6384ee225d8dd90f7c5fd3fdb32d226fc980b98c37169"
"tests/Unit/Modules/Media/MediaValueObjectsTest.php","A ","EXPECTED_TEST_ARTIFACT","1928","8bdd98947c8aca0fcad8f47f06c08e4a771ff735f3e0fa7c803170f640e8cfa5"
"tests/Unit/Modules/Media/Support/FakeMediaCollectionRegistry.php","A ","EXPECTED_TEST_ARTIFACT","2954","c0644586f7c0d42b4db5429daa5781aa757aaec43733e39431878f31f3a837b9"
"tests/Unit/Modules/Media/Support/FakePropertyCatalog.php","A ","EXPECTED_TEST_ARTIFACT","492","9e7aa8aa6c2bcaa5294c5beef20fccd7fd02194d1b42ad62a2223429b2bc29ce"
"tests/Unit/Modules/ModerationReports/ModerationCaseTest.php","A ","EXPECTED_TEST_ARTIFACT","13613","8ebe960115ddeab02e014a82607dd42ce2ad1fd8ab7fd9e0614a319bb6505aa8"
"tests/Unit/Modules/ModerationReports/ModerationUseCasesTest.php","A ","EXPECTED_TEST_ARTIFACT","9101","ccb6a037ee51c9b794138bb27905cdd518e72937d05303054a78f1e3586bb870"
"tests/Unit/Modules/ModerationReports/ModerationValueObjectsTest.php","A ","EXPECTED_TEST_ARTIFACT","1695","f3db969f6962559570442297870643cf6801404f9d8cb0b6d127e7899f481f3f"
"tests/Unit/Modules/ModerationReports/Support/FakeListingCatalog.php","A ","EXPECTED_TEST_ARTIFACT","717","fe1860dced21428419476da219689b96b116748ad6c36030d397eb71966c0ce7"
"tests/Unit/Modules/ModerationReports/Support/FakeModerationCaseRegistry.php","A ","EXPECTED_TEST_ARTIFACT","3683","a157bc98adf192b8cccd7ff4eccba66087ed1ae95f55f6af24048e031b2e4a68"
"tests/Unit/Modules/MonetizationPayments/MonetizationDomainTest.php","A ","EXPECTED_TEST_ARTIFACT","7532","2251a61bb0aebb4ddc107eef2373e816aa13bc0453e289868febf8c456105517"
"tests/Unit/Modules/MonetizationPayments/MonetizationHardeningTest.php","A ","EXPECTED_TEST_ARTIFACT","17467","ebd16d36127d5dd8ab14b579fdca1997d03403c0ec6cdccea42c07cc62550ba3"
"tests/Unit/Modules/MonetizationPayments/MonetizationTestCase.php","A ","EXPECTED_TEST_ARTIFACT","2524","9f300e5e687055630d69c03fa64a12bb80b8dfc961700075daa8f03fd2fdc20b"
"tests/Unit/Modules/MonetizationPayments/MonetizationUseCasesTest.php","A ","EXPECTED_TEST_ARTIFACT","6147","aa6e1fe38ec2b615b693ac4c48d15f74eabc326bfef57b7fb48df33bae5d4a89"
"tests/Unit/Modules/MonetizationPayments/Support/FakeOrderRegistry.php","A ","EXPECTED_TEST_ARTIFACT","2110","0748d6ab74f70a9a83ba3eea4cd8cada6eb40c74d94e06f61f2a3a5981f39280"
"tests/Unit/Modules/MonetizationPayments/Support/FakePaymentRegistry.php","A ","EXPECTED_TEST_ARTIFACT","4389","d6a959a6a0e0fef76173169d06dbfe2a0505ca4df1dfa0cb056dfe26fb1996af"
"tests/Unit/Modules/MonetizationPayments/Support/FakeProductCatalog.php","A ","EXPECTED_TEST_ARTIFACT","682","1e3e16c1c431eb6e0d9a17c9e94a492af45c48d3bf0ef1d3cf40b76c39c7b68c"
"tests/Unit/Modules/Professionals/ProfessionalTest.php","A ","EXPECTED_TEST_ARTIFACT","9857","f3b0d51eef91060f531e383b563ae4d6a7db9e69829088ca2bafdd323a8053b0"
"tests/Unit/Modules/Professionals/ProfessionalUseCasesTest.php","A ","EXPECTED_TEST_ARTIFACT","9108","774d415a4b7d89a894fd90840d06fd73a5aa780c0b30463c1cf082268e473331"
"tests/Unit/Modules/Professionals/ProfessionalValueObjectsTest.php","A ","EXPECTED_TEST_ARTIFACT","2181","b42fa3cb03076dd2f39b216eeaf20437893c7c02818dd790a0657300fa12c124"
"tests/Unit/Modules/Professionals/Support/FakeProfessionalRegistry.php","A ","EXPECTED_TEST_ARTIFACT","3410","ec51fc9ffd3a3f540437129c50f674760ac51c480d500ac2cd8977c1f0ffbaa4"
"tests/Unit/Modules/RealEstateCatalog/PropertyTest.php","A ","EXPECTED_TEST_ARTIFACT","13593","057fbf8ba2e5f3f90b8c20f3fbaffdb6739be88b9d7a598a45481bdd00eadf96"
"tests/Unit/Modules/RealEstateCatalog/PropertyUseCasesTest.php","A ","EXPECTED_TEST_ARTIFACT","9459","5ba305943d39bbb36016e192126a765e0007bacb13cd46304e8c6a9f9c2f01c9"
"tests/Unit/Modules/RealEstateCatalog/PropertyValueObjectsTest.php","A ","EXPECTED_TEST_ARTIFACT","2208","47848a6532385ab4ba65fc55155781cbf4e7fa63eb3920193db7799cf6207463"
"tests/Unit/Modules/RealEstateCatalog/Support/FakeGeographicPlaceCatalog.php","A ","EXPECTED_TEST_ARTIFACT","788","92e161439f2b3eed4b575ed66f4e8230aeffba41341be19cbbe8326cfd15639a"
"tests/Unit/Modules/RealEstateCatalog/Support/FakePropertyRegistry.php","A ","EXPECTED_TEST_ARTIFACT","2106","6b842f6a963735af3a0c5baa82c14977e86ffa4415445aa1b137f9c4a342fe14"
"tests/Unit/Modules/SearchDiscovery/SearchDomainTestCase.php","A ","EXPECTED_TEST_ARTIFACT","3249","7af986998c8d0a0da4228d7e3d0620bf61510e4cec25f7badf3660c9ef0970ec"
"tests/Unit/Modules/SearchDiscovery/SearchIndexTest.php","A ","EXPECTED_TEST_ARTIFACT","4892","ce15c18318e89cf2a8f50790c0bbded7c634cfc977f215ac1079d766465129d0"
"tests/Unit/Modules/SearchDiscovery/SearchPoliciesTest.php","A ","EXPECTED_TEST_ARTIFACT","3672","14cba5a2e1c13cfc690a5c807a62fc5dd9327051e7160980df5815f875c5f096"
"tests/Unit/Modules/SearchDiscovery/SearchUseCasesTest.php","A ","EXPECTED_TEST_ARTIFACT","8190","9a07ea7713908c001ee6a5dcc3e17de5916f4e25a16fcc1613559dc4aa242aab"
"tests/Unit/Modules/SearchDiscovery/SearchValueObjectsTest.php","A ","EXPECTED_TEST_ARTIFACT","1761","8ef6008f77d43ce758d2eab6e873593cf8eb27bece48044d501851327b6952a1"
"tests/Unit/Modules/SearchDiscovery/Support/FakeListingCatalog.php","A ","EXPECTED_TEST_ARTIFACT","691","8668a70716c18c3b4573bee32a2683750de37b0a3d5f8f1287a06343f78787f0"
"tests/Unit/Modules/SearchDiscovery/Support/FakeMediaCatalog.php","A ","EXPECTED_TEST_ARTIFACT","677","18e09cc2a1f176cbc4cbe018abe5d5e6769d6a9186717f8259912961e6c2a1b9"
"tests/Unit/Modules/SearchDiscovery/Support/FakePropertyCatalog.php","A ","EXPECTED_TEST_ARTIFACT","698","c620fc309b5a524d389597978fced6db9c843dee66956d703d3a5eaeae6aefc8"
"tests/Unit/Modules/SearchDiscovery/Support/FakeSearchIndexRegistry.php","A ","EXPECTED_TEST_ARTIFACT","2918","d66b0fd894d1d62d8c7e7b8a71de3d45b5997dde6a81096ecb1bc0ec382e2724"
"tests/Unit/MultiTargetDelivery/PagedMultiTargetPropagationStrategyTest.php","A ","EXPECTED_TEST_ARTIFACT","4756","124f8fb8a249b836a8edaa29ca8db1930f729d360c7c06d8f9e82c0274023e27"
"tests/Unit/ProfessionalMandateOwnerSource/ProfessionalMandateOwnerSourceContractTest.php","A ","EXPECTED_TEST_ARTIFACT","2810","71a7ad7ef2575aff85660520665353228bd1960e5903023b0dfd69bbec237d1a"
"tests/Unit/ProfessionalMandateResolution/OwnerProfessionalMandateResolverV1Test.php","A ","EXPECTED_TEST_ARTIFACT","2199","7827a2b80fb39d6d5bc12b5fdbd06a08be728fb31d9f109ba6ff6d9845108317"
"tests/Unit/ProfessionalMandateResolution/ProfessionalMandateResolverV1ContractTest.php","A ","EXPECTED_TEST_ARTIFACT","2066","632c4d09d41f9370f68d1e774b76b4c32d588f9b52a6468c2e97bbc6ac276a7f"
"tests/Unit/ProfessionalProfileHttp/DeterministicProfessionalProfileHttpRuntimeV1Test.php","A ","EXPECTED_TEST_ARTIFACT","3043","2a72202be5606dc220767a0e7eb13c4f01fad0df4f5faa2d5eac5dc5e984f763"
"tests/Unit/ProfessionalProfileHttp/ProfessionalHttpResponseMapperTest.php","A ","EXPECTED_TEST_ARTIFACT","2471","30f43cca8a8c0bf106ad0f4d353e70ce5d3b89f22f8fc5e8ab1da793e3439c5a"
"tests/Unit/ProfessionalProfilePersistence/ProfessionalProfilePersistenceMapperTest.php","A ","EXPECTED_TEST_ARTIFACT","3073","9fa771d6c8d9c17c422c9ff687e379b6d490ba58fd321b819d94e550d26972ab"
"tests/Unit/ProfessionalProfileRuntime/ProfessionalProfileRuntimeAvailabilityPolicyTest.php","A ","EXPECTED_TEST_ARTIFACT","1766","24590d343a23faa7dd8defc69d3118079bb61fbf3eaeb2af5683b70846798099"
"tests/Unit/ProfessionalStatusEvent/ProfessionalStatusEventContractTest.php","A ","EXPECTED_TEST_ARTIFACT","6305","d6c9c19ff508b1783df5e4d669baaf3cf3c2e0b65d0ffdf9424f39ef34109d6d"
"tests/Unit/ProfessionalStatusEventConsumption/ProfessionalStatusDeliveryConsumptionPolicyTest.php","A ","EXPECTED_TEST_ARTIFACT","2439","c3c9bda29a7d87efe76490a871e8b36f225de7a55ba2fba7f482f33634163395"
"tests/Unit/ProfessionalStatusEventIntegration/ProfessionalStatusAtomicEventOrchestratorTest.php","A ","EXPECTED_TEST_ARTIFACT","5437","7c15adf262ebe474393acfde81d0072966e3e998b2cc1ff98b1bed02391432f3"
"tests/Unit/ProfessionalStatusEventRouting/DurableProfessionalStatusEventRouterTest.php","A ","EXPECTED_TEST_ARTIFACT","5927","862505862ae5072ad37e972e1148d44515b7d70ed9529791775f8a3808677702"
"tests/Unit/ProfessionalStatusEventTransport/ProfessionalStatusEventTransportContractTest.php","A ","EXPECTED_TEST_ARTIFACT","8759","cc75c745df7adb9e8ca69ce6f28a422790081a3669404cd81a8a72b570d60f05"
"tests/Unit/ProfessionalStatusEventTransport/ProfessionalStatusOutboxCompatibilityTest.php","A ","EXPECTED_TEST_ARTIFACT","8898","4251474ff7f86b16af36e3eca4db1888a292c46e0147a1e0818ab2538da44024"
"tests/Unit/ProfessionalStatusHttpResultMapperTest.php","A ","EXPECTED_TEST_ARTIFACT","2161","0e2a10266af60fcbcd76cb2ab9bb3a7a3a2ac2c959efeb1a19137b104f7f669c"
"tests/Unit/ProfessionalStatusOrchestration/DeterministicProfessionalStatusOrchestratorTest.php","A ","EXPECTED_TEST_ARTIFACT","10316","1141e09d6e6c00e45368cc2c1608e667939242ef639c4516aa7c7dd589441f5e"
"tests/Unit/ProfessionalStatusPersistence/ProfessionalStatusWorkflowMapperTest.php","A ","EXPECTED_TEST_ARTIFACT","1721","0b87cb98416305cab7cd998c53b7ee2de7300d288cb909879fd14104dacae8a7"
"tests/Unit/ProfessionalStatusPublicRead/OwnerProfessionalPublicStatusReaderV1Test.php","A ","EXPECTED_TEST_ARTIFACT","2654","c3546835af664fb2f17faf72837830f9fcacf4d845f5f5b54738c018d53b527d"
"tests/Unit/ProfessionalStatusPublicRead/ProfessionalPublicStatusReaderV1ContractTest.php","A ","EXPECTED_TEST_ARTIFACT","1327","910e29d6682eac57f3640b41b6e04a2040a18432f239eb3d21174af3f9409295"
"tests/Unit/ProfessionalStatusTransitionContext/ProfessionalStatusTransitionContextContractTest.php","A ","EXPECTED_TEST_ARTIFACT","6667","2f09be308491fcd2989f258138532da05e1c08f4d9e628d7c3800bffce19eff8"
"tests/Unit/ProfessionalStatusWorkflow/ProfessionalStatusWorkflowTest.php","A ","EXPECTED_TEST_ARTIFACT","5422","f75704392d00b9310dd5c225e8fa741fa62b4e42c389622344d128e3a955591a"
"tests/Unit/ProjectionRebuildRuntimeSource/CertifiedPublicProjectionCandidateFactoryTest.php","A ","EXPECTED_TEST_ARTIFACT","6630","1518daeacafa5af1809189f11716dda80be3433dfb335a07b78218ecb63f459d"
"tests/Unit/ProjectionRuntimeSource/CertifiedPublicListingProjectionSourceTest.php","A ","EXPECTED_TEST_ARTIFACT","21994","48f17d5903d77d1fa72ad391992386557565340091aec0c186b15a3884c3091c"
"tests/Unit/Projections/SearchListingProjectionTest.php","A ","EXPECTED_TEST_ARTIFACT","8878","238aa771b2d3c0866c47f6e77927bda14adc29abe670d011bc692f5201348845"
"tests/Unit/Projections/SeoListingProjectionTest.php","A ","EXPECTED_TEST_ARTIFACT","9113","fe83d239b3daccde83fd39b30be8d9b1ae89ac3c4d818c069221bd2fcff3dde9"
"tests/Unit/PropertyLifecycleEventIntegration/AtomicPropertyLifecycleEventOrchestratorTest.php","A ","EXPECTED_TEST_ARTIFACT","7123","142e92cd41bbf85506d6f81c1f26c859031860474b16eba6c31475b515100b2d"
"tests/Unit/PropertyLifecycleEventRouting/DurablePropertyLifecycleEventRouterTest.php","A ","EXPECTED_TEST_ARTIFACT","4627","92a4e559a802afdb43ccea03659a3b61baae1c30cd4fc7605ddca6715665ded8"
"tests/Unit/PropertyLifecycleEventTransport/PropertyLifecycleEventTransportContractTest.php","A ","EXPECTED_TEST_ARTIFACT","10007","5cab5e4a40c8b3d96b2aab88126f951ef7c44363cef08dc4c2f37e91966b8809"
"tests/Unit/PropertyLifecycleEventTransport/PropertyLifecycleOutboxCompatibilityTest.php","A ","EXPECTED_TEST_ARTIFACT","8657","8c2f26498f3b43ada50ba7c45efd8883742d5884d1afa2e714cc1a7f05b38c93"
"tests/Unit/PropertyLifecycleWorkflow/PropertyLifecycleEventContractTest.php","A ","EXPECTED_TEST_ARTIFACT","10645","a57bd6e3d4c7800c7450c7a0194a50f3a8ed254708fca25ec9fcbe19044eefa6"
"tests/Unit/PropertyLifecycleWorkflow/PropertyLifecycleOrchestratorTest.php","A ","EXPECTED_TEST_ARTIFACT","10657","4e7e436ecc6278a141800f2bbcee7228a7e88be03800853411ebecabca71f001"
"tests/Unit/PropertyLifecycleWorkflow/PropertyLifecycleWorkflowTest.php","A ","EXPECTED_TEST_ARTIFACT","6428","654cdb60acd86d9aaebb5d5e627e7bde1425e1490ae08118fc9e0d9a86222b15"
"tests/Unit/PropertyListingResolution/PropertyListingsCheckpointTest.php","A ","EXPECTED_TEST_ARTIFACT","1304","30eaa6f056282b49b9313ca7853b6ba010e32d98ae814839201b5a3822e79515"
"tests/Unit/PropertyListingResolution/PropertyListingsPageTest.php","A ","EXPECTED_TEST_ARTIFACT","1645","e6864383cb2e8103789efe391ceb613842309e8bc90427e8bc0b63014b694873"
"tests/Unit/PublicAuthoringIntegration/DeterministicPublicAuthoringJourneyTest.php","A ","EXPECTED_TEST_ARTIFACT","2408","833b63cd6b52874aa17222617b8ba6629a2bc2e89e31237d0f76597e01cfa33f"
"tests/Unit/PublicGeographyRevision/PublicGeographyRevisionTest.php","A ","EXPECTED_TEST_ARTIFACT","5316","9d36cf0b069f646ccddd90b02cf4dd78ab75de0db0dfcc8ee2969975c5d87443"
"tests/Unit/PublicGeographySource/PublicGeographyDecisionTest.php","A ","EXPECTED_TEST_ARTIFACT","1577","de1cd89ce63622f902ac84908b959be68953572871a58560c4e170df8c9d79dc"
"tests/Unit/PublicMediaRevision/PublicMediaRevisionTest.php","A ","EXPECTED_TEST_ARTIFACT","5412","8baf12d4508974868794eea9e1bfe947ea6df510022f03e774be6aec16bb095a"
"tests/Unit/PublicMediaSource/PublicMediaDecisionTest.php","A ","EXPECTED_TEST_ARTIFACT","1636","e1fd6fd7744aaf2bd4622a075ef00eaa087759428ba836aa0f2bfd245e8dee33"
"tests/Unit/PublicProjectionOutbox/AdministrativeActionLifecycleOutboxOwnerSchemaTest.php","A ","EXPECTED_TEST_ARTIFACT","959","8d45ed38bb8dd6536732c76cfe994d8415d1142e3b20a605ad2e3b29ff5dad83"
"tests/Unit/PublicProjectionOutbox/MediaItemLifecycleOutboxOwnerSchemaTest.php","A ","EXPECTED_TEST_ARTIFACT","888","db719e12558260457ff4f2d2d00aace0b43e4a0e987b4998eedac5721c35a399"
"tests/Unit/PublicProjectionOutbox/PlaceLifecycleOutboxOwnerSchemaTest.php","A ","EXPECTED_TEST_ARTIFACT","910","ad91fcb0ed6d8c40e3870858b315100f09c59b67df7097577bfad323ff5b0446"
"tests/Unit/PublicProjectionOutbox/ReservationLifecycleOutboxOwnerSchemaTest.php","A ","EXPECTED_TEST_ARTIFACT","1688","dc37f2fa1757fa328086d341dcfbfdd81397ce039b8c2d85e764e90dc9acf8b3"
"tests/Unit/PublicProjectionRebuild/PublicProjectionRebuilderTest.php","A ","EXPECTED_TEST_ARTIFACT","7146","a62d429a7a0c6599adb757053cebbf94cd072ae62d490cb41dfe806d3797cbe0"
"tests/Unit/PublicProjectionSourceLookup/CertifiedPublicProjectionSourceLookupTest.php","A ","EXPECTED_TEST_ARTIFACT","15384","f64b1ac93a00c7cf9196f680dfda52863714052a9ac4ab88611c78186580b0bd"
"tests/Unit/PublicProjectionStore/PublicProjectionWatermarkTest.php","A ","EXPECTED_TEST_ARTIFACT","3165","c628ba26774771fdd94270f658793e6c01e619433f0c6b74c14fcc00b85422e4"
"tests/Unit/PublicProjectionUpdater/PublicListingProjectionUpdaterTest.php","A ","EXPECTED_TEST_ARTIFACT","14624","6d4e0dae320329ddd480894d7cf90eacdea807dde0d3ad017b1417326a61c3d8"
"tests/Unit/PublicProjectionWorker/SystemPublicProjectionDeliveryClockTest.php","A ","EXPECTED_TEST_ARTIFACT","631","50ef5c3925bc8eb3fce6c5a2be928e29bd61b75ee772bbfc3c2e5c330a17f79c"
"tests/Unit/ReadModels/PublicListingReadModelTest.php","A ","EXPECTED_TEST_ARTIFACT","8976","5f8adb008c05434fad3a6da94c7b2f355f78c201ab094c24080faf94d79caacb"
"tests/Unit/ReservationLifecycleEventIntegration/ReservationLifecycleAtomicEventRequestTest.php","A ","EXPECTED_TEST_ARTIFACT","1631","a2cbf36b4cc6d10c7e1076781488e01a3da7e56f59d0cc70abd237db826219f4"
"tests/Unit/ReservationLifecycleEventRouting/DeterministicReservationLifecycleEventRouterTest.php","A ","EXPECTED_TEST_ARTIFACT","5273","6876b70f3cfbf2b1b51ff8c67c2c4ac7d5ec303b3e4ee9a67bbdbf409e463d49"
"tests/Unit/ReservationLifecycleEventTransport/ReservationLifecycleDeliveryConsumerTest.php","A ","EXPECTED_TEST_ARTIFACT","6549","2667afc3ef1f0435d01e8c80c68bc4334e49f4562c3cdb53c64ff63175eb9f54"
"tests/Unit/ReservationLifecycleEventTransport/ReservationLifecycleDeliveryConsumptionPolicyTest.php","A ","EXPECTED_TEST_ARTIFACT","2264","0b7e8653e67e8ec7c5190e26231c9a915f55a7cc901206ac7a5e75cbf4bf1aff"
"tests/Unit/ReservationLifecycleEventTransport/ReservationLifecycleEventTransportContractTest.php","A ","EXPECTED_TEST_ARTIFACT","11429","da4257d9ea91f73bfb6bb9560412f0de1b2c9a26468632ddf33359ec0fcbceeb"
"tests/Unit/ReservationLifecycleEventTransport/ReservationLifecycleOutboxCompatibilityTest.php","A ","EXPECTED_TEST_ARTIFACT","3730","b763f3f2c1f08a3172011f0706c47d4534c587fb75575434939fc28a9c903444"
"tests/Unit/ReservationLifecycleWorkflow/ReservationLifecycleEventContractTest.php","A ","EXPECTED_TEST_ARTIFACT","11214","3aa7b3962f36fea0204d3e321799e350fe4b5e28e8bdf0818f7e141b78ae94ae"
"tests/Unit/ReservationLifecycleWorkflow/ReservationLifecycleOrchestratorTest.php","A ","EXPECTED_TEST_ARTIFACT","10123","3bbe039d5f3958932074885f54d4e237398b7f6484f1a33ce7c8a7a31a1a287d"
"tests/Unit/ReservationLifecycleWorkflow/ReservationLifecycleWorkflowTest.php","A ","EXPECTED_TEST_ARTIFACT","6597","d46c8419472b98191a35bb7cd3f663a6044a4f2be94b5cdc5823b306dad05d04"
"tests/Unit/RuntimeHealth/DeterministicRuntimeHealthInspectorTest.php","A ","EXPECTED_TEST_ARTIFACT","5286","d1bb8470482361a46755b4654d6145ffe1cc58a3b6682a9bea295a8375c19fd7"
"tools/temporary/.gitkeep","  ","HISTORICAL_TRACKED_BASELINE","1","01ba4719c80b6fe911b091a7c05124b64eeece964e09c058ef8f9805daca546b"
"vite.config.js","  ","HISTORICAL_TRACKED_BASELINE","632","f413e14379e2db8b200c63a6326b925f6d47cc0df458c77bfe188cfc23e8081f"
